key	eco	name_fr	name_en
Na3	A00	Attaque Sodium	Sodium Attack
Nc3	A00	Ouverture Van Geet	Van Geet Opening
Nf3	A04	Ouverture Zukertort	Zukertort Opening
Nh3	A00	Ouverture Amar	Amar Opening
a3	A00	Ouverture Anderssen	Anderssen's Opening
a4	A00	Ouverture Ware	Ware Opening
b3	A01	Attaque Nimzo-Larsen	Nimzo-Larsen Attack
b4	A00	Ouverture polonaise (Orang-outan)	Polish Opening
c3	A00	Ouverture Saragosse	Saragossa Opening
c4	A10	Ouverture anglaise	English Opening
d3	A00	Ouverture Mieses	Mieses Opening
d4	A40	Partie du pion dame	Queen's Pawn Game
e3	A00	Ouverture Van't Kruijs	Van't Kruijs Opening
e4	B00	Partie du pion roi	King's Pawn Game
f3	A00	Ouverture Barnes	Barnes Opening
f4	A02	Ouverture de l'oiseau (Bird)	Bird Opening
g3	A00	Ouverture hongroise	Hungarian Opening
g4	A00	Ouverture Grob	Grob Opening
h3	A00	Ouverture Clemenz	Clemenz Opening
h4	A00	Ouverture Kádas	Kádas Opening
Nc3 b5	A00	Ouverture Van Geet : Gambit Laroche	Van Geet Opening: Laroche Gambit
Nc3 e5	A00	Ouverture Van Geet : inversée Nimzowitsch	Van Geet Opening: Reversed Nimzowitsch
Nf3 Nc6	A04	Ouverture Zukertort : Défense Black Mustang	Zukertort Opening: Black Mustang Defense
Nf3 Nf6	A05	Ouverture Zukertort	Zukertort Opening
Nf3 a5	A04	Ouverture Zukertort : Défense Ware	Zukertort Opening: Ware Defense
Nf3 a6	A04	Ouverture Zukertort : Défense St. George	Zukertort Opening: St. George Defense
Nf3 b5	A04	Ouverture Zukertort : Défense polonaise	Zukertort Opening: Polish Defense
Nf3 b6	A04	Ouverture Zukertort : Variante aile dame fianchetto	Zukertort Opening: Queenside Fianchetto Variation
Nf3 c5	A04	Ouverture Zukertort : Sicilian Invitation	Zukertort Opening: Sicilian Invitation
Nf3 c6	A04	Ouverture Zukertort : Slav Invitation	Zukertort Opening: Slav Invitation
Nf3 d5	A06	Ouverture Zukertort	Zukertort Opening
Nf3 d6	A04	Ouverture Zukertort : Pirc Invitation	Zukertort Opening: Pirc Invitation
Nf3 e5	A04	Ouverture Zukertort : Gambit Ross	Zukertort Opening: Ross Gambit
Nf3 e6	A04	Ouverture Zukertort : Queen's gambit Invitation	Zukertort Opening: Queen's Gambit Invitation
Nf3 f5	A04	Ouverture Zukertort : Variante hollandaise	Zukertort Opening: Dutch Variation
Nf3 f6	A04	Ouverture Zukertort : Défense Arctic	Zukertort Opening: Arctic Defense
Nf3 g5	A04	Ouverture Zukertort : Gambit Herrstrom	Zukertort Opening: Herrstrom Gambit
Nf3 g6	A04	Ouverture Zukertort : aile roi fianchetto	Zukertort Opening: Kingside Fianchetto
Nf3 h6	A04	Ouverture Zukertort : Défense Basman	Zukertort Opening: Basman Defense
a4 a5	A00	Ouverture Ware : Variante symétrique	Ware Opening: Symmetric Variation
b3 Nf6	A01	Attaque Nimzo-Larsen : Variante indienne	Nimzo-Larsen Attack: Indian Variation
b3 b5	A01	Attaque Nimzo-Larsen : Variante polonaise	Nimzo-Larsen Attack: Polish Variation
b3 b6	A01	Attaque Nimzo-Larsen : Variante symétrique	Nimzo-Larsen Attack: Symmetrical Variation
b3 c5	A01	Attaque Nimzo-Larsen : Variante anglaise	Nimzo-Larsen Attack: English Variation
b3 d5	A01	Attaque Nimzo-Larsen : Variante classique	Nimzo-Larsen Attack: Classical Variation
b3 e5	A01	Attaque Nimzo-Larsen : Variante moderne	Nimzo-Larsen Attack: Modern Variation
b3 f5	A01	Attaque Nimzo-Larsen : Variante hollandaise	Nimzo-Larsen Attack: Dutch Variation
b4 Nc6	A00	Ouverture polonaise (Orang-outan) : Variante Grigorian	Polish Opening: Grigorian Variation
b4 Nh6	A00	Ouverture polonaise (Orang-outan) : Variante Karniewski	Polish Opening: Karniewski Variation
b4 b5	A00	Ouverture polonaise (Orang-outan) : Variante symétrique	Polish Opening: Symmetrical Variation
b4 c5	A00	Ouverture polonaise (Orang-outan) : Gambit Birmingham	Polish Opening: Birmingham Gambit
b4 c6	A00	Ouverture polonaise (Orang-outan) : Variante Outflank	Polish Opening: Outflank Variation
b4 d5	A00	Ouverture polonaise (Orang-outan), avec d5	Polish Opening, with d5
b4 f5	A00	Ouverture polonaise (Orang-outan) : Défense hollandaise	Polish Opening: Dutch Defense
c4 Nc6	A10	Ouverture anglaise : Variante Anglo-Lithuanian	English Opening: Anglo-Lithuanian Variation
c4 Nf6	A15	Ouverture anglaise : Défense Anglo-indienne	English Opening: Anglo-Indian Defense
c4 b5	A10	Ouverture anglaise : Gambit Jaenisch	English Opening: Jaenisch Gambit
c4 c5	A30	Ouverture anglaise : Variante symétrique	English Opening: Symmetrical Variation
c4 c6	A11	Ouverture anglaise : Système Caro-Kann Defensive	English Opening: Caro-Kann Defensive System
c4 d5	A10	Ouverture anglaise : Défense Anglo-scandinave	English Opening: Anglo-Scandinavian Defense
c4 e5	A20	Ouverture anglaise : Variante King's anglaise	English Opening: King's English Variation
c4 e6	A13	Ouverture anglaise : Défense Agincourt	English Opening: Agincourt Defense
c4 f5	A10	Ouverture anglaise : Défense Anglo-hollandaise	English Opening: Anglo-Dutch Defense
c4 g5	A10	Ouverture anglaise : Défense Myers	English Opening: Myers Defense
c4 g6	A10	Ouverture anglaise : Variante Great Snake	English Opening: Great Snake Variation
d3 e5	A00	Ouverture Mieses : inversée Rat	Mieses Opening: Reversed Rat
d4 Na6	A40	Défense australienne	Australian Defense
d4 Nc6	A40	Défense Mikenas	Mikenas Defense
d4 Nf6	A45	Défense indienne	Indian Defense
d4 b5	A40	Défense polonaise	Polish Defense
d4 b6	A40	Défense anglaise	English Defense
d4 c5	A43	Défense Benoni : ancienne Benoni	Benoni Defense: Old Benoni
d4 d5	D00	Partie du pion dame	Queen's Pawn Game
d4 d6	A41	Partie du pion dame	Queen's Pawn Game
d4 e5	A40	Gambit Englund	Englund Gambit
d4 e6	A40	Défense Horwitz	Horwitz Defense
d4 f5	A80	Défense hollandaise	Dutch Defense
d4 g5	A40	Défense Borg : Gambit Borg	Borg Defense: Borg Gambit
d4 g6	A40	Partie du pion dame : Défense moderne	Queen's Pawn Game: Modern Defense
e4 Na6	B00	Défense Lemming	Lemming Defense
e4 Nc6	B00	Défense Nimzowitsch	Nimzowitsch Defense
e4 Nf6	B02	Défense Alekhine	Alekhine Defense
e4 Nh6	B00	Défense hippopotame	Hippopotamus Defense
e4 a5	B00	Défense Ware	Ware Defense
e4 a6	B00	Défense Saint-Georges	St. George Defense
e4 b6	B00	Défense Owen	Owen Defense
e4 c5	B20	Défense sicilienne	Sicilian Defense
e4 c6	B10	Défense Caro-Kann	Caro-Kann Defense
e4 d5	B01	Défense scandinave	Scandinavian Defense
e4 d6	B00	Défense Pirc	Pirc Defense
e4 e5	C20	Partie du pion roi	King's Pawn Game
e4 e6	C00	Défense française	French Defense
e4 f5	B00	Gambit Duras	Duras Gambit
e4 f6	B00	Défense Barnes	Barnes Defense
e4 g5	B00	Défense Borg	Borg Defense
e4 g6	B06	Défense moderne	Modern Defense
e4 h5	B00	Défense Goldsmith	Goldsmith Defense
e4 h6	B00	Défense Carr	Carr Defense
f4 Nh6	A02	Ouverture de l'oiseau (Bird) : Défense Horsefly	Bird Opening: Horsefly Defense
f4 b5	A02	Ouverture de l'oiseau (Bird) : Défense Myers	Bird Opening: Myers Defense
f4 d5	A03	Ouverture de l'oiseau (Bird) : Variante hollandaise	Bird Opening: Dutch Variation
f4 e5	A02	Ouverture de l'oiseau (Bird) : Gambit From's	Bird Opening: From's Gambit
f4 g5	A02	Ouverture de l'oiseau (Bird) : Gambit Hobbs	Bird Opening: Hobbs Gambit
g3 Nf6	A00	Ouverture hongroise : Défense indienne	Hungarian Opening: Indian Defense
g3 c5	A00	Ouverture hongroise : Sicilian Invitation	Hungarian Opening: Sicilian Invitation
g3 f5	A00	Ouverture hongroise : Défense hollandaise	Hungarian Opening: Dutch Defense
g3 g5	A00	Ouverture hongroise : Défense Myers	Hungarian Opening: Myers Defense
g3 g6	A00	Ouverture hongroise : Variante symétrique	Hungarian Opening: Symmetrical Variation
g3 h5	A00	Spéciale simultanée Lasker	Lasker Simul Special
g4 f5	A00	Ouverture Grob : Gambit Alessi	Grob Opening: Alessi Gambit
g4 g5	A00	Ouverture Grob : Double Grob	Grob Opening: Double Grob
h4 a5	A00	Ouverture Kádas : Variante Koola-Koola	Kádas Opening: Koola-Koola Variation
h4 g5	A00	Ouverture Kádas : Gambit Schneider	Kádas Opening: Schneider Gambit
Na3 g6 g4	A00	Attaque Sodium : Variante Chenoboskion	Sodium Attack: Chenoboskion Variation
Nc3 Nf6 g4	A00	Ouverture Van Geet : Gambit Tübingen	Van Geet Opening: Tübingen Gambit
Nc3 c5 Rb1	A00	Ouverture Van Geet : Attaque Twyble	Van Geet Opening: Twyble Attack
Nc3 c5 b4	A00	Ouverture Van Geet : Gambit Düsseldorf	Van Geet Opening: Düsseldorf Gambit
Nc3 g6 h4	A00	Ouverture Van Geet : Attaque Myers	Van Geet Opening: Myers Attack
Nf3 Nf6 b3	A05	Ouverture Zukertort : Variante Nimzo-Larsen	Zukertort Opening: Nimzo-Larsen Variation
Nf3 Nf6 e3	A05	Ouverture Zukertort : Système calme	Zukertort Opening: Quiet System
Nf3 Nf6 e4	A05	Ouverture Zukertort : Gambit Lemberger	Zukertort Opening: Lemberger Gambit
Nf3 d5 Nc3	A06	Ouverture Zukertort : Défense inversée Mexican	Zukertort Opening: Reversed Mexican Defense
Nf3 d5 Rg1	A06	Ouverture Zukertort : Variante Ampel	Zukertort Opening: Ampel Variation
Nf3 d5 a4	A06	Ouverture Zukertort : The Potato	Zukertort Opening: The Potato
Nf3 d5 b3	A06	Attaque Nimzo-Larsen : Variante classique	Nimzo-Larsen Attack: Classical Variation
Nf3 d5 c4	A09	Ouverture Réti	Réti Opening
Nf3 d5 d3	A06	Ouverture Zukertort : Attaque ancienne indienne	Zukertort Opening: Old Indian Attack
Nf3 d5 g3	A07	Attaque indienne du roi	King's Indian Attack
Nf3 f5 e4	A04	Ouverture Zukertort : Gambit Lisitsyn	Zukertort Opening: Lisitsyn Gambit
a3 a5 b4	A00	Ouverture Anderssen : Gambit polonaise	Anderssen's Opening: Polish Gambit
a3 e5 Nc3	A00	Ouverture Van Geet : Variante Battambang	Van Geet Opening: Battambang Variation
a4 e5 Ra3	A00	Ouverture Ware : Meadow Hay Trap	Ware Opening: Meadow Hay Trap
a4 e5 h4	A00	Ouverture Ware : Variante Crab	Ware Opening: Crab Variation
b3 d5 Ba3	A01	Attaque Nimzo-Larsen : Attaque Graz	Nimzo-Larsen Attack: Graz Attack
b4 d5 Nf3	A06	Ouverture Zukertort : Santasiere's Folly	Zukertort Opening: Santasiere's Folly
b4 e5 a3	A00	Ouverture polonaise (Orang-outan) : Attaque Bugayev	Polish Opening: Bugayev Attack
c4 Nf6 Nc3	A16	Ouverture anglaise : Défense Anglo-indienne, Variante Queen's cavalier	English Opening: Anglo-Indian Defense, Queen's Knight Variation
c4 Nf6 Nf3	A15	Ouverture anglaise : Défense Anglo-indienne, Variante King's cavalier	English Opening: Anglo-Indian Defense, King's Knight Variation
c4 Nf6 b4	A15	Anglaise Orang-outan	English Orangutan
c4 Nf6 e4	A10	Ouverture anglaise : Gambit Achilles-Omega	English Opening: Achilles-Omega Gambit
c4 c5 Nc3	A34	Ouverture anglaise : Variante symétrique, Variante Normal	English Opening: Symmetrical Variation, Normal Variation
c4 c5 Nf3	A30	Ouverture anglaise : Variante symétrique	English Opening: Symmetrical Variation
c4 c5 b4	A30	Ouverture anglaise : Gambit aile	English Opening: Wing Gambit
c4 e5 Nc3	A21	Ouverture anglaise : Variante King's anglaise, inversée Sicilian	English Opening: King's English Variation, Reversed Sicilian
c4 e5 Nf3	A20	Ouverture anglaise : Variante King's anglaise, Variante Nimzowitsch	English Opening: King's English Variation, Nimzowitsch Variation
c4 e6 Nf3	A13	Ouverture anglaise : Défense Agincourt	English Opening: Agincourt Defense
c4 f5 e4	A10	Ouverture anglaise : Défense Anglo-hollandaise, Gambit Hickmann	English Opening: Anglo-Dutch Defense, Hickmann Gambit
c4 f5 g4	A10	Ouverture anglaise : Gambit Wade	English Opening: Wade Gambit
d3 e5 Nd2	A00	Ouverture Valence	Valencia Opening
d3 g6 g4	A00	Ouverture Mieses : Attaque Myers Spike	Mieses Opening: Myers Spike Attack
d4 Nf6 Bf4	A45	Défense indienne : Système Accelerated London	Indian Defense: Accelerated London System
d4 Nf6 Bg5	A45	Attaque Trompowsky	Trompowsky Attack
d4 Nf6 Nf3	A46	Défense indienne : Variante cavaliers	Indian Defense: Knights Variation
d4 Nf6 b3	A45	Ouverture basque	Basque Opening
d4 Nf6 c4	A50	Défense indienne : Variante Normal	Indian Defense: Normal Variation
d4 Nf6 d5	A45	Défense indienne : Variante Pawn Push	Indian Defense: Pawn Push Variation
d4 Nf6 e4	A45	Défense indienne : Gambit Omega	Indian Defense: Omega Gambit
d4 Nf6 f3	A45	Attaque Paleface	Paleface Attack
d4 Nf6 f4	A45	Ouverture Canard	Canard Opening
d4 Nf6 g3	A45	Défense indienne : Attaque Tartakower	Indian Defense: Tartakower Attack
d4 Nf6 g4	A45	Défense indienne : Gambit Gibbins-Weidenhagen	Indian Defense: Gibbins-Weidenhagen Gambit
d4 c5 b4	A43	Défense Benoni : Gambit Zilbermints-Benoni	Benoni Defense: Zilbermints-Benoni Gambit
d4 c5 d5	A43	Défense Benoni : ancienne Benoni	Benoni Defense: Old Benoni
d4 c5 dxc5	A43	Défense Benoni : Benoni gambit accepté	Benoni Defense: Benoni Gambit Accepted
d4 d5 Bf4	D00	Partie du pion dame : Système Accelerated London	Queen's Pawn Game: Accelerated London System
d4 d5 Bg5	D00	Partie du pion dame : Attaque Levitsky	Queen's Pawn Game: Levitsky Attack
d4 d5 Nc3	D00	Partie du pion dame : Variante Chigorin	Queen's Pawn Game: Chigorin Variation
d4 d5 Nf3	D02	Partie du pion dame : Variante Zukertort	Queen's Pawn Game: Zukertort Variation
d4 d5 Qd3	D00	Attaque Amazone	Amazon Attack
d4 d5 c4	D06	Gambit dame	Queen's Gambit
d4 d5 e3	D00	Partie du pion dame	Queen's Pawn Game
d4 d5 e4	D00	Gambit Blackmar-Diemer	Blackmar-Diemer Gambit
d4 d5 f4	D00	Partie du pion dame : Attaque Mason	Queen's Pawn Game: Mason Attack
d4 d5 g4	D00	Partie du pion dame : Gambit Zurich	Queen's Pawn Game: Zurich Gambit
d4 d6 c4	A41	Ancienne défense indienne	Old Indian Defense
d4 e5 Nf3	A40	Gambit Englund refusé : inversée Alekhine	Englund Gambit Declined: Reversed Alekhine
d4 e5 d5	A40	Gambit Englund refusé	Englund Gambit Declined
d4 e5 e3	A40	Gambit Englund refusé : inversée française	Englund Gambit Declined: Reversed French
d4 f5 Bg5	A80	Défense hollandaise : Attaque Hopton	Dutch Defense: Hopton Attack
d4 f5 Nc3	A80	Défense hollandaise : Variante Raphael	Dutch Defense: Raphael Variation
d4 f5 Qd3	A80	Défense hollandaise : Variante Alapin	Dutch Defense: Alapin Variation
d4 f5 c4	A84	Défense hollandaise	Dutch Defense
d4 f5 e4	A82	Défense hollandaise : Gambit Staunton	Dutch Defense: Staunton Gambit
d4 f5 g3	A81	Défense hollandaise : Attaque fianchetto	Dutch Defense: Fianchetto Attack
d4 f5 g4	A80	Défense hollandaise : Gambit Krejcik	Dutch Defense: Krejcik Gambit
d4 f5 h3	A80	Défense hollandaise : Attaque Korchnoi	Dutch Defense: Korchnoi Attack
e4 Nc6 Bb5	B00	Défense Nimzowitsch : Variante Pseudo-espagnole	Nimzowitsch Defense: Pseudo-Spanish Variation
e4 Nc6 Nf3	B00	Défense Nimzowitsch : Variante refusé	Nimzowitsch Defense: Declined Variation
e4 Nc6 b4	B00	Défense Nimzowitsch : Gambit Wheeler	Nimzowitsch Defense: Wheeler Gambit
e4 Nc6 d4	B00	Défense Nimzowitsch	Nimzowitsch Defense
e4 Nf6 Bc4	B02	Défense Alekhine : Variante Krejcik	Alekhine Defense: Krejcik Variation
e4 Nf6 d3	B02	Défense Alekhine : Variante Maróczy	Alekhine Defense: Maróczy Variation
e4 c5 Bc4	B20	Défense sicilienne : Attaque Bowdler	Sicilian Defense: Bowdler Attack
e4 c5 Ke2	B20	Défense sicilienne : King David's ouverture	Sicilian Defense: King David's Opening
e4 c5 Na3	B20	Défense sicilienne : Variante Kronberger	Sicilian Defense: Kronberger Variation
e4 c5 Nc3	B23	Défense sicilienne : Closed	Sicilian Defense: Closed
e4 c5 Ne2	B20	Défense sicilienne : Variante Keres	Sicilian Defense: Keres Variation
e4 c5 Nf3	B27	Défense sicilienne	Sicilian Defense
e4 c5 Nh3	B20	Défense sicilienne : Variante Brick	Sicilian Defense: Brick Variation
e4 c5 Qg4	B20	Défense sicilienne : Attaque Amazon	Sicilian Defense: Amazon Attack
e4 c5 a3	B20	Défense sicilienne : Variante Mengarini	Sicilian Defense: Mengarini Variation
e4 c5 a4	B20	Défense sicilienne : Attaque Myers, avec a4	Sicilian Defense: Myers Attack, with a4
e4 c5 b3	B20	Défense sicilienne : Attaque Czerniak	Sicilian Defense: Czerniak Attack
e4 c5 b4	B20	Défense sicilienne : Gambit aile	Sicilian Defense: Wing Gambit
e4 c5 c3	B22	Défense sicilienne : Variante Alapin	Sicilian Defense: Alapin Variation
e4 c5 c4	B20	Défense sicilienne : Variante Staunton-Cochrane	Sicilian Defense: Staunton-Cochrane Variation
e4 c5 d4	B21	Défense sicilienne : Gambit Smith-Morra	Sicilian Defense: Smith-Morra Gambit
e4 c5 f4	B21	Défense sicilienne : Attaque McDonnell	Sicilian Defense: McDonnell Attack
e4 c5 g3	B20	Défense sicilienne : Attaque Lasker-Dunne	Sicilian Defense: Lasker-Dunne Attack
e4 c5 g4	B20	Défense sicilienne : Variante Grob	Sicilian Defense: Grob Variation
e4 c5 h4	B20	Défense sicilienne : Attaque Myers, avec h4	Sicilian Defense: Myers Attack, with h4
e4 c6 Bc4	B10	Défense Caro-Kann : Attaque Hillbilly	Caro-Kann Defense: Hillbilly Attack
e4 c6 Nc3	B10	Défense Caro-Kann	Caro-Kann Defense
e4 c6 b3	B10	Défense Caro-Kann : Attaque Euwe	Caro-Kann Defense: Euwe Attack
e4 c6 b4	B10	Défense Caro-Kann : Attaque Labahn	Caro-Kann Defense: Labahn Attack
e4 c6 c4	B10	Défense Caro-Kann : Attaque Accelerated Panov	Caro-Kann Defense: Accelerated Panov Attack
e4 c6 d3	B10	Défense Caro-Kann : Variante Breyer	Caro-Kann Defense: Breyer Variation
e4 c6 d4	B12	Défense Caro-Kann	Caro-Kann Defense
e4 c6 g4	B10	Défense Caro-Kann : Variante Spike	Caro-Kann Defense: Spike Variation
e4 d5 Nf3	A06	Ouverture Zukertort : Gambit Tennison	Zukertort Opening: Tennison Gambit
e4 d5 b3	B01	Défense scandinave	Scandinavian Defense
e4 d5 b4	B01	Défense scandinave : Gambit Zilbermints	Scandinavian Defense: Zilbermints Gambit
e4 d6 d4	B00	Défense Pirc	Pirc Defense
e4 d6 f4	B00	Défense Rat : Harmonist	Rat Defense: Harmonist
e4 d6 g4	B00	Défense Rat : Attaque Spike	Rat Defense: Spike Attack
e4 d6 h4	B00	Défense Rat : Attaque Petruccioli	Rat Defense: Petruccioli Attack
e4 e5 Bb5	C20	Ouverture portugaise	Portuguese Opening
e4 e5 Bc4	C23	Ouverture du fou	Bishop's Opening
e4 e5 Bd3	C20	Partie du pion roi : Tortoise ouverture	King's Pawn Game: Tortoise Opening
e4 e5 Ke2	C20	Attaque Bongcloud	Bongcloud Attack
e4 e5 Nc3	C25	Partie viennoise	Vienna Game
e4 e5 Ne2	C20	Partie du pion roi : Alapin ouverture	King's Pawn Game: Alapin Opening
e4 e5 Nf3	C40	Ouverture du cavalier-roi	King's Knight Opening
e4 e5 Qf3	C20	Partie du pion roi : Attaque Napoleon	King's Pawn Game: Napoleon Attack
e4 e5 Qh5	C20	Partie du pion roi : Attaque Wayward Queen	King's Pawn Game: Wayward Queen Attack
e4 e5 a3	C20	Partie du pion roi : Mengarini's ouverture	King's Pawn Game: Mengarini's Opening
e4 e5 b3	C20	Ouverture du pion roi	King's Pawn Opening
e4 e5 c3	C20	Partie du pion roi : Attaque MacLeod	King's Pawn Game: MacLeod Attack
e4 e5 c4	C20	Ouverture anglaise : The Whale	English Opening: The Whale
e4 e5 d3	C20	Partie du pion roi : Variante Leonardis	King's Pawn Game: Leonardis Variation
e4 e5 d4	C20	Partie du centre	Center Game
e4 e5 f3	C20	Partie du pion roi : King's Head ouverture	King's Pawn Game: King's Head Opening
e4 e5 f4	C30	Gambit du roi	King's Gambit
e4 e6 Bb5	C00	Défense française : Bird Invitation	French Defense: Bird Invitation
e4 e6 Nc3	C00	Défense française : Queen's cavalier	French Defense: Queen's Knight
e4 e6 Nf3	C00	Défense française : Variante cavalier	French Defense: Knight Variation
e4 e6 Qe2	C00	Défense française : Variante Chigorin	French Defense: Chigorin Variation
e4 e6 b3	C00	Défense française : Attaque Horwitz	French Defense: Horwitz Attack
e4 e6 b4	C00	Défense française : Gambit Banzai-Leong	French Defense: Banzai-Leong Gambit
e4 e6 c4	C00	Défense française : Variante Steiner	French Defense: Steiner Variation
e4 e6 d3	C00	Défense française : Attaque King's indienne	French Defense: King's Indian Attack
e4 e6 d4	C00	Défense française : Variante Normal	French Defense: Normal Variation
e4 e6 e5	C00	Défense française : Attaque Steinitz	French Defense: Steinitz Attack
e4 e6 f4	C00	Défense française : Variante La Bourdonnais	French Defense: La Bourdonnais Variation
e4 e6 g3	C00	Défense française : Attaque Réti-Spielmann	French Defense: Réti-Spielmann Attack
f3 e5 Kf2	A00	Ouverture Barnes : Hammerschlag	Barnes Opening: Hammerschlag
f4 Nf6 c4	A02	Ouverture de l'oiseau (Bird) : Mujannah	Bird Opening: Mujannah
f4 d5 c4	A03	Ouverture de l'oiseau (Bird) : Gambit Sturm	Bird Opening: Sturm Gambit
f4 d5 e4	A03	Ouverture de l'oiseau (Bird) : Gambit Williams	Bird Opening: Williams Gambit
f4 d5 g4	A03	Ouverture de l'oiseau (Bird) : Variante hollandaise, Gambit Dudweiler	Bird Opening: Dutch Variation, Dudweiler Gambit
f4 e5 Nc3	A02	Ouverture de l'oiseau (Bird) : Gambit From's, Gambit Bahr	Bird Opening: From's Gambit, Bahr Gambit
f4 f5 e4	A02	Ouverture de l'oiseau (Bird) : Gambit Wagner-Zwitersch	Bird Opening: Wagner-Zwitersch Gambit
g3 e5 Nf3	A00	Ouverture hongroise : inversée Alekhine	Hungarian Opening: Reversed Alekhine
g4 d5 Bg2	A00	Ouverture Grob : Gambit Grob	Grob Opening: Grob Gambit
g4 g5 f4	A00	Ouverture Grob : Double Grob, Gambit Coca-Cola	Grob Opening: Double Grob, Coca-Cola Gambit
h3 e5 a3	A00	Ouverture Global	Global Opening
h3 h5 g4	A00	Ouverture Clemenz : Gambit Spike Lee	Clemenz Opening: Spike Lee Gambit
h4 c5 b4	A00	Ouverture Kádas : Gambit Kádas	Kádas Opening: Kádas Gambit
h4 d5 Rh3	A00	Ouverture Kádas : Beginner's Trap	Kádas Opening: Beginner's Trap
Nc3 d5 f4 e5	A00	Ouverture Van Geet : Gambit Damhaug	Van Geet Opening: Damhaug Gambit
Nc3 d5 f4 g5	A00	Ouverture Van Geet : Gambit Warsteiner	Van Geet Opening: Warsteiner Gambit
Nc3 e5 Nf3 Bc5	A00	Ouverture Van Geet : Gambit Billockus-Johansen	Van Geet Opening: Billockus-Johansen Gambit
Nf3 Na6 e4 Nh6	A04	Ouverture Zukertort : Variante Drunken Cavalry	Zukertort Opening: Drunken Cavalry Variation
Nf3 Na6 e4 c5	A04	Défense Zukertort : Variante Sicilian cavalier	Zukertort Defense: Sicilian Knight Variation
Nf3 Nf6 Nc3 Nc6	A05	Ouverture Zukertort	Zukertort Opening
Nf3 Nf6 g3 b5	A05	Attaque indienne du roi : Variante Spassky	King's Indian Attack: Spassky Variation
Nf3 Nf6 g3 d5	A05	Attaque indienne du roi	King's Indian Attack
Nf3 Nf6 g3 g6	A05	Attaque indienne du roi : Défense symétrique	King's Indian Attack: Symmetrical Defense
Nf3 Nh6 d4 g6	A04	Défense Zukertort : Variante aile roi	Zukertort Defense: Kingside Variation
Nf3 d5 c4 b5	A09	Ouverture Réti : Gambit Zilbermints	Réti Opening: Zilbermints Gambit
Nf3 d5 c4 d4	A09	Ouverture Réti : Variante avancée	Réti Opening: Advance Variation
Nf3 d5 c4 dxc4	A09	Ouverture Réti : Réti accepté	Réti Opening: Réti Accepted
Nf3 d5 d4 Bg4	D02	Partie du pion dame : Anti-Torre	Queen's Pawn Game: Anti-Torre
Nf3 d5 g3 Bg4	A07	Attaque indienne du roi : Variante Keres	King's Indian Attack: Keres Variation
Nf3 d5 g3 c5	A07	Attaque indienne du roi : Variante Sicilian	King's Indian Attack: Sicilian Variation
Nf3 d5 g3 e5	A07	Attaque indienne du roi : Gambit Omega-Delta	King's Indian Attack: Omega-Delta Gambit
Nf3 d5 g3 g6	A07	Attaque indienne du roi : Double fianchetto	King's Indian Attack: Double Fianchetto
Nf3 d6 d4 e5	A04	Ouverture Zukertort : Gambit Vos	Zukertort Opening: Vos Gambit
Nf3 d6 e4 Bg4	A04	Ouverture Zukertort : Défense Wade	Zukertort Opening: Wade Defense
a4 b5 axb5 Bb7	A00	Ouverture Ware : Gambit aile	Ware Opening: Wing Gambit
b3 e5 Bb2 Nc6	A01	Attaque Nimzo-Larsen : Variante moderne	Nimzo-Larsen Attack: Modern Variation
b4 Nf6 Bb2 g6	A00	Ouverture polonaise (Orang-outan) : Variante King's indienne	Polish Opening: King's Indian Variation
b4 d5 Bb2 Bf5	A00	Ouverture polonaise (Orang-outan) : Défense Baltic	Polish Opening: Baltic Defense
b4 d5 Bb2 Qd6	A00	Ouverture polonaise (Orang-outan) : Défense allemande	Polish Opening: German Defense
b4 e5 Bb2 c5	A00	Ouverture polonaise (Orang-outan) : Gambit Wolferts	Polish Opening: Wolferts Gambit
b4 e5 Bb2 d6	A00	Ouverture polonaise (Orang-outan) : Défense tchèque	Polish Opening: Czech Defense
c4 Nf6 Nc3 d5	A16	Ouverture anglaise : Défense Anglo-Grünfeld	English Opening: Anglo-Grünfeld Defense
c4 Nf6 Nc3 e6	A17	Ouverture anglaise : Défense Anglo-indienne, Système Hedgehog	English Opening: Anglo-Indian Defense, Hedgehog System
c4 Nf6 Nf3 b6	A15	Ouverture anglaise : Défense Anglo-indienne, Formation Queen's indienne	English Opening: Anglo-Indian Defense, Queen's Indian Formation
c4 Nf6 Nf3 d5	A15	Ouverture anglaise : Défense Anglo-indienne, Défense scandinave	English Opening: Anglo-Indian Defense, Scandinavian Defense
c4 Nf6 Nf3 d6	A15	Ouverture anglaise : Défense Anglo-indienne, Formation ancienne indienne	English Opening: Anglo-Indian Defense, Old Indian Formation
c4 Nf6 Nf3 g6	A15	Ouverture anglaise : Défense Anglo-indienne, Formation King's indienne	English Opening: Anglo-Indian Defense, King's Indian Formation
c4 c5 Nc3 Nc6	A35	Ouverture anglaise : Variante symétrique, Variante deux cavaliers	English Opening: Symmetrical Variation, Two Knights Variation
c4 d5 cxd5 Nf6	A10	Ouverture anglaise : Défense Anglo-scandinave, Gambit Schulz	English Opening: Anglo-Scandinavian Defense, Schulz Gambit
c4 d5 cxd5 e6	A10	Ouverture anglaise : Défense Anglo-scandinave, Gambit Löhn	English Opening: Anglo-Scandinavian Defense, Löhn Gambit
c4 e5 Nc3 Bb4	A21	Ouverture anglaise : Variante King's anglaise, Contre-attaque Kramnik-Shirov	English Opening: King's English Variation, Kramnik-Shirov Counterattack
c4 e5 Nc3 Nc6	A25	Ouverture anglaise : Variante King's anglaise, inversée Closed Sicilian	English Opening: King's English Variation, Reversed Closed Sicilian
c4 e5 Nc3 Nf6	A22	Ouverture anglaise : Variante King's anglaise, Variante deux cavaliers	English Opening: King's English Variation, Two Knights Variation
c4 e5 Nf3 e4	A20	Ouverture anglaise : Variante King's anglaise, Variante Nimzowitsch-Flohr	English Opening: King's English Variation, Nimzowitsch-Flohr Variation
c4 e5 g3 h5	A20	Ouverture anglaise : Variante Drill	English Opening: Drill Variation
c4 e6 Nf3 d5	A13	Ouverture anglaise : Défense Agincourt	English Opening: Agincourt Defense
c4 g5 d4 Bg7	A10	Ouverture anglaise : Gambit Myers	English Opening: Myers Gambit
c4 g5 d4 e5	A10	Ouverture anglaise : Gambit Zilbermints	English Opening: Zilbermints Gambit
c4 g6 e4 e5	A10	Ouverture anglaise : Défense Adorjan	English Opening: Adorjan Defense
d4 Nc6 d5 Nb8	A40	Défense Montevideo	Montevideo Defense
d4 Nf6 Bg5 e6	A45	Attaque Trompowsky : Défense classique	Trompowsky Attack: Classical Defense
d4 Nf6 Nc3 c5	A45	Défense indienne : Défense inversée Chigorin	Indian Defense: Reversed Chigorin Defense
d4 Nf6 Nc3 d5	A45	Partie du pion dame : Variante Chigorin	Queen's Pawn Game: Chigorin Variation
d4 Nf6 Nc3 e5	A45	Défense indienne : Gambit Maddigan	Indian Defense: Maddigan Gambit
d4 Nf6 Nd2 e5	A45	Défense indienne : Gambit Lazard	Indian Defense: Lazard Gambit
d4 Nf6 Nf3 Ne4	A46	Défense Döry	Döry Defense
d4 Nf6 Nf3 a6	A46	Défense indienne : Variante cavaliers, Variante Alburt-Miles	Indian Defense: Knights Variation, Alburt-Miles Variation
d4 Nf6 Nf3 b5	A46	Défense indienne : Variante polonaise	Indian Defense: Polish Variation
d4 Nf6 Nf3 b6	A47	Pseudo-défense indienne de la dame	Pseudo Queen's Indian Defense
d4 Nf6 Nf3 c5	A46	Défense indienne : Spielmann-indienne	Indian Defense: Spielmann-Indian
d4 Nf6 Nf3 c6	A46	Défense indienne : tchèque-indienne	Indian Defense: Czech-Indian
d4 Nf6 Nf3 d6	A46	Défense indienne : Défense Wade-Tartakower	Indian Defense: Wade-Tartakower Defense
d4 Nf6 Nf3 g6	A48	Défense est-indienne	East Indian Defense
d4 Nf6 c4 Nc6	A50	Défense mexicaine	Mexican Defense
d4 Nf6 c4 b5	A50	Défense indienne : Gambit Pyrenees	Indian Defense: Pyrenees Gambit
d4 Nf6 c4 b6	A50	Indienne de la dame accélérée	Queen's Indian Accelerated
d4 Nf6 c4 c5	A56	Défense Benoni	Benoni Defense
d4 Nf6 c4 c6	A50	Slave indienne	Slav Indian
d4 Nf6 c4 d6	A53	Ancienne défense indienne	Old Indian Defense
d4 Nf6 c4 e5	A51	Défense indienne : Gambit Budapest	Indian Defense: Budapest Gambit
d4 Nf6 c4 g5	A50	Défense indienne : Gambit Medusa	Indian Defense: Medusa Gambit
d4 Nf6 c4 g6	E60	Défense indienne : Défense West indienne	Indian Defense: West Indian Defense
d4 Nf6 g4 Nxg4	A45	Défense indienne : Gibbins-Weidenhagen gambit accepté	Indian Defense: Gibbins-Weidenhagen Gambit Accepted
d4 Nf6 g4 e5	A45	Défense indienne : Gambit Gibbins-Weidenhagen, Défense Oshima	Indian Defense: Gibbins-Weidenhagen Gambit, Oshima Defense
d4 c5 d5 Na6	A43	Défense Benoni : Variante Snail	Benoni Defense: Snail Variation
d4 c5 d5 Nf6	A43	Défense Benoni : Défense Benoni-indienne	Benoni Defense: Benoni-Indian Defense
d4 c5 d5 d6	A43	Défense Benoni : ancienne Benoni	Benoni Defense: Old Benoni
d4 c5 d5 e5	A44	Défense Benoni : ancienne Benoni	Benoni Defense: Old Benoni
d4 c5 d5 f5	A43	Défense Benoni : ancienne Benoni, Formation Mujannah	Benoni Defense: Old Benoni, Mujannah Formation
d4 c5 dxc5 Na6	A43	Défense Benoni : Gambit Benoni, Défense Schlenker	Benoni Defense: Benoni Gambit, Schlenker Defense
d4 c5 dxc5 b6	A43	Défense Benoni : Gambit Cormorant	Benoni Defense: Cormorant Gambit
d4 c6 c4 d6	A40	Partie du pion dame : Anglo-Slav ouverture	Queen's Pawn Game: Anglo-Slav Opening
d4 d5 Bf4 c5	D00	Partie du pion dame : Système Accelerated London, Contre-gambit Steinitz	Queen's Pawn Game: Accelerated London System, Steinitz Countergambit
d4 d5 Bg5 Bg4	D00	Partie du pion dame : Attaque Levitsky, Variante Welling	Queen's Pawn Game: Levitsky Attack, Welling Variation
d4 d5 Nc3 Bf5	D00	Partie du pion dame : Variante Chigorin, Défense Alburt	Queen's Pawn Game: Chigorin Variation, Alburt Defense
d4 d5 Nc3 Bg4	D00	Partie du pion dame : Variante Chigorin, Anti-Veresov	Queen's Pawn Game: Chigorin Variation, Anti-Veresov
d4 d5 Nc3 c5	D00	Partie du pion dame : Variante Chigorin, Gambit Irish	Queen's Pawn Game: Chigorin Variation, Irish Gambit
d4 d5 Nc3 e5	D00	Partie du pion dame : Variante Chigorin, Gambit Shaviliuk	Queen's Pawn Game: Chigorin Variation, Shaviliuk Gambit
d4 d5 Nc3 e6	D00	Partie du pion dame : Variante Chigorin	Queen's Pawn Game: Chigorin Variation
d4 d5 Nc3 h5	D00	Partie du pion dame : Variante Chigorin, Défense Shropshire	Queen's Pawn Game: Chigorin Variation, Shropshire Defense
d4 d5 Nf3 Nc6	D02	Partie du pion dame : Variante Chigorin	Queen's Pawn Game: Chigorin Variation
d4 d5 Nf3 Nf6	D02	Partie du pion dame : Variante symétrique	Queen's Pawn Game: Symmetrical Variation
d4 d5 Nf3 c5	D02	Partie du pion dame : Variante Krause	Queen's Pawn Game: Krause Variation
d4 d5 c4 Bf5	D06	Gambit dame refusé : Défense Baltic	Queen's Gambit Declined: Baltic Defense
d4 d5 c4 Nc6	D07	Gambit dame refusé : Défense Chigorin	Queen's Gambit Declined: Chigorin Defense
d4 d5 c4 Nf6	D06	Gambit dame refusé : Défense Marshall	Queen's Gambit Declined: Marshall Defense
d4 d5 c4 b5	D06	Gambit dame refusé : Gambit Zilbermints	Queen's Gambit Declined: Zilbermints Gambit
d4 d5 c4 c5	D06	Gambit dame refusé : Défense autrichienne	Queen's Gambit Declined: Austrian Defense
d4 d5 c4 c6	D10	Défense slave	Slav Defense
d4 d5 c4 dxc4	D20	Gambit dame accepté	Queen's Gambit Accepted
d4 d5 c4 e5	D08	Gambit dame refusé : Contre-gambit Albin	Queen's Gambit Declined: Albin Countergambit
d4 d5 c4 e6	D30	Gambit dame refusé	Queen's Gambit Declined
d4 d5 e3 Nf6	D00	Partie du pion dame	Queen's Pawn Game
d4 d6 Nf3 Bg4	A41	Défense Wade	Wade Defense
d4 d6 Nf3 g6	A41	Partie du pion dame : Variante Rossolimo	Queen's Pawn Game: Rossolimo Variation
d4 d6 c4 e5	A41	Défense Rat : anglaise Rat	Rat Defense: English Rat
d4 e5 Nf3 e4	A40	Gambit Englund refusé : inversée Krebs	Englund Gambit Declined: Reversed Krebs
d4 e5 dxe5 Qh4	A40	Gambit Englund : Gambit Mosquito	Englund Gambit: Mosquito Gambit
d4 e5 dxe5 d6	A40	Gambit Englund : Gambit Hartlaub-Charlick	Englund Gambit: Hartlaub-Charlick Gambit
d4 e5 dxe5 f6	A40	Gambit Englund : Gambit Soller	Englund Gambit: Soller Gambit
d4 e6 c4 Bb4	A40	Défense kangourou	Kangaroo Defense
d4 e6 c4 b6	A40	Défense anglaise	English Defense
d4 e6 c4 e5	A40	Défense Horwitz : Gambit Zilbermints	Horwitz Defense: Zilbermints Gambit
d4 e6 e4 d6	C00	Défense Rat : Défense Small centre	Rat Defense: Small Center Defense
d4 f5 Nc3 d5	A80	Partie du pion dame : Attaque Veresov, Système hollandaise	Queen's Pawn Game: Veresov Attack, Dutch System
d4 f5 Nf3 e5	A80	Défense hollandaise : Gambit Omega-Isis	Dutch Defense: Omega-Isis Gambit
d4 f5 c4 Nf6	A84	Défense hollandaise : Variante Normal	Dutch Defense: Normal Variation
d4 f5 c4 e6	A84	Défense hollandaise : Variante classique	Dutch Defense: Classical Variation
d4 f5 e4 fxe4	A82	Défense hollandaise : Staunton gambit accepté	Dutch Defense: Staunton Gambit Accepted
d4 f5 g4 e5	A80	Défense hollandaise : Gambit Hevendehl	Dutch Defense: Hevendehl Gambit
e4 Nc6 Nc3 e6	B00	Défense Nimzowitsch : française Connection	Nimzowitsch Defense: French Connection
e4 Nc6 Nc3 g6	B00	Défense Nimzowitsch : Pirc Connection	Nimzowitsch Defense: Pirc Connection
e4 Nc6 Nf3 d6	B00	Défense Nimzowitsch : Variante Williams	Nimzowitsch Defense: Williams Variation
e4 Nc6 Nf3 e6	B00	Défense Nimzowitsch : Variante Franco-Nimzowitsch	Nimzowitsch Defense: Franco-Nimzowitsch Variation
e4 Nc6 Nf3 f5	B00	Défense Nimzowitsch : Contre-gambit Colorado	Nimzowitsch Defense: Colorado Countergambit
e4 Nc6 d4 a6	B00	Défense Nimzowitsch : Variante Woodchuck	Nimzowitsch Defense: Woodchuck Variation
e4 Nc6 d4 d5	B00	Défense Nimzowitsch : Variante scandinave	Nimzowitsch Defense: Scandinavian Variation
e4 Nc6 d4 d6	B00	Défense Nimzowitsch : Variante Mikenas	Nimzowitsch Defense: Mikenas Variation
e4 Nc6 d4 e5	B00	Défense Nimzowitsch : Variante Kennedy	Nimzowitsch Defense: Kennedy Variation
e4 Nc6 d4 f6	B00	Défense Nimzowitsch : Défense Neo-Mongoloid	Nimzowitsch Defense: Neo-Mongoloid Defense
e4 Nf6 Nc3 d5	B02	Défense Alekhine : Variante scandinave	Alekhine Defense: Scandinavian Variation
e4 Nf6 e5 Nd5	B02	Défense Alekhine : Variante Normal	Alekhine Defense: Normal Variation
e4 Nf6 e5 Ne4	B02	Défense Alekhine : Mokele Mbembe	Alekhine Defense: Mokele Mbembe
e4 Nf6 e5 Ng8	B02	Défense Alekhine : Variante Brooklyn	Alekhine Defense: Brooklyn Variation
e4 a5 d4 Nc6	B00	Défense Ware : Défense Snagglepuss	Ware Defense: Snagglepuss Defense
e4 a6 d4 e5	B00	Défense Saint-Georges : Gambit Zilbermints	St. George Defense: Zilbermints Gambit
e4 b6 d4 Ba6	B00	Défense Owen : Défense Guatemala	Owen Defense: Guatemala Defense
e4 c5 Nc3 Nc6	B23	Défense sicilienne : Closed, Traditional	Sicilian Defense: Closed, Traditional
e4 c5 Nc3 e6	B23	Défense sicilienne : Closed	Sicilian Defense: Closed
e4 c5 Nf3 Nc6	B30	Défense sicilienne : ancienne Sicilian	Sicilian Defense: Old Sicilian
e4 c5 Nf3 Nf6	B29	Défense sicilienne : Variante Nimzowitsch	Sicilian Defense: Nimzowitsch Variation
e4 c5 Nf3 Qa5	B27	Défense sicilienne : Variante Mongoose	Sicilian Defense: Mongoose Variation
e4 c5 Nf3 Qc7	B27	Défense sicilienne : Variante Quinteros	Sicilian Defense: Quinteros Variation
e4 c5 Nf3 a6	B28	Défense sicilienne : Variante O'Kelly	Sicilian Defense: O'Kelly Variation
e4 c5 Nf3 b5	B27	Défense sicilienne : Gambit polonaise	Sicilian Defense: Polish Gambit
e4 c5 Nf3 b6	B27	Défense sicilienne : Variante Katalimov	Sicilian Defense: Katalimov Variation
e4 c5 Nf3 d6	B50	Défense sicilienne : Variantes moderne	Sicilian Defense: Modern Variations
e4 c5 Nf3 e5	B27	Défense sicilienne : Variante Jalalabad	Sicilian Defense: Jalalabad Variation
e4 c5 Nf3 e6	B40	Défense sicilienne : Variante française	Sicilian Defense: French Variation
e4 c5 Nf3 f5	B27	Défense sicilienne : Gambit Brussels	Sicilian Defense: Brussels Gambit
e4 c5 Nf3 g6	B27	Défense sicilienne : Hyperaccelerated Dragon	Sicilian Defense: Hyperaccelerated Dragon
e4 c5 Nf3 h6	B27	Défense sicilienne : Variante Bücker	Sicilian Defense: Bücker Variation
e4 c5 b3 b6	B20	Défense sicilienne : Attaque Czerniak, Variante Queen fianchetto	Sicilian Defense: Czerniak Attack, Queen Fianchetto Variation
e4 c5 f4 e5	C30	Gambit du roi refusé : Défense Mafia	King's Gambit Declined: Mafia Defense
e4 c6 Nc3 d5	B10	Défense Caro-Kann	Caro-Kann Defense
e4 c6 c4 d5	B10	Défense Caro-Kann : Attaque Accelerated Panov	Caro-Kann Defense: Accelerated Panov Attack
e4 c6 c4 e5	B10	Défense Caro-Kann : Attaque Accelerated Panov, Variante Open	Caro-Kann Defense: Accelerated Panov Attack, Open Variation
e4 c6 d4 Na6	B12	Défense Caro-Kann : Défense De Bruycker	Caro-Kann Defense: De Bruycker Defense
e4 c6 d4 Nf6	B12	Défense Caro-Kann : Variante Masi	Caro-Kann Defense: Masi Variation
e4 c6 d4 d5	B12	Défense Caro-Kann	Caro-Kann Defense
e4 c6 d4 f5	B12	Défense Caro-Kann : Défense Massachusetts	Caro-Kann Defense: Massachusetts Defense
e4 d5 exd5 Nf6	B01	Défense scandinave : Variante moderne	Scandinavian Defense: Modern Variation
e4 d5 exd5 Qxd5	B01	Défense scandinave : Variante Mieses-Kotroc	Scandinavian Defense: Mieses-Kotroc Variation
e4 d5 exd5 c6	B01	Défense scandinave : Gambit Blackburne-Kloosterboer	Scandinavian Defense: Blackburne-Kloosterboer Gambit
e4 d6 d4 Nd7	B00	Défense Rat : Défense Antal	Rat Defense: Antal Defense
e4 d6 d4 Nf6	B00	Défense Pirc	Pirc Defense
e4 d6 d4 e5	B07	Partie du pion roi : Défense Maróczy	King's Pawn Game: Maróczy Defense
e4 d6 d4 f5	A82	Défense Rat : Défense Balogh	Rat Defense: Balogh Defense
e4 e5 Bc4 Bc5	C23	Ouverture du fou : Variante Boi	Bishop's Opening: Boi Variation
e4 e5 Bc4 Nf6	C24	Ouverture du fou : Défense Berlin	Bishop's Opening: Berlin Defense
e4 e5 Bc4 c6	C23	Ouverture du fou : Contre-attaque Philidor	Bishop's Opening: Philidor Counterattack
e4 e5 Bc4 d5	C23	Ouverture du fou : Gambit Khan	Bishop's Opening: Khan Gambit
e4 e5 Bc4 f5	C23	Ouverture du fou : Contre-gambit Calabrese	Bishop's Opening: Calabrese Countergambit
e4 e5 Nc3 Bc5	C25	Partie viennoise : Défense Anderssen	Vienna Game: Anderssen Defense
e4 e5 Nc3 Nc6	C25	Partie viennoise : Défense Max Lange	Vienna Game: Max Lange Defense
e4 e5 Nc3 Nf6	C26	Partie viennoise : Variante Falkbeer	Vienna Game: Falkbeer Variation
e4 e5 Nf3 Bc5	C40	Partie du pion roi : Gambit Busch-Gass	King's Pawn Game: Busch-Gass Gambit
e4 e5 Nf3 Nc6	C44	Ouverture du cavalier-roi : Variante Normal	King's Knight Opening: Normal Variation
e4 e5 Nf3 Nf6	C42	Défense Petroff (russe)	Petrov's Defense
e4 e5 Nf3 Qe7	C40	Défense Gunderam	Gunderam Defense
e4 e5 Nf3 Qf6	C40	Partie du pion roi : Défense McConnell	King's Pawn Game: McConnell Defense
e4 e5 Nf3 c6	C40	Partie du pion roi : Gambit Gunderam	King's Pawn Game: Gunderam Gambit
e4 e5 Nf3 d5	C40	Gambit de l'éléphant	Elephant Gambit
e4 e5 Nf3 d6	C41	Défense Philidor	Philidor Defense
e4 e5 Nf3 f5	C40	Gambit letton	Latvian Gambit
e4 e5 Nf3 f6	C40	Partie du pion roi : Défense Damiano	King's Pawn Game: Damiano Defense
e4 e5 Qh5 Nf6	C20	Partie du pion roi : Attaque Wayward Queen, Contre-gambit Kiddie	King's Pawn Game: Wayward Queen Attack, Kiddie Countergambit
e4 e5 c3 f5	C20	Partie du pion roi : Attaque MacLeod, Gambit Lasa	King's Pawn Game: MacLeod Attack, Lasa Gambit
e4 e5 c4 d5	C20	Partie du pion roi : Gambit Bavarian	King's Pawn Game: Bavarian Gambit
e4 e5 d3 f5	C20	Partie du pion roi : Variante Clam, King's gambit inversée	King's Pawn Game: Clam Variation, King's Gambit Reversed
e4 e5 d4 d5	C20	Partie du pion roi : Gambit Beyer	King's Pawn Game: Beyer Gambit
e4 e5 d4 exd4	C21	Partie du centre acceptée	Center Game Accepted
e4 e5 f4 Bc5	C30	Gambit du roi refusé : Variante classique	King's Gambit Declined: Classical Variation
e4 e5 f4 Nc6	C30	Gambit du roi refusé : Défense Queen's cavalier	King's Gambit Declined: Queen's Knight Defense
e4 e5 f4 Nf6	C30	Gambit du roi refusé : Défense Petrov's	King's Gambit Declined: Petrov's Defense
e4 e5 f4 Qf6	C30	Gambit du roi refusé : Variante Norwalde	King's Gambit Declined: Norwalde Variation
e4 e5 f4 Qh4	C30	Gambit du roi refusé : Défense Keene's	King's Gambit Declined: Keene's Defense
e4 e5 f4 d5	C31	Gambit du roi refusé : Contre-gambit Falkbeer	King's Gambit Declined: Falkbeer Countergambit
e4 e5 f4 exf4	C33	Gambit du roi accepté	King's Gambit Accepted
e4 e5 f4 f5	C30	Gambit du roi refusé : Contre-gambit Panteldakis	King's Gambit Declined: Panteldakis Countergambit
e4 e5 f4 g5	C30	Gambit du roi refusé : Contre-gambit Zilbermints Double	King's Gambit Declined: Zilbermints Double Countergambit
e4 e6 Nf3 f5	C00	Défense française : Variante cavalier, Gambit Franco-Hiva	French Defense: Knight Variation, Franco-Hiva Gambit
e4 e6 d3 f5	C00	Défense française : Attaque King's indienne, Gambit Franco-Hiva	French Defense: King's Indian Attack, Franco-Hiva Gambit
e4 e6 d4 Nf6	C00	Défense française : Défense Mediterranean	French Defense: Mediterranean Defense
e4 e6 d4 a6	C00	Défense française : Défense St. George	French Defense: St. George Defense
e4 e6 d4 b5	C00	Défense française : Gambit Baeuerle	French Defense: Baeuerle Gambit
e4 e6 d4 c5	C00	Défense française : Défense Franco-Sicilian	French Defense: Franco-Sicilian Defense
e4 e6 d4 d5	C00	Défense française	French Defense
e4 e6 d4 f5	C00	Défense française : Gambit Franco-Hiva	French Defense: Franco-Hiva Gambit
e4 f6 d4 Kf7	B00	Défense Fried Fox	Fried Fox Defense
e4 g5 d4 Bg7	B00	Défense Borg : Gambit Borg	Borg Defense: Borg Gambit
e4 g5 d4 e5	B00	Défense Borg : Gambit Zilbermints	Borg Defense: Zilbermints Gambit
e4 g6 d4 Bg7	B06	Défense moderne	Modern Defense
e4 g6 d4 Nf6	B06	Défense moderne : Défense norvégienne	Modern Defense: Norwegian Defense
e4 g6 d4 f5	B06	Défense moderne : Gambit fianchetto	Modern Defense: Fianchetto Gambit
e4 h5 d4 Nf6	B00	Défense Goldsmith : Défense Picklepuss	Goldsmith Defense: Picklepuss Defense
e4 h6 d4 e5	B00	Défense Carr : Gambit Zilbermints	Carr Defense: Zilbermints Gambit
f3 e5 g4 Qh4	A00	Ouverture Barnes : Fool's Mate	Barnes Opening: Fool's Mate
f4 e5 fxe5 Nc6	A02	Ouverture de l'oiseau (Bird) : Gambit Schlechter	Bird Opening: Schlechter Gambit
f4 e5 fxe5 Ne7	A02	Ouverture de l'oiseau (Bird) : Gambit Platz	Bird Opening: Platz Gambit
f4 e5 fxe5 f6	A02	Ouverture de l'oiseau (Bird) : Gambit Lasker	Bird Opening: Lasker Gambit
f4 f5 d4 d5	A02	Ouverture de l'oiseau (Bird) : Formation Double Duck	Bird Opening: Double Duck Formation
f4 h6 Nf3 g5	A02	Ouverture de l'oiseau (Bird) : Gambit Hobbs-Zilbermints	Bird Opening: Hobbs-Zilbermints Gambit
g3 d5 Bg2 c5	A00	Ouverture hongroise : Défense inversée moderne	Hungarian Opening: Reversed Modern Defense
g3 d5 Bg2 c6	A00	Ouverture hongroise : Formation Slav	Hungarian Opening: Slav Formation
g3 d5 Bg2 e6	A00	Ouverture hongroise : Formation Catalan	Hungarian Opening: Catalan Formation
g3 d5 Nf3 g5	A07	Ouverture hongroise : Gambit Wiedenhagen-Beta	Hungarian Opening: Wiedenhagen-Beta Gambit
g3 h5 Nf3 h4	A00	Ouverture hongroise : Gambit Van Kuijk	Hungarian Opening: Van Kuijk Gambit
g4 d5 Bg2 c6	A00	Ouverture Grob : Grob gambit refusé	Grob Opening: Grob Gambit Declined
g4 e5 h3 Nc6	A00	Ouverture Grob : Défense London	Grob Opening: London Defense
h3 d5 a3 e5	A00	Formation Creepy-Crawly : Défense classique	Creepy Crawly Formation: Classical Defense
Nc3 d5 d3 Nf6 g3	A00	Ouverture Van Geet : Variante Venezolana	Van Geet Opening: Venezolana Variation
Nc3 d5 e4 dxe4 Bc4	A00	Ouverture Van Geet : Gambit Hector	Van Geet Opening: Hector Gambit
Nc3 d5 e4 dxe4 d3	A00	Ouverture Van Geet : Gambit Dunst-Perrenet	Van Geet Opening: Dunst-Perrenet Gambit
Nc3 d5 e4 dxe4 f3	A00	Ouverture Van Geet : Gambit Dougherty	Van Geet Opening: Dougherty Gambit
Nc3 e5 Nf3 Nc6 d4	A00	Ouverture Van Geet : Attaque Napoleon	Van Geet Opening: Napoleon Attack
Nc3 e5 f4 exf4 e4	A00	Ouverture Van Geet : Gambit Nowokunski	Van Geet Opening: Nowokunski Gambit
Nc3 f5 e4 fxe4 d3	A00	Ouverture Van Geet : Gambit Kluever	Van Geet Opening: Kluever Gambit
Nf3 Nf6 a4 g6 b4	A05	Ouverture Zukertort : Attaque Myers polonaise	Zukertort Opening: Myers Polish Attack
Nf3 Nf6 b4 g6 Bb2	A05	Ouverture polonaise (Orang-outan) : Système Zukertort	Polish Opening: Zukertort System
Nf3 Nf6 g3 g6 b4	A05	Attaque indienne du roi : Variante Smyslov	King's Indian Attack: Smyslov Variation
Nf3 c5 d4 cxd4 e3	A04	Ouverture Zukertort : Gambit Speelsmet	Zukertort Opening: Speelsmet Gambit
Nf3 d5 b3 c5 e4	A06	Attaque Nimzo-Larsen : Gambit Norfolk	Nimzo-Larsen Attack: Norfolk Gambit
Nf3 d5 c4 c6 b3	A12	Ouverture Réti : Variante Anglo-Slav, Variante Bogoljubow	Réti Opening: Anglo-Slav Variation, Bogoljubow Variation
Nf3 d5 c4 d4 Rg1	A09	Ouverture Réti : Variante Penguin	Réti Opening: Penguin Variation
Nf3 d5 g3 c5 Bg2	A08	Attaque indienne du roi : Variante Sicilian	King's Indian Attack: Sicilian Variation
Nf3 f5 d3 Nf6 e4	A04	Ouverture Zukertort : Lisitsyn gambit différé	Zukertort Opening: Lisitsyn Gambit Deferred
Nh3 d5 g3 e5 f4	A00	Ouverture Amar : Gambit Paris	Amar Opening: Paris Gambit
b3 Nf6 Bb2 g6 g4	A01	Attaque Nimzo-Larsen : Variante Spike	Nimzo-Larsen Attack: Spike Variation
b3 e5 Bb2 Nc6 e3	A01	Attaque Nimzo-Larsen : Variante moderne	Nimzo-Larsen Attack: Modern Variation
b3 e5 Bb2 Nc6 f4	A01	Attaque Nimzo-Larsen : Gambit Pachman	Nimzo-Larsen Attack: Pachman Gambit
b3 f5 Bb2 e6 e4	A01	Attaque Nimzo-Larsen : Gambit Ringelbach	Nimzo-Larsen Attack: Ringelbach Gambit
b4 Nf6 Bb2 g6 e4	A00	Ouverture polonaise (Orang-outan) : Variante King's indienne, Attaque Schiffler	Polish Opening: King's Indian Variation, Schiffler Attack
b4 c6 Bb2 a5 b5	A00	Ouverture polonaise (Orang-outan) : Variante Outflank, Gambit Schuehler	Polish Opening: Outflank Variation, Schuehler Gambit
b4 d5 Bb2 Nf6 Nf3	A00	Ouverture polonaise (Orang-outan), avec d5	Polish Opening, with d5
b4 d5 Bb2 c6 a4	A00	Ouverture polonaise (Orang-outan) : Variante Myers	Polish Opening: Myers Variation
b4 e5 Bb2 f6 b5	A00	Ouverture polonaise (Orang-outan) : Variante Bugayev avancée	Polish Opening: Bugayev Advance Variation
b4 e5 Bb2 f6 e4	A00	Ouverture polonaise (Orang-outan) : Gambit Tartakower	Polish Opening: Tartakower Gambit
c4 Nf6 Nc3 c5 g3	A34	Ouverture anglaise : Variante symétrique, Variante fianchetto	English Opening: Symmetrical Variation, Fianchetto Variation
c4 Nf6 Nf3 g6 b4	A15	Anglaise Orang-outan	English Orangutan
c4 Nf6 d4 c5 Nf3	A31	Ouverture anglaise : Variante symétrique, Variante Anti-Benoni	English Opening: Symmetrical Variation, Anti-Benoni Variation
c4 c5 Nc3 Nc6 g3	A36	Ouverture anglaise : Variante symétrique, deux cavaliers, Variante fianchetto	English Opening: Symmetrical Variation, Two Knights, Fianchetto Variation
c4 c5 Nc3 Nf6 Nf3	A34	Ouverture anglaise : Variante symétrique, Variante trois cavaliers	English Opening: Symmetrical Variation, Three Knights Variation
c4 c5 Nf3 Nf6 b4	A30	Ouverture anglaise : Variante symétrique, Gambit Napolitano	English Opening: Symmetrical Variation, Napolitano Gambit
c4 c6 Nf3 d5 e3	A11	Ouverture Réti : Variante Anglo-Slav, Système Gurevich	Réti Opening: Anglo-Slav Variation, Gurevich System
c4 e5 Nc3 Nc6 Nf3	A27	Ouverture anglaise : Variante King's anglaise, Système trois cavaliers	English Opening: King's English Variation, Three Knights System
c4 e5 Nc3 Nf6 f4	A22	Ouverture anglaise : King's anglaise, Mazedonisch	English Opening: King's English, Mazedonisch
c4 e5 Nc3 Nf6 g3	A22	Ouverture anglaise : Système Carls-Bremen	English Opening: Carls-Bremen System
c4 e5 Nc3 d6 Nf3	A21	Ouverture anglaise : Variante King's anglaise	English Opening: King's English Variation
c4 e6 Nc3 Nf6 e4	A18	Ouverture anglaise : Variante Mikenas-Carls	English Opening: Mikenas-Carls Variation
c4 f5 Nc3 Nf6 e4	A10	Ouverture anglaise : Variante Anglo-hollandaise, Gambit Ferenc	English Opening: Anglo-Dutch Variation, Ferenc Gambit
c4 f5 Nf3 d6 e4	A10	Ouverture anglaise : Variante Anglo-hollandaise, Gambit Chabanon	English Opening: Anglo-Dutch Variation, Chabanon Gambit
d3 c5 Nc3 Nc6 g3	A00	Ouverture Mieses : Variante Venezolana	Mieses Opening: Venezolana Variation
d4 Nf6 Bg5 Ne4 Bh4	A45	Attaque Trompowsky : Variante Edge	Trompowsky Attack: Edge Variation
d4 Nf6 Bg5 Ne4 h4	A45	Attaque Trompowsky : Variante Raptor	Trompowsky Attack: Raptor Variation
d4 Nf6 Bg5 e6 e4	A45	Attaque Trompowsky : Défense classique, Variante Big centre	Trompowsky Attack: Classical Defense, Big Center Variation
d4 Nf6 Nc3 d5 Bg5	D01	Attaque Richter-Veresov	Richter-Veresov Attack
d4 Nf6 Nc3 d5 Qd3	A45	Attaque Amazone : Attaque Siberian	Amazon Attack: Siberian Attack
d4 Nf6 Nc3 d5 e4	D00	Partie du pion dame : Gambit Hübsch	Queen's Pawn Game: Hübsch Gambit
d4 Nf6 Nf3 e6 Bf4	A46	Défense indienne : Système London	Indian Defense: London System
d4 Nf6 Nf3 e6 Bg5	A46	Attaque Torre : Défense classique	Torre Attack: Classical Defense
d4 Nf6 Nf3 e6 e3	A46	Système Yusupov-Rubinstein	Yusupov-Rubinstein System
d4 Nf6 Nf3 g6 Bf4	A48	Système Londres	London System
d4 Nf6 Nf3 g6 Bg5	A48	Attaque Torre : Défense fianchetto	Torre Attack: Fianchetto Defense
d4 Nf6 Nf3 g6 c4	E60	Défense indienne du roi : Variante Normal, Variante King's cavalier	King's Indian Defense: Normal Variation, King's Knight Variation
d4 Nf6 Nf3 g6 g3	A49	Défense indienne : Variante Przepiorka	Indian Defense: Przepiorka Variation
d4 Nf6 c4 d6 g4	A53	Ancienne défense indienne : Gambit Aged Gibbon	Old Indian Defense: Aged Gibbon Gambit
d4 Nf6 c4 e5 dxe5	A51	Défense indienne : Budapest gambit accepté	Indian Defense: Budapest Gambit Accepted
d4 Nf6 c4 e6 Bg5	E00	Défense indienne : Attaque Seirawan	Indian Defense: Seirawan Attack
d4 Nf6 c4 e6 Nf3	E10	Défense indienne : Anti-Nimzo-indienne	Indian Defense: Anti-Nimzo-Indian
d4 Nf6 c4 e6 Qb3	E00	Défense indienne	Indian Defense
d4 Nf6 c4 e6 g3	E00	Ouverture catalane	Catalan Opening
d4 Nf6 c4 e6 g4	E00	Défense indienne : Gambit Devin	Indian Defense: Devin Gambit
d4 Nf6 c4 g6 Nc3	E61	Défense indienne du roi	King's Indian Defense
d4 Nf6 c4 g6 Qc2	E60	Queen's Pawn, Attaque Mengarini	Queen's Pawn, Mengarini Attack
d4 Nf6 c4 g6 d5	E60	Défense indienne : Anti-Grünfeld, Variante avancée	Indian Defense: Anti-Grünfeld, Advance Variation
d4 Nf6 c4 g6 f3	E60	Défense indienne : Anti-Grünfeld, Variante Alekhine	Indian Defense: Anti-Grünfeld, Alekhine Variation
d4 Nf6 c4 g6 g3	E60	Défense indienne du roi : Variante fianchetto, Immediate fianchetto	King's Indian Defense: Fianchetto Variation, Immediate Fianchetto
d4 Nf6 c4 g6 h4	E60	Défense indienne : Anti-Grünfeld, Attaque Basman-Williams	Indian Defense: Anti-Grünfeld, Basman-Williams Attack
d4 Nf6 f3 d5 Nc3	A45	Partie du pion dame : Veresov, Attaque Richter	Queen's Pawn Game: Veresov, Richter Attack
d4 Nf6 f3 d5 e4	A45	Défense indienne : Attaque Paleface, Blackmar-Diemer gambit différé	Indian Defense: Paleface Attack, Blackmar-Diemer Gambit Deferred
d4 Nf6 f3 d5 g4	A45	Défense indienne : Attaque Gedult	Indian Defense: Gedult Attack
d4 b5 e4 Bb7 Bxb5	A40	Défense polonaise : Spassky gambit accepté	Polish Defense: Spassky Gambit Accepted
d4 c5 Nf3 cxd4 b4	A43	Défense Benoni : Gambit Zilbermints-Benoni	Benoni Defense: Zilbermints-Benoni Gambit
d4 c5 c4 cxd4 e3	A43	Partie du pion dame : Gambit Liedmann	Queen's Pawn Game: Liedmann Gambit
d4 c5 d5 Nf6 Nf3	A43	Défense Benoni : Défense Benoni-indienne, aile roi Move Order	Benoni Defense: Benoni-Indian Defense, Kingside Move Order
d4 c5 d5 f5 e4	A43	Défense Benoni : Gambit Benoni-Staunton	Benoni Defense: Benoni-Staunton Gambit
d4 d5 Bf4 c5 dxc5	D00	Partie du pion dame : Système Accelerated London, Steinitz contre-gambit accepté	Queen's Pawn Game: Accelerated London System, Steinitz Countergambit Accepted
d4 d5 Bf4 c5 e4	D00	Partie du pion dame : Système Accelerated London, Contre-gambit Steinitz, Contre-gambit Morris	Queen's Pawn Game: Accelerated London System, Steinitz Countergambit, Morris Countergambit
d4 d5 Nc3 Nf6 Bf4	D01	Système Rapport-Jobava	Rapport-Jobava System
d4 d5 Nc3 e6 Bf4	D01	Système Rapport-Jobava, avec e6	Rapport-Jobava System, with e6
d4 d5 Nf3 Nf6 Bf4	D02	Partie du pion dame : Système London	Queen's Pawn Game: London System
d4 d5 Nf3 Nf6 Bg5	D03	Partie du pion dame : Attaque Torre	Queen's Pawn Game: Torre Attack
d4 d5 Nf3 Nf6 e3	D04	Partie du pion dame : Système Colle	Queen's Pawn Game: Colle System
d4 d5 Nf3 Nf6 g3	D02	Partie du pion dame : Variante symétrique, Pseudo-Catalan	Queen's Pawn Game: Symmetrical Variation, Pseudo-Catalan
d4 d5 Nf3 e6 Bf4	D02	Partie du pion dame : Système London, avec e6	Queen's Pawn Game: London System, with e6
d4 d5 c4 Bf5 Qb3	D06	Gambit dame refusé : Défense Baltic, Attaque Queen	Queen's Gambit Declined: Baltic Defense, Queen Attack
d4 d5 c4 Nc6 Nc3	D07	Gambit dame refusé : Défense Chigorin	Queen's Gambit Declined: Chigorin Defense
d4 d5 c4 c6 Nc3	D10	Défense slave	Slav Defense
d4 d5 c4 c6 Nf3	D11	Défense slave : moderne ligne	Slav Defense: Modern Line
d4 d5 c4 c6 cxd5	D10	Défense slave : Variante échange	Slav Defense: Exchange Variation
d4 d5 c4 c6 e4	D10	Défense slave : Gambit Diemer	Slav Defense: Diemer Gambit
d4 d5 c4 dxc4 Nf3	D21	Gambit dame accepté : Variante Normal	Queen's Gambit Accepted: Normal Variation
d4 d5 c4 dxc4 Qa4	D20	Gambit dame accepté : Variante Accelerated Mannheim	Queen's Gambit Accepted: Accelerated Mannheim Variation
d4 d5 c4 dxc4 e3	D20	Gambit dame accepté : Variante ancienne	Queen's Gambit Accepted: Old Variation
d4 d5 c4 dxc4 e4	D20	Gambit dame accepté : Variante Saduleto	Queen's Gambit Accepted: Saduleto Variation
d4 d5 c4 e6 Nc3	D31	Gambit dame refusé : Variante Queen's cavalier	Queen's Gambit Declined: Queen's Knight Variation
d4 d5 e3 Nf6 Bd3	D00	Partie du pion dame : Attaque Stonewall	Queen's Pawn Game: Stonewall Attack
d4 d5 e4 dxe4 Bc4	D00	Gambit Blackmar-Diemer : Attaque Fritz	Blackmar-Diemer Gambit: Fritz Attack
d4 d5 e4 dxe4 Be3	D00	Gambit Blackmar-Diemer : Attaque Diemer-Rosenberg	Blackmar-Diemer Gambit: Diemer-Rosenberg Attack
d4 d5 e4 dxe4 f3	D00	Gambit Blackmar-Diemer : Gambit Blackmar	Blackmar-Diemer Gambit: Blackmar Gambit
d4 e5 Nf3 e4 Ne5	A40	Gambit Englund refusé : inversée Mokele Mbembe	Englund Gambit Declined: Reversed Mokele Mbembe
d4 e5 Nf3 e4 Ng1	A40	Gambit Englund refusé : inversée Brooklyn	Englund Gambit Declined: Reversed Brooklyn
d4 e6 c4 Bb4 Nc3	A40	Défense kangourou : Défense Keres, Variante Transpositional	Kangaroo Defense: Keres Defense, Transpositional Variation
d4 f5 Bf4 e6 g4	A80	Défense hollandaise : Gambit Senechaud	Dutch Defense: Senechaud Gambit
d4 f5 Nc3 Nf6 g4	A80	Défense hollandaise : Gambit Spielmann	Dutch Defense: Spielmann Gambit
d4 f5 Nc3 d5 e4	A80	Défense hollandaise : Gambit Kingfisher	Dutch Defense: Kingfisher Gambit
d4 f5 Nf3 Nf6 c3	A80	Défense hollandaise : Variante Barcza	Dutch Defense: Barcza Variation
d4 f5 Qd3 d5 g4	A80	Défense hollandaise : Gambit Manhattan, Anti-Stonewall	Dutch Defense: Manhattan Gambit, Anti-Stonewall
d4 f5 Qd3 d6 g4	A80	Défense hollandaise : Gambit Manhattan, Anti-moderne	Dutch Defense: Manhattan Gambit, Anti-Modern
d4 f5 Qd3 e6 g4	A80	Défense hollandaise : Gambit Manhattan, Anti-classique ligne	Dutch Defense: Manhattan Gambit, Anti-Classical Line
d4 f5 Qd3 g6 g4	A80	Défense hollandaise : Gambit Manhattan, Anti-Leningrad	Dutch Defense: Manhattan Gambit, Anti-Leningrad
d4 f5 c4 Nf6 Nc3	A85	Défense hollandaise : Variante Queen's cavalier	Dutch Defense: Queen's Knight Variation
d4 f5 c4 Nf6 g3	A86	Défense hollandaise : Variante fianchetto	Dutch Defense: Fianchetto Variation
d4 f5 c4 e6 Nc3	A84	Défense hollandaise : Variante Rubinstein	Dutch Defense: Rubinstein Variation
d4 f5 c4 e6 e4	A84	Défense hollandaise : Gambit Bellon	Dutch Defense: Bellon Gambit
d4 f5 e4 fxe4 Nd2	A82	Défense hollandaise : Gambit Staunton, Attaque American	Dutch Defense: Staunton Gambit, American Attack
d4 f5 h3 Nf6 g4	A80	Défense hollandaise : Gambit Janzen-Korchnoi	Dutch Defense: Janzen-Korchnoi Gambit
d4 g6 h4 Nf6 h5	A40	Défense moderne : Défense Lizard, Gambit Pirc-Diemer	Modern Defense: Lizard Defense, Pirc-Diemer Gambit
e3 e5 Bc4 b5 Bb3	A00	Ouverture Van't Kruijs : Variante Bouncing fou	Van't Kruijs Opening: Bouncing Bishop Variation
e4 Nc6 Nf3 f5 exf5	B00	Défense Nimzowitsch : Colorado contre-gambit accepté	Nimzowitsch Defense: Colorado Countergambit Accepted
e4 Nc6 d4 d5 Be3	B00	Défense Nimzowitsch : Gambit Hornung	Nimzowitsch Defense: Hornung Gambit
e4 Nc6 d4 d5 Nc3	B00	Défense Nimzowitsch : Variante scandinave, Variante Bogoljubow	Nimzowitsch Defense: Scandinavian Variation, Bogoljubow Variation
e4 Nc6 d4 d5 e5	B00	Défense Nimzowitsch : Variante scandinave, Variante avancée	Nimzowitsch Defense: Scandinavian Variation, Advance Variation
e4 Nc6 d4 e5 d5	B00	Défense Nimzowitsch : Variante Kennedy, Variante Linksspringer	Nimzowitsch Defense: Kennedy Variation, Linksspringer Variation
e4 Nf6 Bc4 Nxe4 Bxf7	B02	Défense Alekhine : Variante Krejcik, Gambit Krejcik	Alekhine Defense: Krejcik Variation, Krejcik Gambit
e4 Nf6 e5 Nd5 Na3	B02	Défense Alekhine : Attaque Buckley	Alekhine Defense: Buckley Attack
e4 Nf6 e5 Nd5 Nc3	B02	Défense Alekhine : Attaque Sämisch	Alekhine Defense: Sämisch Attack
e4 Nf6 e5 Nd5 b3	B02	Défense Alekhine : Variante Welling	Alekhine Defense: Welling Variation
e4 Nf6 e5 Nd5 c4	B02	Défense Alekhine : Attaque Two Pawns	Alekhine Defense: Two Pawns Attack
e4 Nf6 e5 Nd5 d4	B03	Défense Alekhine	Alekhine Defense
e4 b6 d4 Bb7 Bg5	B00	Défense Owen : Gambit Naselwaus	Owen Defense: Naselwaus Gambit
e4 b6 d4 Bb7 Nf3	B00	Défense Owen : Gambit Smith	Owen Defense: Smith Gambit
e4 c5 Nc3 Nc6 Nge2	B23	Défense sicilienne : Closed, Variante Chameleon	Sicilian Defense: Closed, Chameleon Variation
e4 c5 Nc3 Nc6 f4	B23	Défense sicilienne : Attaque Grand Prix	Sicilian Defense: Grand Prix Attack
e4 c5 Nc3 Nc6 g3	B24	Défense sicilienne : Closed, Variante fianchetto	Sicilian Defense: Closed, Fianchetto Variation
e4 c5 Nc3 Nc6 g4	B23	Défense sicilienne : Closed, Attaque Grob	Sicilian Defense: Closed, Grob Attack
e4 c5 Nc3 e6 g3	B23	Défense sicilienne : Closed	Sicilian Defense: Closed
e4 c5 Nf3 Nc6 Bb5	B30	Défense sicilienne : Attaque Nyezhmetdinov-Rossolimo	Sicilian Defense: Nyezhmetdinov-Rossolimo Attack
e4 c5 Nf3 Nc6 b4	B30	Défense sicilienne : Gambit Portsmouth	Sicilian Defense: Portsmouth Gambit
e4 c5 Nf3 Nc6 d4	B32	Défense sicilienne : Open	Sicilian Defense: Open
e4 c5 Nf3 Nf6 Nc3	B29	Défense sicilienne : Variante Nimzowitsch, Variante Closed	Sicilian Defense: Nimzowitsch Variation, Closed Variation
e4 c5 Nf3 Nf6 e5	B29	Défense sicilienne : Variante Nimzowitsch, Variante avancée	Sicilian Defense: Nimzowitsch Variation, Advance Variation
e4 c5 Nf3 a6 Be2	B28	Défense sicilienne : Variante O'Kelly, Système Aronin	Sicilian Defense: O'Kelly Variation, Aronin System
e4 c5 Nf3 a6 Nc3	B28	Défense sicilienne : Variante O'Kelly, Système Yerevan	Sicilian Defense: O'Kelly Variation, Yerevan System
e4 c5 Nf3 a6 b3	B28	Défense sicilienne : Variante O'Kelly, Système Kieseritzky	Sicilian Defense: O'Kelly Variation, Kieseritzky System
e4 c5 Nf3 a6 b4	B28	Défense sicilienne : Variante O'Kelly, Gambit aile	Sicilian Defense: O'Kelly Variation, Wing Gambit
e4 c5 Nf3 a6 c3	B28	Défense sicilienne : Variante O'Kelly, Système Venice	Sicilian Defense: O'Kelly Variation, Venice System
e4 c5 Nf3 a6 c4	B28	Défense sicilienne : Variante O'Kelly, Maróczy Bind	Sicilian Defense: O'Kelly Variation, Maróczy Bind
e4 c5 Nf3 a6 d3	B28	Défense sicilienne : Variante O'Kelly, Système calme	Sicilian Defense: O'Kelly Variation, Quiet System
e4 c5 Nf3 a6 d4	B28	Défense sicilienne : Variante O'Kelly, Système Normal	Sicilian Defense: O'Kelly Variation, Normal System
e4 c5 Nf3 a6 g3	B28	Défense sicilienne : Variante O'Kelly, Système Réti	Sicilian Defense: O'Kelly Variation, Réti System
e4 c5 Nf3 d6 Bb5	B51	Défense sicilienne : Variante Moscow	Sicilian Defense: Moscow Variation
e4 c5 Nf3 d6 Bd3	B50	Défense sicilienne : Système Kopec	Sicilian Defense: Kopec System
e4 c5 Nf3 d6 b4	B50	Défense sicilienne : Gambit aile, Variante différé	Sicilian Defense: Wing Gambit, Deferred Variation
e4 c5 Nf3 d6 c3	B50	Défense sicilienne : Variante retardé Alapin, avec d6	Sicilian Defense: Delayed Alapin Variation, with d6
e4 c5 Nf3 d6 d4	B50	Défense sicilienne	Sicilian Defense
e4 c5 Nf3 e6 b3	B40	Défense sicilienne : Variante française, Attaque Westerinen	Sicilian Defense: French Variation, Westerinen Attack
e4 c5 Nf3 e6 b4	B40	Défense sicilienne : aile gambit différé	Sicilian Defense: Wing Gambit Deferred
e4 c5 Nf3 e6 c3	B40	Défense sicilienne : Variante retardé Alapin, avec e6	Sicilian Defense: Delayed Alapin Variation, with e6
e4 c5 Nf3 e6 c4	B40	Défense sicilienne : Variante Kramnik	Sicilian Defense: Kramnik Variation
e4 c5 Nf3 g6 d4	B27	Défense sicilienne : Hyperaccelerated Dragon	Sicilian Defense: Hyperaccelerated Dragon
e4 c5 b3 d5 Bb2	B20	Défense sicilienne : Attaque Euwe, Gambit Prins	Sicilian Defense: Euwe Attack, Prins Gambit
e4 c5 b4 cxb4 Bb2	B20	Défense sicilienne : Gambit aile, Variante Abrahams	Sicilian Defense: Wing Gambit, Abrahams Variation
e4 c5 b4 cxb4 a3	B20	Défense sicilienne : Gambit aile, Variante Marshall	Sicilian Defense: Wing Gambit, Marshall Variation
e4 c5 b4 cxb4 c4	B20	Défense sicilienne : Gambit aile, Variante Santasiere	Sicilian Defense: Wing Gambit, Santasiere Variation
e4 c5 d4 cxd4 Nf3	B21	Défense sicilienne : Gambit Morphy	Sicilian Defense: Morphy Gambit
e4 c5 d4 cxd4 c3	B21	Défense sicilienne : Gambit Smith-Morra	Sicilian Defense: Smith-Morra Gambit
e4 c5 d4 cxd4 f4	B21	Défense sicilienne : Gambit Halasz	Sicilian Defense: Halasz Gambit
e4 c5 f4 d5 Nc3	B21	Défense sicilienne : Attaque McDonnell, Variante Toilet	Sicilian Defense: McDonnell Attack, Toilet Variation
e4 c6 Nc3 d5 Nf3	B10	Défense Caro-Kann : Attaque deux cavaliers	Caro-Kann Defense: Two Knights Attack
e4 c6 Nc3 d5 Qf3	B10	Défense Caro-Kann : Variante Goldman	Caro-Kann Defense: Goldman Variation
e4 c6 Nc3 d5 h3	B10	Défense Caro-Kann : Attaque St. Patrick's	Caro-Kann Defense: St. Patrick's Attack
e4 c6 Nf3 d5 d3	B10	Défense Caro-Kann : Endgame Offer	Caro-Kann Defense: Endgame Offer
e4 c6 b4 d5 b5	B10	Défense Caro-Kann : Attaque Labahn, Gambit Double	Caro-Kann Defense: Labahn Attack, Double Gambit
e4 c6 b4 e5 Bb2	B10	Défense Caro-Kann : Attaque Labahn, Variante polonaise	Caro-Kann Defense: Labahn Attack, Polish Variation
e4 c6 c4 d5 e5	B10	Défense Caro-Kann : Gambit Toikkanen	Caro-Kann Defense: Toikkanen Gambit
e4 c6 d4 d5 Be3	B12	Défense Caro-Kann : Gambit Mieses	Caro-Kann Defense: Mieses Gambit
e4 c6 d4 d5 Nc3	B15	Défense Caro-Kann	Caro-Kann Defense
e4 c6 d4 d5 Nd2	B12	Défense Caro-Kann : Variante moderne	Caro-Kann Defense: Modern Variation
e4 c6 d4 d5 e5	B12	Défense Caro-Kann : Variante avancée	Caro-Kann Defense: Advance Variation
e4 c6 d4 d5 exd5	B13	Défense Caro-Kann : Variante échange	Caro-Kann Defense: Exchange Variation
e4 c6 d4 d5 f3	B12	Défense Caro-Kann : Variante Maróczy	Caro-Kann Defense: Maróczy Variation
e4 d5 exd5 Nf6 d4	B01	Défense scandinave : Variante moderne	Scandinavian Defense: Modern Variation
e4 d6 d4 Nf6 Nf3	B00	Défense Pirc : Gambit Roscher	Pirc Defense: Roscher Gambit
e4 d6 d4 Nf6 f3	B00	Défense Lion : Lion's Jaw	Lion Defense: Lion's Jaw
e4 e5 Bb5 Bc5 b4	C20	Ouverture portugaise : Gambit Miguel	Portuguese Opening: Miguel Gambit
e4 e5 Bb5 Nf6 d4	C20	Ouverture portugaise : Gambit portugaise	Portuguese Opening: Portuguese Gambit
e4 e5 Bc4 Bc5 Qe2	C23	Ouverture du fou : Variante Lopez	Bishop's Opening: Lopez Variation
e4 e5 Bc4 Bc5 b4	C23	Ouverture du fou : Gambit McDonnell	Bishop's Opening: McDonnell Gambit
e4 e5 Bc4 Bc5 c3	C23	Ouverture du fou : Variante Philidor	Bishop's Opening: Philidor Variation
e4 e5 Bc4 Bc5 d4	C23	Ouverture du fou : Gambit Lewis	Bishop's Opening: Lewis Gambit
e4 e5 Bc4 Bc5 f4	C23	Ouverture du fou : Gambit Stein	Bishop's Opening: Stein Gambit
e4 e5 Bc4 Nf6 d4	C24	Ouverture du fou : Gambit Ponziani	Bishop's Opening: Ponziani Gambit
e4 e5 Bc4 Nf6 f4	C24	Ouverture du fou : Défense Berlin, Gambit Greco	Bishop's Opening: Berlin Defense, Greco Gambit
e4 e5 Bc4 f5 d3	C23	Ouverture du fou : Contre-gambit Calabrese, Variante Jaenisch	Bishop's Opening: Calabrese Countergambit, Jaenisch Variation
e4 e5 Nc3 Bc5 Na4	C25	Partie viennoise : Variante Hamppe-Meitner	Vienna Game: Hamppe-Meitner Variation
e4 e5 Nc3 Bc5 Qg4	C25	Partie viennoise : Attaque Giraffe	Vienna Game: Giraffe Attack
e4 e5 Nc3 Nc6 d4	C25	Partie viennoise : Gambit Fyfe	Vienna Game: Fyfe Gambit
e4 e5 Nc3 Nc6 f4	C25	Vienna gambit, Défense avec Max Lange	Vienna Gambit, with Max Lange Defense
e4 e5 Nc3 Nc6 g3	C25	Partie viennoise : Variante Paulsen	Vienna Game: Paulsen Variation
e4 e5 Nc3 Nf6 Bc4	C26	Partie viennoise : Variante Stanley	Vienna Game: Stanley Variation
e4 e5 Nc3 Nf6 a3	C26	Partie viennoise : Variante Mengarini	Vienna Game: Mengarini Variation
e4 e5 Nc3 Nf6 f4	C29	Partie viennoise : Gambit Vienna	Vienna Game: Vienna Gambit
e4 e5 Nc3 Nf6 g3	C26	Partie viennoise : Variante Mieses	Vienna Game: Mieses Variation
e4 e5 Nc3 d6 f4	C25	Partie viennoise : Gambit Omaha	Vienna Game: Omaha Gambit
e4 e5 Nf3 Nc6 Bb5	C60	Partie espagnole (Ruy López)	Ruy Lopez
e4 e5 Nf3 Nc6 Bc4	C50	Partie italienne	Italian Game
e4 e5 Nf3 Nc6 Be2	C44	Partie du pion roi : Tayler ouverture	King's Pawn Game: Tayler Opening
e4 e5 Nf3 Nc6 Nc3	C46	Ouverture des trois cavaliers	Three Knights Opening
e4 e5 Nf3 Nc6 Nxe5	C44	Gambit irlandais	Irish Gambit
e4 e5 Nf3 Nc6 b4	C44	Partie du pion roi : Gambit Pachman aile	King's Pawn Game: Pachman Wing Gambit
e4 e5 Nf3 Nc6 c3	C44	Ouverture Ponziani	Ponziani Opening
e4 e5 Nf3 Nc6 c4	C44	Partie du pion roi : Dresden ouverture	King's Pawn Game: Dresden Opening
e4 e5 Nf3 Nc6 d4	C44	Partie écossaise	Scotch Game
e4 e5 Nf3 Nc6 g3	C44	Ouverture du cavalier-roi : Konstantinopolsky	King's Knight Opening: Konstantinopolsky
e4 e5 Nf3 Nf6 Bc4	C42	Défense Petroff (russe) : Variante italienne	Petrov's Defense: Italian Variation
e4 e5 Nf3 Nf6 Nc3	C42	Défense Petroff (russe) : trois cavaliers Game	Petrov's Defense: Three Knights Game
e4 e5 Nf3 Nf6 Nxe5	C42	Défense Petroff (russe)	Petrov's Defense
e4 e5 Nf3 Nf6 d4	C43	Défense Petroff (russe) : Attaque moderne	Petrov's Defense: Modern Attack
e4 e5 Nf3 d6 Bc4	C41	Défense Philidor	Philidor Defense
e4 e5 Nf3 d6 d4	C41	Défense Philidor	Philidor Defense
e4 e5 Nf3 f5 Bc4	C40	Gambit letton : Attaque Mayet	Latvian Gambit: Mayet Attack
e4 e5 Nf3 f5 Nc3	C40	Gambit letton : Variante Mlotkowski	Latvian Gambit: Mlotkowski Variation
e4 e5 Nf3 f5 b4	C40	Gambit letton : Gambit Senechaud	Latvian Gambit: Senechaud Gambit
e4 e5 Nf3 f5 c4	C40	Gambit letton : Contre-gambit Diepstraten	Latvian Gambit: Diepstraten Countergambit
e4 e5 Nf3 f5 d4	C40	Gambit letton : Contre-gambit Mason	Latvian Gambit: Mason Countergambit
e4 e5 Nf3 f5 exf5	C40	Gambit letton accepté	Latvian Gambit Accepted
e4 e5 Nf3 f5 g4	C40	Gambit letton : Gambit Lobster	Latvian Gambit: Lobster Gambit
e4 e5 Qg4 Nf6 Qf5	C20	Ouverture du pion roi : Speers	King's Pawn Opening: Speers
e4 e5 d4 exd4 Bc4	C21	Partie du centre : Gambit von der Lasa	Center Game: von der Lasa Gambit
e4 e5 d4 exd4 Bd3	C21	Partie du centre : Gambit Ross	Center Game: Ross Gambit
e4 e5 d4 exd4 Nf3	C21	Partie du centre : Variante Kieseritzky	Center Game: Kieseritzky Variation
e4 e5 d4 exd4 Qxd4	C21	Partie du centre	Center Game
e4 e5 d4 exd4 c3	C21	Gambit danois	Danish Gambit
e4 e5 d4 exd4 f4	C21	Partie du centre : Gambit Halasz-McDonnell	Center Game: Halasz-McDonnell Gambit
e4 e5 f3 Nf6 Nc3	C20	Partie du pion roi : King's Head ouverture	King's Pawn Game: King's Head Opening
e4 e5 f4 Bc5 Qh5	C30	Gambit du roi refusé : Variante classique, Attaque Walthoffen	King's Gambit Declined: Classical Variation, Walthoffen Attack
e4 e5 f4 Qh4 g3	C30	Gambit du roi refusé : Défense Keene's	King's Gambit Declined: Keene's Defense
e4 e5 f4 d5 Nc3	C31	Gambit du roi refusé : Contre-gambit Falkbeer, Variante Milner-Barry	King's Gambit Declined: Falkbeer Countergambit, Milner-Barry Variation
e4 e5 f4 d5 Nf3	C31	Gambit du roi refusé : Contre-gambit Falkbeer, Attaque Blackburne	King's Gambit Declined: Falkbeer Countergambit, Blackburne Attack
e4 e5 f4 d5 d4	C31	Gambit du roi refusé : Contre-gambit Falkbeer, Gambit Hinrichsen	King's Gambit Declined: Falkbeer Countergambit, Hinrichsen Gambit
e4 e5 f4 d5 exd5	C31	Gambit du roi refusé : Falkbeer contre-gambit accepté	King's Gambit Declined: Falkbeer Countergambit Accepted
e4 e5 f4 exf4 Bb5	C33	Gambit du roi accepté : Gambit Schurig, avec Bb5	King's Gambit Accepted: Schurig Gambit, with Bb5
e4 e5 f4 exf4 Bc4	C33	Gambit du roi accepté : Gambit fou's	King's Gambit Accepted: Bishop's Gambit
e4 e5 f4 exf4 Bd3	C33	Gambit du roi accepté : Gambit Schurig, avec Bd3	King's Gambit Accepted: Schurig Gambit, with Bd3
e4 e5 f4 exf4 Be2	C33	Gambit du roi accepté : Gambit Tartakower	King's Gambit Accepted: Tartakower Gambit
e4 e5 f4 exf4 Kf2	C33	Gambit du roi accepté : Tumbleweed	King's Gambit Accepted: Tumbleweed
e4 e5 f4 exf4 Nc3	C33	Gambit du roi accepté : Gambit Mason-Keres	King's Gambit Accepted: Mason-Keres Gambit
e4 e5 f4 exf4 Ne2	C33	Gambit du roi accepté : Gambit Paris	King's Gambit Accepted: Paris Gambit
e4 e5 f4 exf4 Nf3	C34	Gambit du roi accepté : Gambit King's cavalier's	King's Gambit Accepted: King's Knight's Gambit
e4 e5 f4 exf4 Nh3	C33	Gambit du roi accepté : Variante Eisenberg	King's Gambit Accepted: Eisenberg Variation
e4 e5 f4 exf4 Qe2	C33	Gambit du roi accepté : Gambit Basman	King's Gambit Accepted: Basman Gambit
e4 e5 f4 exf4 Qf3	C33	Gambit du roi accepté : Gambit Breyer	King's Gambit Accepted: Breyer Gambit
e4 e5 f4 exf4 Qg4	C33	Gambit du roi accepté : Variante Dodo	King's Gambit Accepted: Dodo Variation
e4 e5 f4 exf4 Qh5	C33	Gambit du roi accepté : Gambit Carrera	King's Gambit Accepted: Carrera Gambit
e4 e5 f4 exf4 b3	C33	Gambit du roi accepté : Gambit Orsini	King's Gambit Accepted: Orsini Gambit
e4 e5 f4 exf4 d4	C33	Gambit du roi accepté : Gambit Villemson	King's Gambit Accepted: Villemson Gambit
e4 e5 f4 exf4 g3	C33	Gambit du roi accepté : Gambit Gaga	King's Gambit Accepted: Gaga Gambit
e4 e5 f4 exf4 h4	C33	Gambit du roi accepté : Gambit Stamma	King's Gambit Accepted: Stamma Gambit
e4 e6 Nc3 d5 f4	C00	Défense française : Variante Pelikan	French Defense: Pelikan Variation
e4 e6 Nf3 d5 Nc3	C00	Défense française : Variante deux cavaliers	French Defense: Two Knights Variation
e4 e6 b3 d5 Bb2	C00	Défense française : Attaque Horwitz, Gambit Papa-Ticulat	French Defense: Horwitz Attack, Papa-Ticulat Gambit
e4 e6 b4 Bxb4 e5	C00	Défense française : Gambit Banzai-Leong, Gambit Pinova	French Defense: Banzai-Leong Gambit, Pinova Gambit
e4 e6 d4 a6 c4	C00	Défense française : Défense St. George, Attaque Three Pawn	French Defense: St. George Defense, Three Pawn Attack
e4 e6 d4 c5 d5	A43	Défense Benoni : française Benoni	Benoni Defense: French Benoni
e4 e6 d4 d5 Bd3	C00	Défense française : Variante Schlechter	French Defense: Schlechter Variation
e4 e6 d4 d5 Be3	C00	Défense française : Gambit Alapin	French Defense: Alapin Gambit
e4 e6 d4 d5 Nc3	C10	Défense française : Variante Paulsen	French Defense: Paulsen Variation
e4 e6 d4 d5 Nd2	C03	Défense française : Variante Tarrasch	French Defense: Tarrasch Variation
e4 e6 d4 d5 Nf3	C00	Défense française : Gambit Perseus	French Defense: Perseus Gambit
e4 e6 d4 d5 Nh3	C00	Défense française : Gambit Morphy	French Defense: Morphy Gambit
e4 e6 d4 d5 c4	C00	Défense française : Gambit Diemer-Duhm	French Defense: Diemer-Duhm Gambit
e4 e6 d4 d5 e5	C02	Défense française : Variante avancée	French Defense: Advance Variation
e4 e6 d4 d5 exd5	C01	Défense française : Variante échange	French Defense: Exchange Variation
e4 e6 d4 f5 exf5	C00	Défense française : Franco-Hiva gambit accepté	French Defense: Franco-Hiva Gambit Accepted
e4 g6 d4 Bg7 Bc4	B06	Défense moderne : Attaque fou	Modern Defense: Bishop Attack
e4 g6 d4 Bg7 Bd2	B06	Défense moderne : Gambit Westermann	Modern Defense: Westermann Gambit
e4 g6 d4 Bg7 Bd3	B06	Défense moderne : Gambit Wind	Modern Defense: Wind Gambit
e4 g6 d4 Bg7 Nc3	B06	Défense moderne : Standard ligne	Modern Defense: Standard Line
e4 g6 d4 Bg7 f4	B06	Défense moderne : Attaque Three Pawns	Modern Defense: Three Pawns Attack
f3 e5 e4 Nf6 Bc4	C20	Ouverture Barnes : Walkerling	Barnes Opening: Walkerling
f3 f5 e4 fxe4 Nc3	A00	Ouverture Barnes : Gambit Gedult	Barnes Opening: Gedult Gambit
f4 Nf6 Nf3 g6 b4	A02	Ouverture de l'oiseau (Bird) : Attaque Batavo-polonaise	Bird Opening: Batavo-Polish Attack
g3 d5 Bg2 e5 b4	A00	Ouverture hongroise : Gambit Bücker	Hungarian Opening: Bücker Gambit
g3 e5 Nf3 e4 Nh4	A00	Ouverture hongroise : Défense inversée norvégienne	Hungarian Opening: Reversed Norwegian Defense
g4 d5 Bg2 Bxg4 c4	A00	Ouverture Grob : Gambit Grob, Gambit Fritz	Grob Opening: Grob Gambit, Fritz Gambit
g4 d5 Bg2 c6 g5	A00	Ouverture Grob : Attaque Spike	Grob Opening: Spike Attack
g4 d5 Bg2 h5 gxh5	A00	Ouverture Grob : Gambit Grob, Gambit Basman	Grob Opening: Grob Gambit, Basman Gambit
g4 d5 e4 dxe4 Nc3	A00	Ouverture Grob : Gambit Zilbermints	Grob Opening: Zilbermints Gambit
g4 e5 Bg2 d5 c4	A00	Ouverture Grob : Spike, Attaque Hurst	Grob Opening: Spike, Hurst Attack
h4 d5 d4 c5 e4	A00	Ouverture Kádas : Variante Myers	Kádas Opening: Myers Variation
h4 e5 d4 exd4 c3	A00	Ouverture Kádas : Gambit Kádas	Kádas Opening: Kádas Gambit
h4 f5 e4 fxe4 d3	A00	Ouverture Kádas : Gambit Steinbok	Kádas Opening: Steinbok Gambit
Na3 e5 Nc4 Nc6 e4 f5	A00	Attaque Sodium : Gambit Durkin	Sodium Attack: Durkin Gambit
Nc3 d5 e3 e5 d4 Bb4	A00	Ouverture Van Geet : Gambit Sleipnir	Van Geet Opening: Sleipnir Gambit
Nc3 d5 f4 d4 Ne4 c5	A00	Ouverture Van Geet : Gambit Melleby	Van Geet Opening: Melleby Gambit
Nc3 d5 f4 d4 Ne4 e5	A00	Ouverture Van Geet : Gambit Pfeiffer	Van Geet Opening: Pfeiffer Gambit
Nc3 d6 f4 e5 fxe5 Nc6	A00	Ouverture Van Geet : Gambit Hergert	Van Geet Opening: Hergert Gambit
Nc3 e5 e3 d5 Qh5 Be6	A00	Ouverture Van Geet : Gambit Hulsemann	Van Geet Opening: Hulsemann Gambit
Nc3 e5 e3 d5 Qh5 Nf6	A00	Ouverture Van Geet : Gambit Liebig	Van Geet Opening: Liebig Gambit
Nf3 Nf6 g3 d5 Bg2 e6	A07	Attaque indienne du roi, avec e6	King's Indian Attack, with e6
Nf3 d5 c4 c6 b3 Bf5	A12	Ouverture Réti : Variante Anglo-Slav, Variante Bogoljubow	Réti Opening: Anglo-Slav Variation, Bogoljubow Variation
Nf3 d5 c4 c6 b3 Bg4	A12	Ouverture Réti : Variante Anglo-Slav, Variante Bogoljubow	Réti Opening: Anglo-Slav Variation, Bogoljubow Variation
Nf3 d5 c4 d4 b4 c5	A09	Ouverture Réti : Variante avancée, Gambit Michel	Réti Opening: Advance Variation, Michel Gambit
Nf3 d5 c4 d4 b4 g5	A09	Ouverture Réti : Variante avancée, Gambit Navara	Réti Opening: Advance Variation, Navara Gambit
Nf3 d5 c4 dxc4 e3 Be6	A09	Ouverture Réti : Gambit Réti, Variante Keres	Réti Opening: Réti Gambit, Keres Variation
Nf3 d5 g3 Bg4 Bg2 Nd7	A07	Attaque indienne du roi : Variante Keres	King's Indian Attack: Keres Variation
Nf3 d5 g3 c5 Bg2 Nc6	A08	Attaque indienne du roi : Variante française	King's Indian Attack: French Variation
Nf3 e5 Nxe5 Nc6 Nxc6 dxc6	A04	Ouverture Zukertort : The Walrus	Zukertort Opening: The Walrus
Nf3 f6 e4 Nh6 d4 Nf7	A04	Ouverture Zukertort : Défense Arctic, Variante Drunken cavalier	Zukertort Opening: Arctic Defense, Drunken Knight Variation
a4 b6 d4 d5 Nc3 Nd7	A00	Ouverture Ware : Gambit Cologne	Ware Opening: Cologne Gambit
b3 e5 Bb2 Nc6 c4 Nf6	A01	Attaque Nimzo-Larsen : Variante moderne	Nimzo-Larsen Attack: Modern Variation
b4 e6 Bb2 Nf6 b5 a6	A00	Ouverture polonaise (Orang-outan) : Défense aile dame	Polish Opening: Queenside Defense
b4 e6 Bb2 Nf6 b5 b6	A00	Ouverture polonaise (Orang-outan) : Variante Queen's indienne	Polish Opening: Queen's Indian Variation
c4 Nf6 Nc3 e6 Nf3 Bb4	A17	Ouverture anglaise : Défense Anglo-indienne, Nimzo-anglaise	English Opening: Anglo-Indian Defense, Nimzo-English
c4 Nf6 Nf3 d5 cxd5 Nxd5	A15	Ouverture anglaise : Défense Anglo-indienne, Défense scandinave, Variante échange	English Opening: Anglo-Indian Defense, Scandinavian Defense, Exchange Variation
c4 Nf6 Nf3 g6 g3 c6	A15	Ouverture anglaise : Défense Anglo-indienne, Formation Slav	English Opening: Anglo-Indian Defense, Slav Formation
c4 Nf6 Nf3 g6 g3 d5	A15	Ouverture anglaise : Défense Anglo-indienne, Formation Grünfeld	English Opening: Anglo-Indian Defense, Grünfeld Formation
c4 c5 Nc3 Nf6 Nf3 e5	A35	Ouverture anglaise : Variante symétrique	English Opening: Symmetrical Variation
c4 c5 Nf3 Nf6 Nc3 Nc6	A35	Ouverture anglaise : Variante symétrique, Variante quatre cavaliers	English Opening: Symmetrical Variation, Four Knights Variation
c4 d5 cxd5 Qxd5 Nc3 Qa5	A10	Ouverture anglaise : Défense Anglo-scandinave, Variante Malvinas	English Opening: Anglo-Scandinavian Defense, Malvinas Variation
c4 e5 Nc3 Nf6 Nf3 Nc6	A28	Ouverture anglaise : Variante King's anglaise, Variante quatre cavaliers	English Opening: King's English Variation, Four Knights Variation
c4 e5 Nc3 Nf6 g3 Bb4	A22	Ouverture anglaise : Variante King's anglaise, Variante deux cavaliers, Système Smyslov	English Opening: King's English Variation, Two Knights Variation, Smyslov System
c4 e5 Nc3 Nf6 g3 c6	A23	Ouverture anglaise : Variante King's anglaise, Variante deux cavaliers, Variante Keres	English Opening: King's English Variation, Two Knights Variation, Keres Variation
c4 e5 Nc3 Nf6 g3 d5	A22	Ouverture anglaise : Variante King's anglaise, Variante deux cavaliers, inversée Dragon	English Opening: King's English Variation, Two Knights Variation, Reversed Dragon
c4 e5 Nc3 Nf6 g3 g6	A24	Ouverture anglaise : Variante King's anglaise, Variante deux cavaliers, fianchetto ligne	English Opening: King's English Variation, Two Knights Variation, Fianchetto Line
c4 e5 Nc3 d6 Nf3 Bg4	A21	Ouverture anglaise : Variante King's anglaise, Défense Smyslov	English Opening: King's English Variation, Smyslov Defense
c4 e5 Nc3 d6 g3 c6	A21	Ouverture anglaise : Variante King's anglaise, Défense Keres	English Opening: King's English Variation, Keres Defense
c4 e6 Nc3 Nf6 Nf3 b6	A17	Ouverture anglaise : Défense Anglo-indienne, Formation Queen's indienne	English Opening: Anglo-Indian Defense, Queen's Indian Formation
c4 e6 Nc3 Nf6 e4 Nc6	A18	Ouverture anglaise : Variante Mikenas-Carls	English Opening: Mikenas-Carls Variation
c4 e6 Nc3 Nf6 e4 c5	A19	Ouverture anglaise : Mikenas-Carls, Sicilian	English Opening: Mikenas-Carls, Sicilian
c4 e6 Nf3 Nf6 g3 a6	A15	Ouverture anglaise : Défense Anglo-indienne, Variante Romanishin	English Opening: Anglo-Indian Defense, Romanishin Variation
c4 e6 Nf3 d5 g3 Nf6	A13	Ouverture anglaise : Neo-Catalan	English Opening: Neo-Catalan
c4 e6 Nf3 d5 g3 c5	A13	Ouverture anglaise : Défense Agincourt, Défense Catalan	English Opening: Agincourt Defense, Catalan Defense
c4 e6 Nf3 d5 g3 c6	A13	Ouverture anglaise : Défense Agincourt, Défense Kurajica	English Opening: Agincourt Defense, Kurajica Defense
d4 Nc6 c4 e5 d5 Nce7	A40	Défense Mikenas : Variante Lithuanian	Mikenas Defense: Lithuanian Variation
d4 Nc6 c4 e5 d5 Nd4	A40	Défense Mikenas : Variante Cannstatter	Mikenas Defense: Cannstatter Variation
d4 Nf6 Bg5 Ne4 Bf4 g5	A45	Attaque Trompowsky : Variante Borg	Trompowsky Attack: Borg Variation
d4 Nf6 Nc3 d5 Bg5 Bf5	D01	Attaque Richter-Veresov	Richter-Veresov Attack
d4 Nf6 Nc3 d5 Bg5 Ne4	D01	Attaque Richter-Veresov : Défense Boyce	Richter-Veresov Attack: Boyce Defense
d4 Nf6 Nf3 b6 c3 e5	A47	Défense indienne : Gambit Schnepper	Indian Defense: Schnepper Gambit
d4 Nf6 Nf3 c5 d5 b5	A43	Défense indienne : Pseudo-Benko	Indian Defense: Pseudo-Benko
d4 Nf6 Nf3 c5 d5 c4	A43	Défense Benoni : Variante Hawk	Benoni Defense: Hawk Variation
d4 Nf6 Nf3 e6 Bg5 h6	A46	Attaque Torre : Défense classique, Variante Nimzowitsch	Torre Attack: Classical Defense, Nimzowitsch Variation
d4 Nf6 c4 c5 d5 Ne4	A56	Défense Vautour	Vulture Defense
d4 Nf6 c4 c5 d5 b5	A57	Gambit Benko	Benko Gambit
d4 Nf6 c4 c5 d5 d6	A56	Défense Benoni : Système Hromádka	Benoni Defense: Hromádka System
d4 Nf6 c4 c5 d5 e5	A56	Défense Benoni : Défense tchèque Benoni	Benoni Defense: Czech Benoni Defense
d4 Nf6 c4 c5 d5 e6	A60	Défense Benoni : Variante moderne	Benoni Defense: Modern Variation
d4 Nf6 c4 c5 dxc5 e6	A56	Défense Benoni : Variante Weenink	Benoni Defense: Weenink Variation
d4 Nf6 c4 d6 Nc3 Bf5	A53	Ancienne défense indienne : Variante Janowski	Old Indian Defense: Janowski Variation
d4 Nf6 c4 d6 Nc3 c6	A53	Ancienne défense indienne : Variante tchèque, avec Nc3	Old Indian Defense: Czech Variation, with Nc3
d4 Nf6 c4 d6 Nc3 e5	A54	Ancienne défense indienne : Variante Ukrainian	Old Indian Defense: Ukrainian Variation
d4 Nf6 c4 d6 Nf3 Bg4	A54	Ancienne défense indienne : Tartakower-indienne	Old Indian Defense: Tartakower-Indian
d4 Nf6 c4 d6 Nf3 c6	A53	Ancienne défense indienne : Variante tchèque, avec Nf3	Old Indian Defense: Czech Variation, with Nf3
d4 Nf6 c4 e5 dxe5 Ne4	A51	Défense indienne : Budapest gambit accepté, Défense Fajarowicz	Indian Defense: Budapest Gambit Accepted, Fajarowicz Defense
d4 Nf6 c4 e5 dxe5 Ng4	A52	Défense indienne : Budapest gambit accepté, ligne principale	Indian Defense: Budapest Gambit Accepted, Main Line
d4 Nf6 c4 e6 Nc3 Bb4	E20	Défense nimzo-indienne	Nimzo-Indian Defense
d4 Nf6 c4 e6 Nf3 Bb4	E11	Défense bogo-indienne	Bogo-Indian Defense
d4 Nf6 c4 e6 Nf3 Ne4	E10	Défense indienne : Döry indienne	Indian Defense: Döry Indian
d4 Nf6 c4 e6 Nf3 a6	E10	Défense indienne : Défense Dzindzi-indienne	Indian Defense: Dzindzi-Indian Defense
d4 Nf6 c4 e6 Nf3 b6	E12	Défense indienne de la dame	Queen's Indian Defense
d4 Nf6 c4 e6 g3 d5	E00	Ouverture catalane	Catalan Opening
d4 Nf6 c4 e6 g3 e5	E00	Ouverture catalane : Gambit hongroise	Catalan Opening: Hungarian Gambit
d4 Nf6 c4 g6 Nc3 d5	D80	Défense Grünfeld	Grünfeld Defense
d4 Nf6 c4 g6 Nf3 d5	D70	Défense néo-Grünfeld : avec Nf3	Neo-Grünfeld Defense: with Nf3
d4 Nf6 c4 g6 d5 b5	E60	Défense indienne : Anti-Grünfeld, Gambit Adorjan	Indian Defense: Anti-Grünfeld, Adorjan Gambit
d4 Nf6 c4 g6 f3 d5	D70	Défense néo-Grünfeld : Attaque Goglidze	Neo-Grünfeld Defense: Goglidze Attack
d4 Nf6 c4 g6 f3 e5	E60	Défense indienne : Anti-Grünfeld, Variante Alekhine, Gambit Leko	Indian Defense: Anti-Grünfeld, Alekhine Variation, Leko Gambit
d4 Nf6 c4 g6 g3 d5	D70	Défense néo-Grünfeld : avec g3	Neo-Grünfeld Defense: with g3
d4 b6 c4 Bb7 Nc3 e5	A40	Défense anglaise : Gambit Eastbourne	English Defense: Eastbourne Gambit
d4 c5 Nf3 cxd4 b4 e5	A43	Défense Benoni : Gambit Zilbermints-Benoni, Contre-gambit Tamarkin	Benoni Defense: Zilbermints-Benoni Gambit, Tamarkin Countergambit
d4 c5 d5 Nf6 Nc3 Qa5	A43	Défense Benoni : Woozle	Benoni Defense: Woozle
d4 c5 d5 d6 Nc3 g6	A43	Défense Benoni : ancienne Benoni, Variante Schmid	Benoni Defense: Old Benoni, Schmid Variation
d4 c5 d5 e5 e4 d6	A44	Défense Benoni : Semi-Benoni	Benoni Defense: Semi-Benoni
d4 c6 Nf3 Nf6 c4 b5	A40	Slave indienne : Gambit Kudischewitsch	Slav Indian: Kudischewitsch Gambit
d4 d5 Bf4 c5 e4 dxe4	D00	Partie du pion dame : Système Accelerated London, Contre-gambit Steinitz, Morris contre-gambit accepté	Queen's Pawn Game: Accelerated London System, Steinitz Countergambit, Morris Countergambit Accepted
d4 d5 Nc3 Nf6 Bf4 e6	D01	Système Rapport-Jobava	Rapport-Jobava System
d4 d5 Nc3 Nf6 Bf4 g6	D01	Système Rapport-Jobava	Rapport-Jobava System
d4 d5 Nf3 Nf6 Bg5 Ne4	D03	Partie du pion dame : Attaque Torre, Variante Gossip	Queen's Pawn Game: Torre Attack, Gossip Variation
d4 d5 Nf3 Nf6 Bg5 g6	D03	Partie du pion dame : Attaque Torre, Variante Grünfeld	Queen's Pawn Game: Torre Attack, Grünfeld Variation
d4 d5 Nf3 Nf6 c4 b5	D02	Partie du pion dame : Contre-gambit Zilbermints	Queen's Pawn Game: Zilbermints Countergambit
d4 d5 Nf3 Nf6 e3 Bf5	D04	Partie du pion dame : Système Colle, Anti-Colle	Queen's Pawn Game: Colle System, Anti-Colle
d4 d5 Nf3 Nf6 e3 e6	D05	Partie du pion dame : Système Colle	Queen's Pawn Game: Colle System
d4 d5 Nf3 e6 Bf4 Nf6	D02	Partie du pion dame : Système London, avec e6	Queen's Pawn Game: London System, with e6
d4 d5 c4 Nc6 Nc3 dxc4	D07	Gambit dame refusé : Défense Chigorin	Queen's Gambit Declined: Chigorin Defense
d4 d5 c4 Nc6 Nc3 e5	D07	Gambit dame refusé : Défense Chigorin, Gambit Tartakower	Queen's Gambit Declined: Chigorin Defense, Tartakower Gambit
d4 d5 c4 Nc6 Nf3 Bg4	D07	Gambit dame refusé : Défense Chigorin, ligne principale	Queen's Gambit Declined: Chigorin Defense, Main Line
d4 d5 c4 Nc6 Nf3 e5	D07	Gambit dame refusé : Défense Chigorin, Gambit Lazard	Queen's Gambit Declined: Chigorin Defense, Lazard Gambit
d4 d5 c4 Nc6 cxd5 Qxd5	D07	Gambit dame refusé : Défense Chigorin, Variante échange	Queen's Gambit Declined: Chigorin Defense, Exchange Variation
d4 d5 c4 Nf6 cxd5 c6	D06	Gambit dame refusé : Défense Marshall, Gambit Tan	Queen's Gambit Declined: Marshall Defense, Tan Gambit
d4 d5 c4 c5 cxd5 Nf6	D06	Gambit dame refusé : Défense autrichienne, Contre-gambit Gusev	Queen's Gambit Declined: Austrian Defense, Gusev Countergambit
d4 d5 c4 c5 dxc5 d4	D06	Gambit dame refusé : Attaque autrichienne, Contre-gambit Salvio	Queen's Gambit Declined: Austrian Attack, Salvio Countergambit
d4 d5 c4 c6 Nc3 dxc4	D10	Défense slave	Slav Defense
d4 d5 c4 c6 Nc3 e5	D10	Défense slave : Contre-gambit Winawer	Slav Defense: Winawer Countergambit
d4 d5 c4 dxc4 Nf3 Nd7	D21	Gambit dame accepté : Variante Godes	Queen's Gambit Accepted: Godes Variation
d4 d5 c4 dxc4 Nf3 Nf6	D23	Gambit dame accepté	Queen's Gambit Accepted
d4 d5 c4 dxc4 Nf3 a6	D22	Gambit dame accepté : Défense Alekhine	Queen's Gambit Accepted: Alekhine Defense
d4 d5 c4 dxc4 Nf3 b5	D21	Gambit dame accepté : Gambit Slav	Queen's Gambit Accepted: Slav Gambit
d4 d5 c4 dxc4 Nf3 c5	D21	Gambit dame accepté : Défense Gunsberg	Queen's Gambit Accepted: Gunsberg Defense
d4 d5 c4 dxc4 Nf3 e6	D21	Gambit dame accepté : Variante Rosenthal	Queen's Gambit Accepted: Rosenthal Variation
d4 d5 c4 dxc4 e4 Nc6	D20	Gambit dame accepté : Variante Central, Défense moderne	Queen's Gambit Accepted: Central Variation, Modern Defense
d4 d5 c4 dxc4 e4 Nf6	D20	Gambit dame accepté : Variante Central, Système Alekhine	Queen's Gambit Accepted: Central Variation, Alekhine System
d4 d5 c4 dxc4 e4 b5	D20	Gambit dame accepté : Variante Central, Variante Greco	Queen's Gambit Accepted: Central Variation, Greco Variation
d4 d5 c4 dxc4 e4 c5	D20	Gambit dame accepté : Variante Central, Défense Rubinstein	Queen's Gambit Accepted: Central Variation, Rubinstein Defense
d4 d5 c4 dxc4 e4 e5	D20	Gambit dame accepté : Variante Central, Défense McDonnell	Queen's Gambit Accepted: Central Variation, McDonnell Defense
d4 d5 c4 dxc4 e4 f5	D20	Gambit dame accepté : Défense Schwartz	Queen's Gambit Accepted: Schwartz Defense
d4 d5 c4 e6 Nc3 Be7	D31	Gambit dame refusé : Variante Charousek	Queen's Gambit Declined: Charousek Variation
d4 d5 c4 e6 Nc3 Nf6	D35	Gambit dame refusé : Défense Normal	Queen's Gambit Declined: Normal Defense
d4 d5 c4 e6 Nc3 a6	D31	Gambit dame refusé : Variante Janowski	Queen's Gambit Declined: Janowski Variation
d4 d5 c4 e6 Nc3 c5	D32	Défense Tarrasch	Tarrasch Defense
d4 d5 c4 e6 Nc3 c6	D31	Défense semi-slave : Accelerated Move Order	Semi-Slav Defense: Accelerated Move Order
d4 d5 c4 e6 Nf3 c5	D30	Gambit dame refusé : Défense Tarrasch, Pseudo-Tarrasch	Queen's Gambit Declined: Tarrasch Defense, Pseudo-Tarrasch
d4 d5 e4 dxe4 Nc3 Bf5	D00	Gambit Blackmar-Diemer : Défense Zeller	Blackmar-Diemer Gambit: Zeller Defense
d4 d5 e4 dxe4 Nc3 Nf6	D00	Gambit Blackmar-Diemer	Blackmar-Diemer Gambit
d4 d5 e4 dxe4 Nc3 c5	D00	Gambit Blackmar-Diemer : Contre-gambit inversée Albin	Blackmar-Diemer Gambit: Reversed Albin Countergambit
d4 d5 e4 dxe4 Nc3 e5	D00	Gambit Blackmar-Diemer : Contre-gambit Lemberger	Blackmar-Diemer Gambit: Lemberger Countergambit
d4 d5 e4 dxe4 Nc3 f5	D00	Gambit Blackmar-Diemer : Variante Netherlands	Blackmar-Diemer Gambit: Netherlands Variation
d4 d6 c4 e5 dxe5 Be6	A41	Défense Rat : anglaise Rat, Gambit Pounds	Rat Defense: English Rat, Pounds Gambit
d4 d6 c4 e5 dxe5 Nc6	A41	Défense Rat : anglaise Rat, Gambit Lisbon	Rat Defense: English Rat, Lisbon Gambit
d4 e5 d5 Bc5 e4 Qh4	A40	Gambit Englund refusé : Contre-attaque Diemer	Englund Gambit Declined: Diemer Counterattack
d4 e5 dxe5 Nc6 Nf3 Bc5	A40	Gambit Englund : Gambit Felbecker	Englund Gambit: Felbecker Gambit
d4 e5 dxe5 Nc6 Nf3 Nge7	A40	Gambit Englund : Gambit Zilbermints	Englund Gambit: Zilbermints Gambit
d4 e5 dxe5 Nc6 Nf3 Qe7	A40	Gambit Englund : ligne principale	Englund Gambit: Main Line
d4 e5 dxe5 Nc6 Nf3 f6	A40	Gambit Englund : Soller gambit différé	Englund Gambit: Soller Gambit Deferred
d4 e6 c4 b6 Nc3 d5	D31	Gambit dame refusé : Variante Alapin	Queen's Gambit Declined: Alapin Variation
d4 f5 c4 Nf6 g3 g6	A86	Défense hollandaise : Variante Leningrad	Dutch Defense: Leningrad Variation
d4 f5 c4 g6 Nc3 Nh6	A84	Défense hollandaise : Variante Bladel	Dutch Defense: Bladel Variation
d4 f5 g3 Nf6 Bg2 g6	A81	Défense hollandaise : Variante Semi-Leningrad	Dutch Defense: Semi-Leningrad Variation
d4 g6 Nf3 Bg7 Nc3 d5	D00	Partie du pion dame : Variante Chigorin, Défense fianchetto	Queen's Pawn Game: Chigorin Variation, Fianchetto Defense
d4 g6 c4 Bg7 Nc3 d6	A41	Défense moderne	Modern Defense
d4 g6 c4 Bg7 e4 e5	A41	Défense moderne : Défense Neo-moderne	Modern Defense: Neo-Modern Defense
e4 Nc6 Nc3 Nf6 d4 e5	B00	Défense Nimzowitsch : Variante Breyer	Nimzowitsch Defense: Breyer Variation
e4 Nc6 Nf3 Nf6 e5 Ng4	B00	Défense Nimzowitsch : Défense El Columpio	Nimzowitsch Defense: El Columpio Defense
e4 Nc6 d4 d5 Nc3 Nf6	B00	Défense Nimzowitsch : Variante scandinave, Variante Bogoljubow, Variante Vehre	Nimzowitsch Defense: Scandinavian Variation, Bogoljubow Variation, Vehre Variation
e4 Nc6 d4 d5 Nc3 a6	B00	Défense Nimzowitsch : Variante scandinave, Variante Bogoljubow, Gambit Brandics	Nimzowitsch Defense: Scandinavian Variation, Bogoljubow Variation, Brandics Gambit
e4 Nc6 d4 d5 Nc3 dxe4	B00	Défense Nimzowitsch : Variante scandinave, Variante Bogoljubow	Nimzowitsch Defense: Scandinavian Variation, Bogoljubow Variation
e4 Nc6 d4 d5 Nc3 e5	B00	Défense Nimzowitsch : Variante scandinave, Variante Bogoljubow, Gambit Heinola-Deppe	Nimzowitsch Defense: Scandinavian Variation, Bogoljubow Variation, Heinola-Deppe Gambit
e4 Nc6 d4 d5 Nc3 g6	B00	Défense Nimzowitsch : Variante scandinave, Variante Bogoljubow, Gambit Erben	Nimzowitsch Defense: Scandinavian Variation, Bogoljubow Variation, Erben Gambit
e4 Nc6 d4 d5 exd5 Nb4	B00	Défense Nimzowitsch : Variante scandinave, Gambit Aachen	Nimzowitsch Defense: Scandinavian Variation, Aachen Gambit
e4 Nc6 d4 d5 exd5 Qxd5	B00	Défense Nimzowitsch : Variante scandinave, Variante échange	Nimzowitsch Defense: Scandinavian Variation, Exchange Variation
e4 Nc6 d4 e5 dxe5 Bc5	B00	Défense Nimzowitsch : Variante Kennedy, Gambit Bielefelder	Nimzowitsch Defense: Kennedy Variation, Bielefelder Gambit
e4 Nc6 d4 e5 dxe5 Qh4	B00	Défense Nimzowitsch : Variante Kennedy, Gambit Herford	Nimzowitsch Defense: Kennedy Variation, Herford Gambit
e4 Nc6 d4 e5 dxe5 d6	B00	Défense Nimzowitsch : Variante Kennedy, Gambit de Smet	Nimzowitsch Defense: Kennedy Variation, de Smet Gambit
e4 Nc6 d4 e5 dxe5 f6	B00	Défense Nimzowitsch : Variante Kennedy, Gambit Hammer	Nimzowitsch Defense: Kennedy Variation, Hammer Gambit
e4 Nf6 Nc3 d5 exd5 c6	B02	Défense Alekhine : Variante scandinave, Gambit Geschev	Alekhine Defense: Scandinavian Variation, Geschev Gambit
e4 Nf6 e5 Nd5 c4 Nf4	B02	Défense Alekhine : The Squirrel	Alekhine Defense: The Squirrel
e4 Nf6 e5 Nd5 d4 b5	B03	Défense Alekhine : Gambit O'Sullivan	Alekhine Defense: O'Sullivan Gambit
e4 Nf6 e5 Nd5 d4 d6	B03	Défense Alekhine	Alekhine Defense
e4 Nf6 e5 Ne4 d4 e6	B02	Défense Alekhine : Mokele Mbembe, Défense Vavra	Alekhine Defense: Mokele Mbembe, Vavra Defense
e4 Nf6 e5 Ne4 d4 f6	B02	Défense Alekhine : Mokele Mbembe, moderne ligne	Alekhine Defense: Mokele Mbembe, Modern Line
e4 Nf6 e5 Ng8 d4 f5	B02	Défense Alekhine : Variante Brooklyn, Variante Everglades	Alekhine Defense: Brooklyn Variation, Everglades Variation
e4 Nh6 d4 g6 c4 f6	B00	Défense hippopotame	Hippopotamus Defense
e4 b6 d4 Bb7 f3 e5	B00	Défense Owen : Gambit Wind	Owen Defense: Wind Gambit
e4 b6 d4 c5 dxc5 Nc6	B00	Défense Owen : Gambit Hekili-Loa	Owen Defense: Hekili-Loa Gambit
e4 c5 Nc3 Nc6 g3 g6	B24	Défense sicilienne : Closed	Sicilian Defense: Closed
e4 c5 Nc3 e6 g3 d5	B23	Défense sicilienne : Closed, Défense Korchnoi	Sicilian Defense: Closed, Korchnoi Defense
e4 c5 Nf3 Nc6 Bb5 Nb8	B30	Défense sicilienne : Attaque Nyezhmetdinov-Rossolimo, Défense Brooklyn Retreat	Sicilian Defense: Nyezhmetdinov-Rossolimo Attack, Brooklyn Retreat Defense
e4 c5 Nf3 Nc6 Bb5 g6	B31	Défense sicilienne : Attaque Nyezhmetdinov-Rossolimo, Variante fianchetto	Sicilian Defense: Nyezhmetdinov-Rossolimo Attack, Fianchetto Variation
e4 c5 Nf3 Nc6 Nc3 e5	B30	Défense sicilienne : Closed, Variante Anti-Sveshnikov	Sicilian Defense: Closed, Anti-Sveshnikov Variation
e4 c5 Nf3 Nc6 d4 cxd4	B32	Défense sicilienne : Open	Sicilian Defense: Open
e4 c5 Nf3 Nc6 d4 e6	B32	Défense sicilienne : Variante Franco-Sicilian	Sicilian Defense: Franco-Sicilian Variation
e4 c5 Nf3 a6 c3 Nf6	B28	Défense sicilienne : Variante O'Kelly, Système Venice, Barcza ligne	Sicilian Defense: O'Kelly Variation, Venice System, Barcza Line
e4 c5 Nf3 a6 c3 b5	B28	Défense sicilienne : Variante O'Kelly, Système Venice, Ljubojevic ligne	Sicilian Defense: O'Kelly Variation, Venice System, Ljubojevic Line
e4 c5 Nf3 a6 c3 d6	B28	Défense sicilienne : Variante O'Kelly, Système Venice, Steiner ligne	Sicilian Defense: O'Kelly Variation, Venice System, Steiner Line
e4 c5 Nf3 a6 c4 d6	B28	Défense sicilienne : Variante O'Kelly, Maróczy Bind, Robatsch ligne	Sicilian Defense: O'Kelly Variation, Maróczy Bind, Robatsch Line
e4 c5 Nf3 a6 c4 e6	B28	Défense sicilienne : Variante O'Kelly, Maróczy Bind, Paulsen ligne	Sicilian Defense: O'Kelly Variation, Maróczy Bind, Paulsen Line
e4 c5 Nf3 d6 Bb5 Bd7	B52	Défense sicilienne : Variante Moscow, ligne principale	Sicilian Defense: Moscow Variation, Main Line
e4 c5 Nf3 d6 d4 Nf6	B50	Défense sicilienne : Variantes moderne, Anti-Qxd4 Move Order	Sicilian Defense: Modern Variations, Anti-Qxd4 Move Order
e4 c5 Nf3 d6 d4 cxd4	B50	Défense sicilienne	Sicilian Defense
e4 c5 Nf3 d6 g3 b5	B50	Défense sicilienne : Gambit Kotov	Sicilian Defense: Kotov Gambit
e4 c5 Nf3 e6 d4 a6	B40	Défense sicilienne : Variante Drazic	Sicilian Defense: Drazic Variation
e4 c5 Nf3 e6 d4 cxd4	B40	Défense sicilienne : Variante française, Open	Sicilian Defense: French Variation, Open
e4 c5 Nf3 e6 d4 d5	B40	Défense sicilienne : Contre-attaque Marshall	Sicilian Defense: Marshall Counterattack
e4 c5 Nf3 f5 exf5 Nh6	B27	Défense sicilienne : Gambit Double-hollandaise	Sicilian Defense: Double-Dutch Gambit
e4 c5 Nf3 g6 c4 Bh6	B27	Défense sicilienne : Acton Extension	Sicilian Defense: Acton Extension
e4 c5 Nf3 g6 d4 Bg7	B27	Défense sicilienne : Hyperaccelerated Pterodactyl	Sicilian Defense: Hyperaccelerated Pterodactyl
e4 c5 Nf3 g6 d4 f5	B27	Défense sicilienne : Variante Frederico	Sicilian Defense: Frederico Variation
e4 c5 b4 cxb4 a3 bxa3	B20	Défense sicilienne : Gambit aile, Variante Carlsbad	Sicilian Defense: Wing Gambit, Carlsbad Variation
e4 c5 c3 d5 exd5 Nf6	B22	Défense sicilienne : Variante Alapin, Gambit Anti-Alapin	Sicilian Defense: Alapin Variation, Anti-Alapin Gambit
e4 c5 c3 d5 exd5 Qxd5	B22	Défense sicilienne : Variante Alapin, Défense Barmen	Sicilian Defense: Alapin Variation, Barmen Defense
e4 c5 d4 cxd4 c3 Nf6	B21	Défense sicilienne : Smith-Morra gambit refusé, Formation Alapin	Sicilian Defense: Smith-Morra Gambit Declined, Alapin Formation
e4 c5 d4 cxd4 c3 Qa5	B21	Défense sicilienne : Smith-Morra gambit refusé, Formation aile	Sicilian Defense: Smith-Morra Gambit Declined, Wing Formation
e4 c5 d4 cxd4 c3 d3	B21	Défense sicilienne : Smith-Morra gambit refusé, Variante Push	Sicilian Defense: Smith-Morra Gambit Declined, Push Variation
e4 c5 d4 cxd4 c3 d5	B21	Défense sicilienne : Smith-Morra gambit refusé, Formation scandinave	Sicilian Defense: Smith-Morra Gambit Declined, Scandinavian Formation
e4 c5 d4 cxd4 c3 dxc3	B21	Défense sicilienne : Smith-Morra gambit accepté	Sicilian Defense: Smith-Morra Gambit Accepted
e4 c5 d4 cxd4 c3 e5	B21	Défense sicilienne : Smith-Morra gambit refusé, Formation centre	Sicilian Defense: Smith-Morra Gambit Declined, Center Formation
e4 c5 f4 d5 Nf3 dxe4	B21	Ouverture de l'oiseau (Bird) : Variante hollandaise, Gambit Batavo	Bird Opening: Dutch Variation, Batavo Gambit
e4 c5 f4 d5 exd5 Nf6	B21	Défense sicilienne : Attaque McDonnell, Gambit Tal	Sicilian Defense: McDonnell Attack, Tal Gambit
e4 c6 Nc3 d5 Nf3 Bg4	B11	Défense Caro-Kann : Attaque deux cavaliers, Variante Mindeno	Caro-Kann Defense: Two Knights Attack, Mindeno Variation
e4 c6 c4 d5 exd5 Qxd5	B10	Défense Caro-Kann : Attaque Accelerated Panov, Pseudo-scandinave	Caro-Kann Defense: Accelerated Panov Attack, Pseudo-Scandinavian
e4 c6 d4 Na6 Nc3 Nc7	B12	Défense Caro-Kann : Défense De Bruycker	Caro-Kann Defense: De Bruycker Defense
e4 c6 d4 d5 Nc3 Nf6	B15	Défense Caro-Kann : Attaque Campomanes	Caro-Kann Defense: Campomanes Attack
e4 c6 d4 d5 Nc3 b5	B15	Défense Caro-Kann : Contre-attaque Gurgenidze	Caro-Kann Defense: Gurgenidze Counterattack
e4 c6 d4 d5 Nc3 dxe4	B15	Défense Caro-Kann	Caro-Kann Defense
e4 c6 d4 d5 Nc3 g6	B15	Défense Caro-Kann : Système Gurgenidze	Caro-Kann Defense: Gurgenidze System
e4 c6 d4 d5 Nd2 Qb6	B12	Défense Caro-Kann : Variante Edinburgh	Caro-Kann Defense: Edinburgh Variation
e4 c6 d4 d5 e5 c5	B12	Défense Caro-Kann : Variante avancée, Défense Botvinnik-Carls	Caro-Kann Defense: Advance Variation, Botvinnik-Carls Defense
e4 c6 d4 d5 exd5 cxd5	B13	Défense Caro-Kann : Variante échange	Caro-Kann Defense: Exchange Variation
e4 d5 Nc3 dxe4 Nxe4 e5	B01	Ouverture Van Geet : Défense Grünfeld	Van Geet Opening: Grünfeld Defense
e4 d5 exd5 Nf6 c4 c6	B01	Défense scandinave : Panov Transfer	Scandinavian Defense: Panov Transfer
e4 d5 exd5 Nf6 c4 e6	B01	Défense scandinave : Gambit Icelandic-Palme	Scandinavian Defense: Icelandic-Palme Gambit
e4 d5 exd5 Nf6 d4 Bg4	B01	Défense scandinave : Gambit portugaise	Scandinavian Defense: Portuguese Gambit
e4 d5 exd5 Nf6 d4 Nxd5	B01	Défense scandinave : Variante Marshall	Scandinavian Defense: Marshall Variation
e4 d5 exd5 Nf6 d4 g6	B01	Défense scandinave : Variante Richter	Scandinavian Defense: Richter Variation
e4 d5 exd5 Qxd5 Nc3 Qa5	B01	Défense scandinave : ligne principale	Scandinavian Defense: Main Line
e4 d5 exd5 Qxd5 Nc3 Qd6	B01	Défense scandinave : Défense Gubinsky-Melts	Scandinavian Defense: Gubinsky-Melts Defense
e4 d5 exd5 Qxd5 Nc3 Qd8	B01	Défense scandinave : Variante Valencian	Scandinavian Defense: Valencian Variation
e4 d5 exd5 c6 dxc6 Nxc6	B01	Défense scandinave : Gambit Blackburne	Scandinavian Defense: Blackburne Gambit
e4 d5 exd5 c6 dxc6 e5	B01	Défense scandinave : Gambit Kloosterboer	Scandinavian Defense: Kloosterboer Gambit
e4 d5 exd5 e5 dxe6 Bxe6	B01	Défense scandinave : Gambit Boehnke	Scandinavian Defense: Boehnke Gambit
e4 d6 d4 Nf6 Nc3 Nbd7	B07	Défense Lion	Lion Defense
e4 d6 d4 Nf6 Nc3 c6	B07	Défense tchèque	Czech Defense
e4 d6 d4 Nf6 Nc3 g6	B07	Défense Pirc	Pirc Defense
e4 d6 f4 d5 exd5 Nf6	B00	Défense Rat : Gambit Fuller	Rat Defense: Fuller Gambit
e4 e5 Bc4 Bc5 c3 Qg5	C23	Ouverture du fou : Variante del Rio	Bishop's Opening: del Rio Variation
e4 e5 Bc4 Bc5 c3 d5	C23	Ouverture du fou : Contre-gambit Lewis	Bishop's Opening: Lewis Countergambit
e4 e5 Bc4 Nf6 Nc3 b5	C26	Ouverture du fou : Gambit Horwitz	Bishop's Opening: Horwitz Gambit
e4 e5 Bc4 Nf6 d3 c6	C24	Ouverture du fou : Défense Paulsen	Bishop's Opening: Paulsen Defense
e4 e5 Bc4 b5 Bxb5 c6	C23	Ouverture du fou : Gambit Anderssen	Bishop's Opening: Anderssen Gambit
e4 e5 Bc4 b5 Bxb5 f5	C23	Ouverture du fou : Gambit Thorold	Bishop's Opening: Thorold Gambit
e4 e5 Nc3 Bb4 Qg4 Nf6	C25	Partie viennoise : Contre-gambit Zhuravlev	Vienna Game: Zhuravlev Countergambit
e4 e5 Nc3 Nc6 Bc4 Nf6	C28	Partie viennoise : Variante Stanley, Variante trois cavaliers	Vienna Game: Stanley Variation, Three Knights Variation
e4 e5 Nc3 Nc6 d4 f5	C25	Partie viennoise : Contre-gambit Philidor	Vienna Game: Philidor Countergambit
e4 e5 Nc3 Nf6 Bc4 Bb4	C26	Partie viennoise : Variante Stanley, inversée espagnole	Vienna Game: Stanley Variation, Reversed Spanish
e4 e5 Nc3 Nf6 Bc4 Nxe4	C27	Partie viennoise : Variante Frankenstein-Dracula	Vienna Game: Frankenstein-Dracula Variation
e4 e5 Nc3 Nf6 f4 d5	C29	Partie viennoise : Gambit Vienna, ligne principale	Vienna Game: Vienna Gambit, Main Line
e4 e5 Nf3 Bc5 Nxe5 Nc6	C40	Partie du pion roi : Gambit Busch-Gass, Gambit Chiodini	King's Pawn Game: Busch-Gass Gambit, Chiodini Gambit
e4 e5 Nf3 Nc6 Bb5 Bb4	C60	Partie espagnole (Ruy López) : Défense Alapin	Ruy Lopez: Alapin Defense
e4 e5 Nf3 Nc6 Bb5 Bc5	C64	Partie espagnole (Ruy López) : Variante classique	Ruy Lopez: Classical Variation
e4 e5 Nf3 Nc6 Bb5 Be7	C60	Partie espagnole (Ruy López) : Variante Lucena	Ruy Lopez: Lucena Variation
e4 e5 Nf3 Nc6 Bb5 Na5	C60	Partie espagnole (Ruy López) : Défense Pollock	Ruy Lopez: Pollock Defense
e4 e5 Nf3 Nc6 Bb5 Nb8	C60	Partie espagnole (Ruy López) : Variante Retreat	Ruy Lopez: Retreat Variation
e4 e5 Nf3 Nc6 Bb5 Nd4	C61	Partie espagnole (Ruy López) : Variante Bird	Ruy Lopez: Bird Variation
e4 e5 Nf3 Nc6 Bb5 Nf6	C65	Partie espagnole (Ruy López) : Défense Berlin	Ruy Lopez: Berlin Defense
e4 e5 Nf3 Nc6 Bb5 Nge7	C60	Partie espagnole (Ruy López) : Défense Cozio	Ruy Lopez: Cozio Defense
e4 e5 Nf3 Nc6 Bb5 Qe7	C60	Partie espagnole (Ruy López) : Variante Vinogradov	Ruy Lopez: Vinogradov Variation
e4 e5 Nf3 Nc6 Bb5 a5	C60	Partie espagnole (Ruy López) : Variante Bulgarian	Ruy Lopez: Bulgarian Variation
e4 e5 Nf3 Nc6 Bb5 a6	C70	Partie espagnole (Ruy López) : Défense Morphy	Ruy Lopez: Morphy Defense
e4 e5 Nf3 Nc6 Bb5 b6	C60	Partie espagnole (Ruy López) : Gambit Rotary-Albany	Ruy Lopez: Rotary-Albany Gambit
e4 e5 Nf3 Nc6 Bb5 d5	C60	Partie espagnole (Ruy López) : Contre-gambit espagnole	Ruy Lopez: Spanish Countergambit
e4 e5 Nf3 Nc6 Bb5 d6	C62	Partie espagnole (Ruy López) : Défense Steinitz	Ruy Lopez: Steinitz Defense
e4 e5 Nf3 Nc6 Bb5 f5	C63	Partie espagnole (Ruy López) : Défense Schliemann	Ruy Lopez: Schliemann Defense
e4 e5 Nf3 Nc6 Bb5 f6	C60	Partie espagnole (Ruy López) : Variante Nürnberg	Ruy Lopez: Nürnberg Variation
e4 e5 Nf3 Nc6 Bb5 g5	C60	Partie espagnole (Ruy López) : Gambit Brentano	Ruy Lopez: Brentano Gambit
e4 e5 Nf3 Nc6 Bb5 g6	C60	Partie espagnole (Ruy López) : Défense fianchetto	Ruy Lopez: Fianchetto Defense
e4 e5 Nf3 Nc6 Bc4 Bc5	C50	Partie italienne : Giuoco Piano	Italian Game: Giuoco Piano
e4 e5 Nf3 Nc6 Bc4 Be7	C50	Partie italienne : Défense hongroise	Italian Game: Hungarian Defense
e4 e5 Nf3 Nc6 Bc4 Nd4	C50	Partie italienne : Gambit Blackburne-Kostić	Italian Game: Blackburne-Kostić Gambit
e4 e5 Nf3 Nc6 Bc4 Nf6	C55	Partie italienne : Défense deux cavaliers	Italian Game: Two Knights Defense
e4 e5 Nf3 Nc6 Bc4 d6	C50	Partie italienne : Défense Paris	Italian Game: Paris Defense
e4 e5 Nf3 Nc6 Bc4 f5	C50	Partie italienne : Gambit Rousseau	Italian Game: Rousseau Gambit
e4 e5 Nf3 Nc6 Bc4 h6	C50	Partie italienne : Défense Anti-Fried Liver	Italian Game: Anti-Fried Liver Defense
e4 e5 Nf3 Nc6 Nc3 Bb4	C46	Ouverture des trois cavaliers	Three Knights Opening
e4 e5 Nf3 Nc6 Nc3 Nf6	C47	Partie des quatre cavaliers	Four Knights Game
e4 e5 Nf3 Nc6 Nc3 f5	C46	Ouverture des trois cavaliers : Défense Winawer	Three Knights Opening: Winawer Defense
e4 e5 Nf3 Nc6 Nc3 g6	C46	Ouverture des trois cavaliers : Défense Steinitz	Three Knights Opening: Steinitz Defense
e4 e5 Nf3 Nc6 c3 Be7	C44	Ouverture Ponziani : Variante Romanishin	Ponziani Opening: Romanishin Variation
e4 e5 Nf3 Nc6 c3 Nf6	C44	Ouverture Ponziani : Contre-attaque Jaenisch	Ponziani Opening: Jaenisch Counterattack
e4 e5 Nf3 Nc6 c3 Nge7	C44	Ouverture Ponziani : Variante Réti	Ponziani Opening: Réti Variation
e4 e5 Nf3 Nc6 c3 f5	C44	Ouverture Ponziani : Contre-gambit Ponziani	Ponziani Opening: Ponziani Countergambit
e4 e5 Nf3 Nc6 d4 Nxd4	C44	Partie écossaise : Variante Lolli	Scotch Game: Lolli Variation
e4 e5 Nf3 Nc6 d4 exd4	C44	Partie écossaise	Scotch Game
e4 e5 Nf3 Nf6 Nxe5 Nc6	C42	Défense Petroff (russe) : Gambit Stafford	Petrov's Defense: Stafford Gambit
e4 e5 Nf3 Nf6 Nxe5 Nxe4	C42	Défense Petroff (russe) : Variante Damiano	Petrov's Defense: Damiano Variation
e4 e5 Nf3 Nf6 Nxe5 d6	C42	Défense Petroff (russe)	Petrov's Defense
e4 e5 Nf3 Nf6 d4 d5	C43	Défense Petroff (russe) : Attaque moderne, Variante symétrique	Petrov's Defense: Modern Attack, Symmetrical Variation
e4 e5 Nf3 Nf6 d4 exd4	C43	Défense Petroff (russe) : Attaque moderne	Petrov's Defense: Modern Attack
e4 e5 Nf3 Qe7 Bc4 f5	C40	Partie du pion roi : Défense Gunderam, Gambit Gunderam	King's Pawn Game: Gunderam Defense, Gunderam Gambit
e4 e5 Nf3 d5 exd5 Bd6	C40	Gambit de l'éléphant : Gambit Maróczy	Elephant Gambit: Maróczy Gambit
e4 e5 Nf3 d5 exd5 e4	C40	Gambit de l'éléphant : Contre-gambit Paulsen	Elephant Gambit: Paulsen Countergambit
e4 e5 Nf3 d6 Bc4 Be7	C41	Défense Philidor	Philidor Defense
e4 e5 Nf3 d6 Bc4 f5	C41	Défense Philidor : Contre-gambit Lopez	Philidor Defense: Lopez Countergambit
e4 e5 Nf3 d6 d4 Bd7	C41	Défense Philidor : Gambit Philidor	Philidor Defense: Philidor Gambit
e4 e5 Nf3 d6 d4 Nd7	C41	Défense Philidor : Variante Hanham	Philidor Defense: Hanham Variation
e4 e5 Nf3 d6 d4 Nf6	C41	Défense Philidor : Variante Nimzowitsch	Philidor Defense: Nimzowitsch Variation
e4 e5 Nf3 d6 d4 exd4	C41	Défense Philidor : Variante échange	Philidor Defense: Exchange Variation
e4 e5 Nf3 d6 d4 f5	C41	Défense Philidor : Contre-gambit Philidor	Philidor Defense: Philidor Countergambit
e4 e5 Nf3 f5 Bc4 Nf6	C40	Gambit letton : Attaque Mayet, Défense Morgado	Latvian Gambit: Mayet Attack, Morgado Defense
e4 e5 Nf3 f5 Bc4 b5	C40	Gambit letton : Attaque Mayet, Gambit Strautins	Latvian Gambit: Mayet Attack, Strautins Gambit
e4 e5 Nf3 f5 Nxe5 Nc6	C40	Gambit letton : Défense Fraser	Latvian Gambit: Fraser Defense
e4 e5 Nf3 f5 Nxe5 Qe7	C40	Gambit letton : Variante Greco	Latvian Gambit: Greco Variation
e4 e5 c3 d5 Qh5 Bd6	C20	Partie du pion roi : Attaque MacLeod, Gambit Norwalde	King's Pawn Game: MacLeod Attack, Norwalde Gambit
e4 e5 d3 Nf6 f4 Bc5	C20	Partie du pion roi : Variante Clam, Gambit Radisch	King's Pawn Game: Clam Variation, Radisch Gambit
e4 e5 d4 d6 dxe5 Bd7	C20	Partie du pion roi : Gambit Philidor	King's Pawn Game: Philidor Gambit
e4 e5 d4 exd4 Nf3 c5	C21	Partie du centre : Variante Kieseritzky	Center Game: Kieseritzky Variation
e4 e5 d4 exd4 Qxd4 Nc6	C22	Partie du centre : Variante Normal	Center Game: Normal Variation
e4 e5 d4 exd4 c3 Ne7	C21	Gambit danois accepté : Défense Svenonius	Danish Gambit Accepted: Svenonius Defense
e4 e5 d4 exd4 c3 d5	C21	Gambit danois refusé : Défense Sörensen	Danish Gambit Declined: Sörensen Defense
e4 e5 d4 exd4 c3 dxc3	C21	Gambit danois accepté	Danish Gambit Accepted
e4 e5 f4 Bc5 Nf3 g5	C30	Gambit du roi refusé : Contre-gambit Senechaud	King's Gambit Declined: Senechaud Countergambit
e4 e5 f4 Nc6 Nf3 f5	C30	Gambit du roi refusé : Défense Miles	King's Gambit Declined: Miles Defense
e4 e5 f4 Nc6 Nf3 g5	C30	Gambit du roi refusé : Gambit Zilbermints Double	King's Gambit Declined: Zilbermints Double Gambit
e4 e5 f4 Qh4 g3 Qe7	C30	Gambit du roi refusé : Défense Keene	King's Gambit Declined: Keene Defense
e4 e5 f4 d5 exd5 Bc5	C31	Gambit du roi refusé : Contre-gambit Falkbeer, Gambit Miles	King's Gambit Declined: Falkbeer Countergambit, Miles Gambit
e4 e5 f4 d5 exd5 c6	C31	Gambit du roi refusé : Contre-gambit Falkbeer, Contre-gambit Nimzowitsch-Marshall	King's Gambit Declined: Falkbeer Countergambit, Nimzowitsch-Marshall Countergambit
e4 e5 f4 d5 exd5 e4	C31	Gambit du roi refusé : Contre-gambit Falkbeer, Staunton ligne	King's Gambit Declined: Falkbeer Countergambit, Staunton Line
e4 e5 f4 d5 exd5 exf4	C31	Gambit du roi refusé : Contre-gambit Falkbeer, moderne Transfer	King's Gambit Declined: Falkbeer Countergambit, Modern Transfer
e4 e5 f4 exf4 Bc4 Nc6	C33	Gambit du roi accepté : Gambit fou's, Défense Maurian	King's Gambit Accepted: Bishop's Gambit, Maurian Defense
e4 e5 f4 exf4 Bc4 Ne7	C33	Gambit du roi accepté : Gambit fou's, Défense Steinitz	King's Gambit Accepted: Bishop's Gambit, Steinitz Defense
e4 e5 f4 exf4 Bc4 Nf6	C33	Gambit du roi accepté : Gambit fou's, Défense Cozio	King's Gambit Accepted: Bishop's Gambit, Cozio Defense
e4 e5 f4 exf4 Bc4 b5	C33	Gambit du roi accepté : Gambit fou's, Gambit Kieseritzky	King's Gambit Accepted: Bishop's Gambit, Kieseritzky Gambit
e4 e5 f4 exf4 Bc4 c6	C33	Gambit du roi accepté : Gambit fou's, Défense Lopez	King's Gambit Accepted: Bishop's Gambit, Lopez Defense
e4 e5 f4 exf4 Bc4 d5	C33	Gambit du roi accepté : Gambit fou's, Variante Bledow	King's Gambit Accepted: Bishop's Gambit, Bledow Variation
e4 e5 f4 exf4 Bc4 f5	C33	Gambit du roi accepté : Gambit fou's, Gambit Gianutio	King's Gambit Accepted: Bishop's Gambit, Gianutio Gambit
e4 e5 f4 exf4 Bc4 g5	C33	Gambit du roi accepté : Gambit fou's, Défense Anderssen	King's Gambit Accepted: Bishop's Gambit, Anderssen Defense
e4 e5 f4 exf4 Nf3 Be7	C35	Gambit du roi accepté : Défense Cunningham	King's Gambit Accepted: Cunningham Defense
e4 e5 f4 exf4 Nf3 Nc6	C34	Gambit du roi accepté : Défense MacLeod	King's Gambit Accepted: MacLeod Defense
e4 e5 f4 exf4 Nf3 Ne7	C34	Gambit du roi accepté : Variante Bonsch-Osmolovsky	King's Gambit Accepted: Bonsch-Osmolovsky Variation
e4 e5 f4 exf4 Nf3 Nf6	C34	Gambit du roi accepté : Défense Schallopp	King's Gambit Accepted: Schallopp Defense
e4 e5 f4 exf4 Nf3 d5	C36	Gambit du roi accepté : Défense moderne	King's Gambit Accepted: Modern Defense
e4 e5 f4 exf4 Nf3 d6	C34	Gambit du roi accepté : Défense Fischer	King's Gambit Accepted: Fischer Defense
e4 e5 f4 exf4 Nf3 f5	C34	Gambit du roi accepté : Contre-gambit Gianutio	King's Gambit Accepted: Gianutio Countergambit
e4 e5 f4 exf4 Nf3 g5	C34	Gambit du roi accepté : Gambit King's cavalier's	King's Gambit Accepted: King's Knight's Gambit
e4 e5 f4 exf4 Nf3 h5	C34	Gambit du roi accepté : Défense Wagenbach	King's Gambit Accepted: Wagenbach Defense
e4 e5 f4 exf4 Nf3 h6	C34	Gambit du roi accepté : Défense Becker	King's Gambit Accepted: Becker Defense
e4 e5 f4 f5 exf5 Bc5	C30	Gambit du roi refusé : Contre-gambit Panteldakis, Défense Schiller's	King's Gambit Declined: Panteldakis Countergambit, Schiller's Defense
e4 e5 f4 f5 exf5 Qh4	C30	Gambit du roi refusé : Contre-gambit Panteldakis, Variante Greco	King's Gambit Declined: Panteldakis Countergambit, Greco Variation
e4 e5 f4 f6 fxe5 Nc6	C30	Gambit du roi refusé : Gambit Soller-Zilbermints	King's Gambit Declined: Soller-Zilbermints Gambit
e4 e6 d4 a6 c4 b5	C00	Défense française : Défense St. George, Gambit Sanky-George	French Defense: St. George Defense, Sanky-George Gambit
e4 e6 d4 d5 Nc3 Bb4	C15	Défense française : Variante Winawer	French Defense: Winawer Variation
e4 e6 d4 d5 Nc3 Nc6	C10	Défense française : Variante Hecht-Reefschläger	French Defense: Hecht-Reefschläger Variation
e4 e6 d4 d5 Nc3 Nf6	C11	Défense française : Variante classique	French Defense: Classical Variation
e4 e6 d4 d5 Nc3 c5	C10	Défense française : Gambit Marshall	French Defense: Marshall Gambit
e4 e6 d4 d5 Nc3 dxe4	C10	Défense française : Variante Rubinstein	French Defense: Rubinstein Variation
e4 e6 d4 d5 Nd2 Be7	C03	Défense française : Variante Tarrasch, Variante Morozevich	French Defense: Tarrasch Variation, Morozevich Variation
e4 e6 d4 d5 Nd2 Nc6	C03	Défense française : Variante Tarrasch, Défense Guimard	French Defense: Tarrasch Variation, Guimard Defense
e4 e6 d4 d5 Nd2 Nf6	C05	Défense française : Variante Tarrasch, Variante Closed	French Defense: Tarrasch Variation, Closed Variation
e4 e6 d4 d5 Nd2 a6	C03	Défense française : Variante Tarrasch, Système moderne	French Defense: Tarrasch Variation, Modern System
e4 e6 d4 d5 Nd2 c5	C07	Défense française : Variante Tarrasch, Système Open	French Defense: Tarrasch Variation, Open System
e4 e6 d4 d5 Nd2 f5	C03	Défense française : Variante Tarrasch, Variante Haberditz	French Defense: Tarrasch Variation, Haberditz Variation
e4 e6 d4 d5 c4 dxe4	C00	Défense française : Diemer-Duhm gambit accepté	French Defense: Diemer-Duhm Gambit Accepted
e4 e6 d4 d5 e5 Bd7	C02	Défense française : Variante avancée, Extended fou Swap	French Defense: Advance Variation, Extended Bishop Swap
e4 e6 d4 d5 e5 c5	C02	Défense française : Variante avancée	French Defense: Advance Variation
e4 e6 f4 d5 Nf3 dxe4	C00	Défense française : Variante La Bourdonnais, Gambit Reuter	French Defense: La Bourdonnais Variation, Reuter Gambit
e4 f6 d4 b6 c4 Bb7	B00	Défense Owen : Variante Unicorn	Owen Defense: Unicorn Variation
e4 g5 d4 h6 h4 g4	B00	Défense Borg : Gambit Troon	Borg Defense: Troon Gambit
e4 g6 d4 Bg7 Bc4 b5	B06	Défense moderne : Attaque fou, Gambit Bücker	Modern Defense: Bishop Attack, Bücker Gambit
e4 g6 d4 Bg7 Nc3 b6	B06	Défense moderne : Défense Mongredien, avec Nc3	Modern Defense: Mongredien Defense, with Nc3
e4 g6 d4 Bg7 Nc3 c5	B06	Défense moderne : moderne Pterodactyl	Modern Defense: Modern Pterodactyl
e4 g6 d4 Bg7 Nc3 d5	B06	Défense moderne : Défense Lizard, Gambit Mittenberger	Modern Defense: Lizard Defense, Mittenberger Gambit
e4 g6 d4 Bg7 Nc3 d6	B06	Défense moderne : Défense Standard	Modern Defense: Standard Defense
e4 g6 d4 Bg7 Nf3 b6	B06	Défense moderne : Défense Mongredien, avec Nf3	Modern Defense: Mongredien Defense, with Nf3
e4 g6 d4 d6 Nc3 c6	B06	Défense Rat : Accelerated Gurgenidze	Rat Defense: Accelerated Gurgenidze
f4 d5 Nf3 Nf6 e3 c5	A03	Ouverture de l'oiseau (Bird) : Variante Lasker	Bird Opening: Lasker Variation
f4 e5 fxe5 d6 exd6 Nf6	A02	Ouverture de l'oiseau (Bird) : Gambit From's, Gambit Langheld	Bird Opening: From's Gambit, Langheld Gambit
g3 f5 e4 fxe4 Qh5 g6	A00	Ouverture hongroise : Gambit Pachman	Hungarian Opening: Pachman Gambit
g4 d5 Bg2 Bxg4 c4 d4	A00	Ouverture Grob : Contre-gambit Romford	Grob Opening: Romford Countergambit
g4 d5 e4 dxe4 Nc3 h5	A00	Ouverture Grob : Gambit Zilbermints, Défense Schiller	Grob Opening: Zilbermints Gambit, Schiller Defense
g4 d5 h3 e5 Bg2 c6	A00	Ouverture Grob : Défense Keene	Grob Opening: Keene Defense
Nc3 c5 Nf3 Nc6 d4 cxd4 Nxd4	A00	Ouverture Van Geet : Sicilian deux cavaliers	Van Geet Opening: Sicilian Two Knights
Nc3 c5 d4 cxd4 Qxd4 Nc6 Qh4	A00	Ouverture Van Geet : Variante Novosibirsk	Van Geet Opening: Novosibirsk Variation
Nc3 d5 f4 d4 Ne4 e5 Nf3	A00	Ouverture Van Geet : Gambit Pfeiffer, Contre-gambit Sleipnir	Van Geet Opening: Pfeiffer Gambit, Sleipnir Countergambit
Nc3 e5 b3 d5 e4 dxe4 d3	A00	Ouverture Van Geet : Gambit Gladbacher	Van Geet Opening: Gladbacher Gambit
Nc3 e5 d4 exd4 Qxd4 Nc6 Qa4	A00	Ouverture Van Geet : inversée scandinave	Van Geet Opening: Reversed Scandinavian
Nf3 d5 b3 Nf6 Bb2 c5 e4	A06	Attaque Nimzo-Larsen : Gambit Norfolk	Nimzo-Larsen Attack: Norfolk Gambit
Nf3 d5 b3 c5 c4 dxc4 Nc3	A06	Ouverture Zukertort : Gambit Regina-Nu	Zukertort Opening: Regina-Nu Gambit
Nf3 d5 c4 c6 b3 Bf5 Bb2	A12	Ouverture Réti : Variante Anglo-Slav, Variante Bogoljubow	Réti Opening: Anglo-Slav Variation, Bogoljubow Variation
Nf3 d5 c4 d4 e3 c5 b4	A09	Ouverture Réti : Gambit inversée Blumenfeld	Réti Opening: Reversed Blumenfeld Gambit
Nf3 d5 e3 c5 c4 dxc4 b3	A06	Ouverture Zukertort : Gambit Pachman	Zukertort Opening: Pachman Gambit
Nf3 d5 g3 c5 Bg2 Nc6 d4	A08	Ouverture Zukertort : inversée Grünfeld	Zukertort Opening: Reversed Grünfeld
a4 e5 a5 d5 e3 f5 a6	A00	Ouverture Ware : Gambit Ware	Ware Opening: Ware Gambit
b4 c6 Bb2 a5 b5 cxb5 e4	A00	Ouverture polonaise (Orang-outan) : Gambit Schuehler	Polish Opening: Schuehler Gambit
b4 e6 Bb2 Nf6 b5 d5 e3	A00	Ouverture polonaise (Orang-outan) : Variante Schiffler-Sokolsky	Polish Opening: Schiffler-Sokolsky Variation
c4 Nf6 Nc3 d5 cxd5 Nxd5 Nf3	A16	Ouverture anglaise : Défense Anglo-indienne, Variante Anglo-Grünfeld	English Opening: Anglo-Indian Defense, Anglo-Grünfeld Variation
c4 Nf6 Nc3 g6 Nf3 Bg7 e4	A15	Ouverture anglaise : Défense Anglo-indienne, Anti-Anti-Grünfeld	English Opening: Anglo-Indian Defense, Anti-Anti-Grünfeld
c4 Nf6 g3 c6 Nf3 d5 b3	A12	Ouverture Réti : Variante Anglo-Slav	Réti Opening: Anglo-Slav Variation
c4 c6 Nf3 d5 e3 Nf6 Qc2	A11	Ouverture Réti : Variante Anglo-Slav, Système Gurevich	Réti Opening: Anglo-Slav Variation, Gurevich System
c4 c6 Nf3 d5 g3 Nf6 Bg2	A11	Ouverture Réti : Variante Anglo-Slav, avec g3	Réti Opening: Anglo-Slav Variation, with g3
c4 e5 Nc3 Nf6 Nf3 Nc6 a3	A28	Ouverture anglaise : Variante King's anglaise, Variante quatre cavaliers, Korchnoi ligne	English Opening: King's English Variation, Four Knights Variation, Korchnoi Line
c4 e5 Nc3 Nf6 Nf3 Nc6 d3	A28	Ouverture anglaise : Variante King's anglaise, Variante quatre cavaliers, Flexible ligne	English Opening: King's English Variation, Four Knights Variation, Flexible Line
c4 e5 Nc3 Nf6 Nf3 Nc6 e3	A28	Ouverture anglaise : Variante King's anglaise, Variante quatre cavaliers, calme ligne	English Opening: King's English Variation, Four Knights Variation, Quiet Line
c4 e5 Nc3 Nf6 Nf3 Nc6 e4	A28	Ouverture anglaise : Système quatre cavaliers, Variante Nimzowitsch	English Opening: Four Knights System, Nimzowitsch Variation
c4 e5 Nc3 Nf6 Nf3 Nc6 g3	A29	Ouverture anglaise : Variante King's anglaise, Variante quatre cavaliers, fianchetto ligne	English Opening: King's English Variation, Four Knights Variation, Fianchetto Line
c4 e5 e3 Nf6 f4 exf4 Nf3	A20	Ouverture anglaise : Variante King's anglaise, Gambit Kahiko-Hula	English Opening: King's English Variation, Kahiko-Hula Gambit
c4 e6 Nc3 Nf6 Nf3 Bb4 g4	A17	Ouverture anglaise : Défense Anglo-indienne, Attaque Zvjaginsev-Krasenkow	English Opening: Anglo-Indian Defense, Zvjaginsev-Krasenkow Attack
c4 e6 Nc3 Nf6 e4 d5 e5	A18	Ouverture anglaise : Variante Mikenas-Carls	English Opening: Mikenas-Carls Variation
c4 f5 Nc3 Nf6 e4 fxe4 g4	A10	Ouverture anglaise : Variante Porcupine	English Opening: Porcupine Variation
d4 Nf6 Bg5 c5 d5 Qb6 Nc3	A45	Attaque Trompowsky : Variante Poisoned Pawn	Trompowsky Attack: Poisoned Pawn Variation
d4 Nf6 Nc3 d5 Bg5 Bf5 Bxf6	D01	Attaque Richter-Veresov : Variante Veresov	Richter-Veresov Attack: Veresov Variation
d4 Nf6 Nc3 d5 Bg5 Bf5 f3	D01	Attaque Richter-Veresov : Variante Richter	Richter-Veresov Attack: Richter Variation
d4 Nf6 Nc3 d5 Bg5 Nbd7 Nf3	D01	Attaque Richter-Veresov : Système deux cavaliers	Richter-Veresov Attack: Two Knights System
d4 Nf6 Nf3 e6 Bg5 c5 e4	A46	Attaque Torre : Gambit Wagner	Torre Attack: Wagner Gambit
d4 Nf6 Nf3 e6 Nc3 d5 Bg5	A46	Partie du pion dame : Attaque Veresov, Défense classique	Queen's Pawn Game: Veresov Attack, Classical Defense
d4 Nf6 Nf3 g6 Bf4 Bg7 e3	A48	Système Londres	London System
d4 Nf6 Nf3 g6 Nc3 d5 Bf4	A48	Partie du pion dame : Attaque Barry	Queen's Pawn Game: Barry Attack
d4 Nf6 c4 Nc6 d5 Ne5 f4	A50	Défense mexicaine : Gambit Horsefly	Mexican Defense: Horsefly Gambit
d4 Nf6 c4 c5 d5 b5 Bg5	A57	Gambit Benko refusé : Attaque fou	Benko Gambit Declined: Bishop Attack
d4 Nf6 c4 c5 d5 b5 Nd2	A57	Gambit Benko refusé : calme ligne	Benko Gambit Declined: Quiet Line
d4 Nf6 c4 c5 d5 b5 Nf3	A57	Gambit Benko refusé : ligne principale	Benko Gambit Declined: Main Line
d4 Nf6 c4 c5 d5 b5 a4	A57	Gambit Benko refusé : Variante Sosonko	Benko Gambit Declined: Sosonko Variation
d4 Nf6 c4 c5 d5 b5 e4	A57	Gambit Benko refusé : Contre-gambit Hjørring	Benko Gambit Declined: Hjørring Countergambit
d4 Nf6 c4 c5 d5 b5 f3	A57	Gambit Benko refusé : Pseudo-Sämisch	Benko Gambit Declined: Pseudo-Sämisch
d4 Nf6 c4 c5 d5 b5 g4	A57	Gambit Benko : Contre-gambit Mutkin	Benko Gambit: Mutkin Countergambit
d4 Nf6 c4 d6 Nc3 Bf5 e4	A53	Ancienne défense indienne : Variante Janowski, Gambit Grinberg	Old Indian Defense: Janowski Variation, Grinberg Gambit
d4 Nf6 c4 d6 Nc3 Bf5 f3	A53	Ancienne défense indienne : Variante Janowski, ligne principale	Old Indian Defense: Janowski Variation, Main Line
d4 Nf6 c4 d6 Nc3 Bf5 g3	A53	Ancienne défense indienne : Variante Janowski, Variante fianchetto	Old Indian Defense: Janowski Variation, Fianchetto Variation
d4 Nf6 c4 d6 Nc3 e5 Nf3	A54	Ancienne défense indienne : Variante deux cavaliers	Old Indian Defense: Two Knights Variation
d4 Nf6 c4 e5 dxe5 Ne4 Qc2	A51	Défense indienne : Budapest gambit accepté, Défense Fajarowicz, Variante Steiner	Indian Defense: Budapest Gambit Accepted, Fajarowicz Defense, Steiner Variation
d4 Nf6 c4 e5 dxe5 Ne4 a3	A51	Défense indienne : Budapest gambit accepté, Défense Fajarowicz, Variante Bonsdorf	Indian Defense: Budapest Gambit Accepted, Fajarowicz Defense, Bonsdorf Variation
d4 Nf6 c4 e5 dxe5 Ng4 Bf4	A52	Défense indienne : Budapest gambit accepté, ligne principale, Variante Rubinstein	Indian Defense: Budapest Gambit Accepted, Main Line, Rubinstein Variation
d4 Nf6 c4 e5 dxe5 Ng4 Nf3	A52	Défense indienne : Budapest gambit accepté, ligne principale, Variante Adler	Indian Defense: Budapest Gambit Accepted, Main Line, Adler Variation
d4 Nf6 c4 e5 dxe5 Ng4 e4	A52	Défense indienne : Budapest gambit accepté, ligne principale, Variante Alekhine	Indian Defense: Budapest Gambit Accepted, Main Line, Alekhine Variation
d4 Nf6 c4 e6 Nc3 Bb4 Bg5	E30	Défense nimzo-indienne : Variante Leningrad	Nimzo-Indian Defense: Leningrad Variation
d4 Nf6 c4 e6 Nc3 Bb4 Nf3	E21	Défense nimzo-indienne : Variante trois cavaliers	Nimzo-Indian Defense: Three Knights Variation
d4 Nf6 c4 e6 Nc3 Bb4 Qb3	E22	Défense nimzo-indienne : Variante Spielmann	Nimzo-Indian Defense: Spielmann Variation
d4 Nf6 c4 e6 Nc3 Bb4 Qc2	E32	Défense nimzo-indienne : Variante classique	Nimzo-Indian Defense: Classical Variation
d4 Nf6 c4 e6 Nc3 Bb4 Qd3	E20	Défense nimzo-indienne : Attaque Mikenas	Nimzo-Indian Defense: Mikenas Attack
d4 Nf6 c4 e6 Nc3 Bb4 a3	E24	Défense nimzo-indienne : Variante Sämisch	Nimzo-Indian Defense: Sämisch Variation
d4 Nf6 c4 e6 Nc3 Bb4 e3	E40	Défense nimzo-indienne : Système Rubinstein	Nimzo-Indian Defense: Rubinstein System
d4 Nf6 c4 e6 Nc3 Bb4 e4	E20	Défense nimzo-indienne : Gambit Dilworth	Nimzo-Indian Defense: Dilworth Gambit
d4 Nf6 c4 e6 Nc3 Bb4 f3	E20	Défense nimzo-indienne : Variante Kmoch	Nimzo-Indian Defense: Kmoch Variation
d4 Nf6 c4 e6 Nc3 Bb4 g3	E20	Défense nimzo-indienne : Variante Romanishin	Nimzo-Indian Defense: Romanishin Variation
d4 Nf6 c4 e6 Nc3 d5 cxd5	D35	Gambit dame refusé : Variante échange	Queen's Gambit Declined: Exchange Variation
d4 Nf6 c4 e6 Nf3 Bb4 Nbd2	E11	Défense bogo-indienne : Variante Grünfeld	Bogo-Indian Defense: Grünfeld Variation
d4 Nf6 c4 e6 Nf3 Bb4 Nfd2	E11	Défense bogo-indienne : Variante New England	Bogo-Indian Defense: New England Variation
d4 Nf6 c4 e6 Nf3 b6 Bf4	E12	Défense indienne de la dame : Variante Miles	Queen's Indian Defense: Miles Variation
d4 Nf6 c4 e6 Nf3 b6 Nc3	E12	Défense indienne de la dame : Variante Kasparov	Queen's Indian Defense: Kasparov Variation
d4 Nf6 c4 e6 Nf3 b6 a3	E12	Défense indienne de la dame : Variante Petrosian	Queen's Indian Defense: Petrosian Variation
d4 Nf6 c4 e6 Nf3 b6 e3	E14	Défense indienne de la dame : Système Spassky	Queen's Indian Defense: Spassky System
d4 Nf6 c4 e6 Nf3 b6 g3	E15	Défense indienne de la dame : Variante fianchetto	Queen's Indian Defense: Fianchetto Variation
d4 Nf6 c4 e6 Nf3 d5 Bg5	D30	Gambit dame refusé : Variante Traditional	Queen's Gambit Declined: Traditional Variation
d4 Nf6 c4 e6 Nf3 d5 Nc3	D37	Gambit dame refusé : Variante trois cavaliers	Queen's Gambit Declined: Three Knights Variation
d4 Nf6 c4 e6 g3 d5 Bg2	E01	Ouverture catalane : Défense Open	Catalan Opening: Open Defense
d4 Nf6 c4 g6 Nc3 Bg7 e4	E70	Défense indienne du roi : Variante Normal	King's Indian Defense: Normal Variation
d4 Nf6 c4 g6 Nc3 d5 Bf4	D82	Défense Grünfeld : Attaque Brinckmann	Grünfeld Defense: Brinckmann Attack
d4 Nf6 c4 g6 Nc3 d5 Bg5	D80	Défense Grünfeld : Variante Stockholm	Grünfeld Defense: Stockholm Variation
d4 Nf6 c4 g6 Nc3 d5 Nf3	D90	Défense Grünfeld : Variante trois cavaliers	Grünfeld Defense: Three Knights Variation
d4 Nf6 c4 g6 Nc3 d5 Qb3	D81	Défense Grünfeld : Variante russe, Variante Accelerated	Grünfeld Defense: Russian Variation, Accelerated Variation
d4 Nf6 c4 g6 Nc3 d5 f3	D80	Défense Grünfeld : Variante Lutikov	Grünfeld Defense: Lutikov Variation
d4 Nf6 c4 g6 Nc3 d5 g4	D80	Défense Grünfeld : Gambit Gibbon	Grünfeld Defense: Gibbon Gambit
d4 Nf6 c4 g6 Nc3 d5 h4	D80	Défense Grünfeld : Gambit Zaitsev	Grünfeld Defense: Zaitsev Gambit
d4 Nf6 c4 g6 Nf3 Bg7 b4	E60	Défense indienne du roi : Variante Santasiere	King's Indian Defense: Santasiere Variation
d4 Nf6 c4 g6 Nf3 Bg7 g3	E60	Défense indienne du roi : Variante fianchetto	King's Indian Defense: Fianchetto Variation
d4 Nf6 e4 Nxe4 Bd3 Nf6 Bg5	A45	Défense indienne : Gambit Omega, Gambit Arafat	Indian Defense: Omega Gambit, Arafat Gambit
d4 Nf6 g4 Nxg4 f3 Nf6 e4	A45	Défense indienne : Gambit Gibbins-Weidenhagen, Maltese Falcon	Indian Defense: Gibbins-Weidenhagen Gambit, Maltese Falcon
d4 d5 Nf3 Nf6 Bf4 c5 e3	D02	Partie du pion dame : Système London	Queen's Pawn Game: London System
d4 d5 Nf3 Nf6 Bg5 g6 e3	D03	Partie du pion dame : Attaque Torre, Variante Grünfeld	Queen's Pawn Game: Torre Attack, Grünfeld Variation
d4 d5 Nf3 Nf6 e3 e6 Bd3	D05	Partie du pion dame : Système Colle	Queen's Pawn Game: Colle System
d4 d5 Nf3 Nf6 e3 e6 b3	D05	Partie du pion dame : Système Colle	Queen's Pawn Game: Colle System
d4 d5 Nf3 c5 g3 cxd4 Bg2	D02	Partie du pion dame : Gambit Chandler	Queen's Pawn Game: Chandler Gambit
d4 d5 c4 Bf5 Nc3 e6 Qb3	D06	Gambit dame refusé : Défense Baltic, Queen attaque différé	Queen's Gambit Declined: Baltic Defense, Queen Attack Deferred
d4 d5 c4 Nc6 Nc3 dxc4 Nf3	D07	Gambit dame refusé : Défense Chigorin, Variante Janowski	Queen's Gambit Declined: Chigorin Defense, Janowski Variation
d4 d5 c4 Nc6 Nf3 Bg4 Qa4	D07	Gambit dame refusé : Défense Chigorin, ligne principale, Variante Alekhine	Queen's Gambit Declined: Chigorin Defense, Main Line, Alekhine Variation
d4 d5 c4 c6 Nc3 dxc4 e4	D10	Défense slave : Gambit Slav, Attaque Alekhine	Slav Defense: Slav Gambit, Alekhine Attack
d4 d5 c4 c6 Nc3 e5 e4	D10	Défense slave : Contre-gambit Winawer, Gambit Anti-Winawer	Slav Defense: Winawer Countergambit, Anti-Winawer Gambit
d4 d5 c4 c6 Nf3 Nf6 Bg5	D11	Défense slave : Gambit Bonet	Slav Defense: Bonet Gambit
d4 d5 c4 c6 Nf3 Nf6 Nbd2	D11	Défense slave : Variante Breyer	Slav Defense: Breyer Variation
d4 d5 c4 c6 Nf3 Nf6 Nc3	D15	Défense slave : Variante trois cavaliers	Slav Defense: Three Knights Variation
d4 d5 c4 c6 Nf3 Nf6 e3	D11	Défense slave : Variante calme	Slav Defense: Quiet Variation
d4 d5 c4 dxc4 Nf3 Nf6 Nc3	D24	Gambit dame accepté : Variante Showalter	Queen's Gambit Accepted: Showalter Variation
d4 d5 c4 dxc4 Nf3 Nf6 Qa4	D23	Gambit dame accepté : Variante Mannheim	Queen's Gambit Accepted: Mannheim Variation
d4 d5 c4 dxc4 Nf3 Nf6 e3	D25	Gambit dame accepté : Variante Normal	Queen's Gambit Accepted: Normal Variation
d4 d5 c4 dxc4 Nf3 a6 e4	D21	Gambit dame accepté : Défense Alekhine, Variante Borisenko-Furman	Queen's Gambit Accepted: Alekhine Defense, Borisenko-Furman Variation
d4 d5 c4 dxc4 e4 e5 Bxc4	D20	Gambit dame accepté : Variante Central, Défense McDonnell, Gambit Somov	Queen's Gambit Accepted: Central Variation, McDonnell Defense, Somov Gambit
d4 d5 c4 e5 dxe5 d4 Nf3	D08	Gambit dame refusé : Contre-gambit Albin, Normal ligne	Queen's Gambit Declined: Albin Countergambit, Normal Line
d4 d5 c4 e5 dxe5 d4 e4	D08	Gambit dame refusé : Contre-gambit Albin, Variante Spassky	Queen's Gambit Declined: Albin Countergambit, Spassky Variation
d4 d5 c4 e6 Nc3 Nf6 Bf4	D35	Gambit dame refusé : Attaque Harrwitz	Queen's Gambit Declined: Harrwitz Attack
d4 d5 c4 e6 Nc3 Nf6 Bg5	D50	Gambit dame refusé : Variante moderne	Queen's Gambit Declined: Modern Variation
d4 d5 c4 e6 Nc3 c6 e4	D31	Défense semi-slave : Gambit Marshall	Semi-Slav Defense: Marshall Gambit
d4 d5 e4 dxe4 Nc3 Nf6 Be3	D00	Gambit Blackmar-Diemer : Gambit Rasa-Studier	Blackmar-Diemer Gambit: Rasa-Studier Gambit
d4 d5 e4 dxe4 Nc3 Nf6 Bg5	D00	Gambit Blackmar-Diemer : Gambit von Popiel	Blackmar-Diemer Gambit: von Popiel Gambit
d4 d5 e4 dxe4 Nc3 e5 Be3	D00	Gambit Blackmar-Diemer : Contre-gambit Lemberger, Attaque Soller	Blackmar-Diemer Gambit: Lemberger Countergambit, Soller Attack
d4 d5 e4 dxe4 Nc3 e5 Nge2	D00	Gambit Blackmar-Diemer : Contre-gambit Lemberger, Attaque Rasmussen	Blackmar-Diemer Gambit: Lemberger Countergambit, Rasmussen Attack
d4 d5 e4 dxe4 Nc3 e5 Nxe4	D00	Gambit Blackmar-Diemer : Contre-gambit Lemberger, Gambit Lange	Blackmar-Diemer Gambit: Lemberger Countergambit, Lange Gambit
d4 d5 e4 dxe4 Nc3 e5 Qh5	D00	Gambit Blackmar-Diemer : Contre-gambit Lemberger, Attaque Sneiders	Blackmar-Diemer Gambit: Lemberger Countergambit, Sneiders Attack
d4 d5 e4 dxe4 Nc3 e5 dxe5	D00	Gambit Blackmar-Diemer : Contre-gambit Lemberger, Variante Endgame	Blackmar-Diemer Gambit: Lemberger Countergambit, Endgame Variation
d4 e5 dxe5 Nc6 Nf3 Qe7 Qd5	A40	Gambit Englund : Variante Stockholm	Englund Gambit: Stockholm Variation
d4 f5 c4 Nf6 g3 e6 Bg2	A90	Défense hollandaise : Variante classique	Dutch Defense: Classical Variation
d4 f5 e4 fxe4 Nc3 Nf6 Bg5	A83	Défense hollandaise : Gambit Staunton	Dutch Defense: Staunton Gambit
d4 f5 e4 fxe4 Nc3 Nf6 f3	A82	Défense hollandaise : Gambit Blackmar's Second	Dutch Defense: Blackmar's Second Gambit
d4 f5 e4 fxe4 Nc3 Nf6 g4	A82	Défense hollandaise : Gambit Staunton, Variante Tartakower	Dutch Defense: Staunton Gambit, Tartakower Variation
d4 f5 g3 Nf6 Bg2 e6 Nh3	A81	Défense hollandaise : Variante Blackburne	Dutch Defense: Blackburne Variation
d4 f5 g3 g6 Bg2 Bg7 Nh3	A81	Défense hollandaise : Variante Leningrad, Variante Carlsbad	Dutch Defense: Leningrad Variation, Carlsbad Variation
d4 f5 g4 fxg4 e4 d5 Nc3	A80	Défense hollandaise : Gambit Krejcik, Gambit Tate	Dutch Defense: Krejcik Gambit, Tate Gambit
d4 g6 c4 Bg7 Nc3 c5 e3	A40	Défense ptérodactyle : Queen Pterodactyl, calme ligne	Pterodactyl Defense: Queen Pterodactyl, Quiet Line
d4 g6 c4 Bg7 Nc3 d6 e4	A42	Défense moderne : Système Averbakh	Modern Defense: Averbakh System
d4 g6 e4 Bg7 Nc3 c5 d5	B06	Défense ptérodactyle : Eastern, Benoni	Pterodactyl Defense: Eastern, Benoni
e3 e5 Nc3 Nc6 f4 exf4 Nf3	A00	Ouverture Van't Kruijs : Gambit Keoni-Hiva, Variante Alua	Van't Kruijs Opening: Keoni-Hiva Gambit, Alua Variation
e3 e5 Nc3 Nf6 f4 exf4 Nf3	A00	Ouverture Van't Kruijs : Gambit Keoni-Hiva, Variante Akahi	Van't Kruijs Opening: Keoni-Hiva Gambit, Akahi Variation
e3 e5 Nc3 d5 f4 exf4 Nf3	A00	Ouverture Van't Kruijs : Gambit Keoni-Hiva, Variante Ekolu	Van't Kruijs Opening: Keoni-Hiva Gambit, Ekolu Variation
e4 Nc6 d4 d5 Nc3 dxe4 d5	B00	Ouverture Van Geet : Gambit Berlin	Van Geet Opening: Berlin Gambit
e4 Nc6 d4 d5 exd5 Qxd5 Nc3	B00	Défense Nimzowitsch : Variante scandinave, Variante échange, Gambit Marshall	Nimzowitsch Defense: Scandinavian Variation, Exchange Variation, Marshall Gambit
e4 Nc6 d4 e5 dxe5 Nxe5 Nc3	B00	Défense Nimzowitsch : Variante Kennedy, Attaque Keres	Nimzowitsch Defense: Kennedy Variation, Keres Attack
e4 Nc6 d4 e5 dxe5 Nxe5 Nf3	B00	Défense Nimzowitsch : Variante Kennedy, Attaque Paulsen	Nimzowitsch Defense: Kennedy Variation, Paulsen Attack
e4 Nf6 Nc3 d5 d3 dxe4 Bg5	B02	Défense Alekhine : Variante scandinave, Gambit Myers	Alekhine Defense: Scandinavian Variation, Myers Gambit
e4 Nf6 Nc3 d5 e5 Nfd7 e6	B02	Défense Alekhine : Gambit Spielmann	Alekhine Defense: Spielmann Gambit
e4 Nf6 e5 Nd5 c4 Nb6 a4	B02	Défense Alekhine : Attaque Two Pawns, Variante Tate	Alekhine Defense: Two Pawns Attack, Tate Variation
e4 Nf6 e5 Nd5 c4 Nb6 b3	B02	Défense Alekhine : Variante Steiner	Alekhine Defense: Steiner Variation
e4 Nf6 e5 Nd5 c4 Nb6 c5	B02	Défense Alekhine : Attaque Two Pawns, Variante Lasker	Alekhine Defense: Two Pawns Attack, Lasker Variation
e4 Nf6 e5 Nd5 d4 d6 Bc4	B03	Défense Alekhine : Variante Balogh	Alekhine Defense: Balogh Variation
e4 Nf6 e5 Nd5 d4 d6 Nf3	B04	Défense Alekhine : Variante moderne	Alekhine Defense: Modern Variation
e4 Nf6 e5 Nd5 d4 d6 c4	B03	Défense Alekhine	Alekhine Defense
e4 c5 Na3 Nc6 d4 cxd4 Bc4	B20	Défense sicilienne : Variante Kronberger, Gambit Nemeth	Sicilian Defense: Kronberger Variation, Nemeth Gambit
e4 c5 Nc3 Nc6 d3 g6 g4	B23	Défense sicilienne : Closed, Attaque Portland	Sicilian Defense: Closed, Portland Attack
e4 c5 Nf3 Nc6 Bb5 Na5 b4	B30	Défense sicilienne : Attaque Nyezhmetdinov-Rossolimo, Gambit San Francisco	Sicilian Defense: Nyezhmetdinov-Rossolimo Attack, San Francisco Gambit
e4 c5 Nf3 Nc6 d4 cxd4 Nxd4	B32	Défense sicilienne : Open	Sicilian Defense: Open
e4 c5 Nf3 a6 d4 cxd4 Bc4	B28	Défense sicilienne : Variante O'Kelly, Système Normal, Gambit Cortlever	Sicilian Defense: O'Kelly Variation, Normal System, Cortlever Gambit
e4 c5 Nf3 a6 d4 cxd4 Qxd4	B28	Défense sicilienne : Variante O'Kelly, Système Normal, Zagorovsky ligne	Sicilian Defense: O'Kelly Variation, Normal System, Zagorovsky Line
e4 c5 Nf3 a6 d4 cxd4 c3	B28	Défense sicilienne : Variante O'Kelly, Système Normal, Smith-Morra ligne	Sicilian Defense: O'Kelly Variation, Normal System, Smith-Morra Line
e4 c5 Nf3 d6 d4 cxd4 Qxd4	B53	Défense sicilienne : Variante Chekhover	Sicilian Defense: Chekhover Variation
e4 c5 Nf3 d6 d4 cxd4 c3	B50	Défense sicilienne : Variantes moderne, Tartakower	Sicilian Defense: Modern Variations, Tartakower
e4 c5 Nf3 e6 d4 cxd4 c3	B40	Défense sicilienne : Smith-Morra gambit différé	Sicilian Defense: Smith-Morra Gambit Deferred
e4 c5 d3 Nc6 c3 d6 f4	B20	Défense sicilienne : Formation Big Clamp	Sicilian Defense: Big Clamp Formation
e4 c5 d4 cxd4 Nf3 e5 c3	B21	Défense sicilienne : Gambit Morphy, Gambit Andreaschek	Sicilian Defense: Morphy Gambit, Andreaschek Gambit
e4 c5 d4 cxd4 c3 d3 c4	B21	Défense sicilienne : Smith-Morra gambit refusé, Variante Dubois	Sicilian Defense: Smith-Morra Gambit Declined, Dubois Variation
e4 c5 d4 cxd4 c3 dxc3 Nf3	B21	Défense sicilienne : Smith-Morra gambit accepté, Variante danoise	Sicilian Defense: Smith-Morra Gambit Accepted, Danish Variation
e4 c6 Bc4 d5 Bb3 dxe4 Qh5	B10	Défense Caro-Kann : Attaque Hillbilly, Gambit Schaeffer	Caro-Kann Defense: Hillbilly Attack, Schaeffer Gambit
e4 c6 Nc3 d5 Nf3 dxe4 Ng5	B10	Défense Caro-Kann : Gambit Hector	Caro-Kann Defense: Hector Gambit
e4 c6 Nc3 d5 d3 dxe4 Bg5	B10	Défense Caro-Kann : Gambit Scorpion-Horus	Caro-Kann Defense: Scorpion-Horus Gambit
e4 c6 Nf3 d5 d3 dxe4 Ng5	B10	Défense Caro-Kann : Gambit Dinic	Caro-Kann Defense: Dinic Gambit
e4 c6 Nf3 d5 exd5 cxd5 Ne5	B10	Défense Caro-Kann : Attaque Apocalypse	Caro-Kann Defense: Apocalypse Attack
e4 c6 c4 d5 cxd5 cxd5 Qb3	B10	Défense Caro-Kann : Attaque Accelerated Panov, Attaque Van Weersel	Caro-Kann Defense: Accelerated Panov Attack, Van Weersel Attack
e4 c6 d4 d5 Nc3 dxe4 Bc4	B15	Défense Caro-Kann : Gambit von Hennig	Caro-Kann Defense: von Hennig Gambit
e4 c6 d4 d5 Nc3 dxe4 f3	B15	Défense Caro-Kann : Gambit Rasa-Studier	Caro-Kann Defense: Rasa-Studier Gambit
e4 c6 d4 d5 Nd2 dxe4 Nxe4	B15	Défense Caro-Kann : ligne principale	Caro-Kann Defense: Main Line
e4 c6 d4 d5 Nf3 dxe4 Ng5	B12	Défense Caro-Kann : Gambit Ulysses	Caro-Kann Defense: Ulysses Gambit
e4 c6 d4 d5 e5 Bf5 Nc3	B12	Défense Caro-Kann : Variante avancée, Attaque Van der Wiel	Caro-Kann Defense: Advance Variation, Van der Wiel Attack
e4 c6 d4 d5 e5 Bf5 Ne2	B12	Défense Caro-Kann : Variante avancée, Variante Bronstein	Caro-Kann Defense: Advance Variation, Bronstein Variation
e4 c6 d4 d5 e5 Bf5 Nf3	B12	Défense Caro-Kann : Variante avancée, Variante Short	Caro-Kann Defense: Advance Variation, Short Variation
e4 c6 d4 d5 e5 Bf5 b4	B12	Défense Caro-Kann : Variante avancée, Attaque Prins	Caro-Kann Defense: Advance Variation, Prins Attack
e4 c6 d4 d5 e5 Bf5 g4	B12	Défense Caro-Kann : Variante avancée, Attaque Bayonet	Caro-Kann Defense: Advance Variation, Bayonet Attack
e4 c6 d4 d5 e5 Bf5 h4	B12	Défense Caro-Kann : Variante avancée, Variante Tal	Caro-Kann Defense: Advance Variation, Tal Variation
e4 c6 d4 d5 exd5 cxd5 Bf4	B13	Défense Caro-Kann : Variante échange	Caro-Kann Defense: Exchange Variation
e4 c6 d4 d5 exd5 cxd5 c4	B13	Défense Caro-Kann : Attaque Panov	Caro-Kann Defense: Panov Attack
e4 c6 d4 d5 exd5 cxd5 g4	B13	Défense Caro-Kann : Variante échange, Attaque Bulla	Caro-Kann Defense: Exchange Variation, Bulla Attack
e4 c6 g4 d5 Nc3 dxe4 d3	B10	Défense Caro-Kann : Variante Spike, Gambit Scorpion-Grob	Caro-Kann Defense: Spike Variation, Scorpion-Grob Gambit
e4 d5 exd5 Nf6 d4 Bg4 Be2	B01	Défense scandinave : Gambit portugaise, Variante Wuss	Scandinavian Defense: Portuguese Gambit, Wuss Variation
e4 d5 exd5 Nf6 d4 Bg4 Nf3	B01	Défense scandinave : Gambit portugaise, Variante classique	Scandinavian Defense: Portuguese Gambit, Classical Variation
e4 d5 exd5 Qxd5 Nc3 Qa5 b4	B01	Défense scandinave : ligne principale, Gambit Leonhardt	Scandinavian Defense: Main Line, Leonhardt Gambit
e4 d6 d4 Nf6 Nc3 Nbd7 f4	B07	Défense Lion : Anti-Philidor	Lion Defense: Anti-Philidor
e4 d6 d4 Nf6 Nc3 Nbd7 g4	B07	Défense Lion : Attaque Bayonet	Lion Defense: Bayonet Attack
e4 d6 d4 Nf6 Nc3 g6 Bc4	B07	Défense Pirc : Système Kholmov	Pirc Defense: Kholmov System
e4 d6 d4 Nf6 Nc3 g6 Bg5	B07	Défense Pirc : Variante Byrne	Pirc Defense: Byrne Variation
e4 d6 d4 Nf6 Nc3 g6 Nf3	B08	Défense Pirc : Variante classique	Pirc Defense: Classical Variation
e4 d6 d4 Nf6 Nc3 g6 f4	B09	Défense Pirc : Attaque autrichienne	Pirc Defense: Austrian Attack
e4 d6 d4 Nf6 Nc3 g6 g3	B07	Défense Pirc : Système Sveshnikov	Pirc Defense: Sveshnikov System
e4 e5 Bc4 Bc5 Qe2 Nf6 f4	C23	Ouverture du fou : Variante Lopez, Gambit Lopez	Bishop's Opening: Lopez Variation, Lopez Gambit
e4 e5 Bc4 Bc5 b4 Bxb4 c3	C23	Ouverture du fou : Gambit McDonnell, Gambit La Bourdonnais-Denker	Bishop's Opening: McDonnell Gambit, La Bourdonnais-Denker Gambit
e4 e5 Bc4 Bc5 b4 Bxb4 f4	C23	Ouverture du fou : Gambit McDonnell, Gambit McDonnell Double	Bishop's Opening: McDonnell Gambit, McDonnell Double Gambit
e4 e5 Bc4 Nf6 Ne2 Nxe4 Nec3	C24	Ouverture du fou : Gambit Pachman	Bishop's Opening: Pachman Gambit
e4 e5 Bc4 Nf6 d3 Nc6 Nc3	C24	Ouverture du fou : Vienna hybride	Bishop's Opening: Vienna Hybrid
e4 e5 Bc4 Nf6 d4 exd4 Nf3	C43	Ouverture du fou : Gambit Urusov	Bishop's Opening: Urusov Gambit
e4 e5 Bc4 Nf6 d4 exd4 c3	C24	Ouverture du fou : Gambit Warsaw	Bishop's Opening: Warsaw Gambit
e4 e5 Nc3 Nc6 f4 exf4 Nf3	C25	Vienna gambit, Défense avec Max Lange : Variante cavalier	Vienna Gambit, with Max Lange Defense: Knight Variation
e4 e5 Nc3 Nc6 f4 exf4 d4	C25	Vienna gambit, Défense avec Max Lange : Gambit Steinitz	Vienna Gambit, with Max Lange Defense: Steinitz Gambit
e4 e5 Nc3 Nf6 Bc4 Bc5 d3	C26	Ouverture du fou : Vienna hybride, Attaque Spielmann	Bishop's Opening: Vienna Hybrid, Spielmann Attack
e4 e5 Nc3 Nf6 f4 d5 d3	C29	Partie viennoise : Gambit Vienna, Variante Steinitz	Vienna Game: Vienna Gambit, Steinitz Variation
e4 e5 Nf3 Nc6 Bb5 Bc5 b4	C64	Partie espagnole (Ruy López) : Variante classique, Gambit espagnole aile	Ruy Lopez: Classical Variation, Spanish Wing Gambit
e4 e5 Nf3 Nc6 Bb5 Bc5 c3	C64	Partie espagnole (Ruy López) : Variante classique, Variante Central	Ruy Lopez: Classical Variation, Central Variation
e4 e5 Nf3 Nc6 Bb5 Nf6 Nxe5	C65	Partie espagnole (Ruy López) : Attaque Halloween	Ruy Lopez: Halloween Attack
e4 e5 Nf3 Nc6 Bb5 Nf6 O-O	C65	Partie espagnole (Ruy López) : Défense Berlin	Ruy Lopez: Berlin Defense
e4 e5 Nf3 Nc6 Bb5 Nf6 d3	C65	Partie espagnole (Ruy López) : Défense Berlin, Variante Anti-Berlin	Ruy Lopez: Berlin Defense, Anti-Berlin Variation
e4 e5 Nf3 Nc6 Bb5 a6 Bxc6	C68	Partie espagnole (Ruy López) : Variante échange	Ruy Lopez: Exchange Variation
e4 e5 Nf3 Nc6 Bb5 d6 d4	C62	Partie espagnole (Ruy López) : Défense Steinitz	Ruy Lopez: Steinitz Defense
e4 e5 Nf3 Nc6 Bb5 f5 Bxc6	C63	Partie espagnole (Ruy López) : Défense Schliemann, Variante échange	Ruy Lopez: Schliemann Defense, Exchange Variation
e4 e5 Nf3 Nc6 Bb5 f5 Nc3	C63	Partie espagnole (Ruy López) : Défense Schliemann, Variante Dyckhoff	Ruy Lopez: Schliemann Defense, Dyckhoff Variation
e4 e5 Nf3 Nc6 Bb5 f5 d4	C63	Partie espagnole (Ruy López) : Défense Schliemann, Attaque Schönemann	Ruy Lopez: Schliemann Defense, Schönemann Attack
e4 e5 Nf3 Nc6 Bb5 f5 exf5	C63	Partie espagnole (Ruy López) : Défense Schliemann, Jaenisch gambit accepté	Ruy Lopez: Schliemann Defense, Jaenisch Gambit Accepted
e4 e5 Nf3 Nc6 Bc4 Bc5 Bxf7	C50	Partie italienne : Gambit Jerome	Italian Game: Jerome Gambit
e4 e5 Nf3 Nc6 Bc4 Bc5 b4	C51	Partie italienne : Gambit Evans	Italian Game: Evans Gambit
e4 e5 Nf3 Nc6 Bc4 Bc5 c3	C53	Partie italienne : Variante classique	Italian Game: Classical Variation
e4 e5 Nf3 Nc6 Bc4 Bc5 d3	C50	Partie italienne : Giuoco Pianissimo	Italian Game: Giuoco Pianissimo
e4 e5 Nf3 Nc6 Bc4 Bc5 d4	C50	Partie italienne : Gambit Rosentreter	Italian Game: Rosentreter Gambit
e4 e5 Nf3 Nc6 Bc4 Nf6 Nc3	C47	Partie des quatre cavaliers : Variante italienne	Four Knights Game: Italian Variation
e4 e5 Nf3 Nc6 Bc4 Nf6 Ng5	C57	Partie italienne : Défense deux cavaliers, Attaque cavalier	Italian Game: Two Knights Defense, Knight Attack
e4 e5 Nf3 Nc6 Bc4 Nf6 d3	C55	Partie italienne : Défense deux cavaliers, moderne fou's ouverture	Italian Game: Two Knights Defense, Modern Bishop's Opening
e4 e5 Nf3 Nc6 Bc4 Nf6 d4	C56	Partie italienne : Défense deux cavaliers, Variante Open	Italian Game: Two Knights Defense, Open Variation
e4 e5 Nf3 Nc6 Be2 Nf6 d4	C44	Partie du pion roi : Tayler ouverture	King's Pawn Game: Tayler Opening
e4 e5 Nf3 Nc6 Nc3 Nf6 Bb5	C48	Partie des quatre cavaliers : Variante espagnole	Four Knights Game: Spanish Variation
e4 e5 Nf3 Nc6 Nc3 Nf6 Nd5	C47	Partie des quatre cavaliers : Variante Naroditsky	Four Knights Game: Naroditsky Variation
e4 e5 Nf3 Nc6 Nc3 Nf6 Nxe5	C47	Partie des quatre cavaliers : Gambit Halloween	Four Knights Game: Halloween Gambit
e4 e5 Nf3 Nc6 Nc3 Nf6 a3	C47	Partie des quatre cavaliers : Variante Gunsberg	Four Knights Game: Gunsberg Variation
e4 e5 Nf3 Nc6 Nc3 Nf6 d4	C47	Partie des quatre cavaliers : Variante Scotch	Four Knights Game: Scotch Variation
e4 e5 Nf3 Nc6 Nc3 Nf6 g3	C47	Partie des quatre cavaliers : Système Glek	Four Knights Game: Glek System
e4 e5 Nf3 Nc6 Nxe5 Nxe5 d4	C44	Partie du pion roi : Gambit Schulze-Müller	King's Pawn Game: Schulze-Müller Gambit
e4 e5 Nf3 Nc6 c3 Nf6 Bc4	C44	Ouverture Ponziani : Gambit Neumann	Ponziani Opening: Neumann Gambit
e4 e5 Nf3 Nc6 c3 Nf6 d3	C44	Ouverture Ponziani : Contre-attaque Jaenisch	Ponziani Opening: Jaenisch Counterattack
e4 e5 Nf3 Nc6 c3 d5 Bb5	C44	Ouverture Ponziani : Variante espagnole	Ponziani Opening: Spanish Variation
e4 e5 Nf3 Nc6 c4 Nf6 Nxe5	C44	Ouverture de Dresde : The Goblin	Dresden Opening: The Goblin
e4 e5 Nf3 Nc6 d3 f5 exf5	C44	Gambit letton : Gambit Clam	Latvian Gambit: Clam Gambit
e4 e5 Nf3 Nc6 d4 exd4 Bb5	C44	Partie écossaise : Gambit Relfsson	Scotch Game: Relfsson Gambit
e4 e5 Nf3 Nc6 d4 exd4 Bc4	C44	Partie écossaise : Gambit Scotch	Scotch Game: Scotch Gambit
e4 e5 Nf3 Nc6 d4 exd4 Nxd4	C45	Partie écossaise	Scotch Game
e4 e5 Nf3 Nc6 d4 exd4 c3	C44	Partie écossaise : Gambit Göring	Scotch Game: Göring Gambit
e4 e5 Nf3 Nf6 Bc4 Nxe4 Nc3	C27	Ouverture du fou : Gambit Boden-Kieseritzky	Bishop's Opening: Boden-Kieseritzky Gambit
e4 e5 Nf3 Nf6 Nxe5 d6 Nc4	C42	Défense Petroff (russe) : Attaque Paulsen	Petrov's Defense: Paulsen Attack
e4 e5 Nf3 Nf6 Nxe5 d6 Nd3	C42	Défense Petroff (russe) : Variante Karklins-Martinovsky	Petrov's Defense: Karklins-Martinovsky Variation
e4 e5 Nf3 Nf6 Nxe5 d6 Nf3	C42	Défense Petroff (russe)	Petrov's Defense
e4 e5 Nf3 Nf6 Nxe5 d6 Nxf7	C42	Défense Petroff (russe) : Gambit Cochrane	Petrov's Defense: Cochrane Gambit
e4 e5 Nf3 Nf6 Qe2 Nc6 d4	C42	Défense Petroff (russe) : Gambit Moody	Petrov's Defense: Moody Gambit
e4 e5 Nf3 Nf6 d4 Nxe4 Bd3	C43	Défense Petroff (russe) : Attaque moderne, Variante centre	Petrov's Defense: Modern Attack, Center Variation
e4 e5 Nf3 Qf6 Bc4 Qg6 O-O	C40	Partie du pion roi : Gambit La Bourdonnais	King's Pawn Game: La Bourdonnais Gambit
e4 e5 Nf3 d6 Bc4 Be7 c3	C41	Défense Philidor : Variante Steinitz	Philidor Defense: Steinitz Variation
e4 e5 Nf3 d6 d4 Nf6 Bc4	C41	Défense Philidor : Variante Nimzowitsch, Variante Klein	Philidor Defense: Nimzowitsch Variation, Klein Variation
e4 e5 Nf3 d6 d4 Nf6 Ng5	C41	Défense Philidor : Nimzowitsch, Variante Locock	Philidor Defense: Nimzowitsch, Locock Variation
e4 e5 Nf3 d6 d4 Nf6 dxe5	C41	Défense Philidor : Variante Nimzowitsch	Philidor Defense: Nimzowitsch Variation
e4 e5 Nf3 d6 d4 exd4 Bc4	C41	Défense Philidor : Gambit Morphy	Philidor Defense: Morphy Gambit
e4 e5 Nf3 d6 d4 exd4 Nxd4	C41	Défense Philidor : Variante échange	Philidor Defense: Exchange Variation
e4 e5 Nf3 d6 d4 exd4 c3	C41	Défense Philidor : Gambit Bird	Philidor Defense: Bird Gambit
e4 e5 Nf3 d6 d4 f5 Nc3	C41	Défense Philidor : Contre-gambit Philidor, Variante Zukertort	Philidor Defense: Philidor Countergambit, Zukertort Variation
e4 e5 Nf3 f5 Nxe5 Qf6 Nc4	C40	Gambit letton accepté : Variante Foltys-Leonhardt	Latvian Gambit Accepted: Foltys-Leonhardt Variation
e4 e5 Nf3 f5 Nxe5 Qf6 d4	C40	Gambit letton accepté : ligne principale	Latvian Gambit Accepted: Main Line
e4 e5 d4 exd4 Nf3 Bc5 c3	C21	Partie du centre : Gambit Lanc-Arnold	Center Game: Lanc-Arnold Gambit
e4 e5 d4 exd4 Nf3 c5 Bc4	C21	Partie du centre : Variante Kieseritzky	Center Game: Kieseritzky Variation
e4 e5 d4 exd4 Qxd4 Nc6 Qc4	C22	Partie du centre : Variante Hall	Center Game: Hall Variation
e4 e5 d4 exd4 Qxd4 Nc6 Qe3	C22	Partie du centre : Variante Paulsen attaque	Center Game: Paulsen Attack Variation
e4 e5 f4 Bc5 Nf3 d6 b4	C30	Gambit du roi refusé : Variante classique, Contre-gambit Rotlewi	King's Gambit Declined: Classical Variation, Rotlewi Countergambit
e4 e5 f4 Bc5 Nf3 d6 c3	C30	Gambit du roi refusé : Variante classique	King's Gambit Declined: Classical Variation
e4 e5 f4 Bc5 Nf3 d6 fxe5	C30	Gambit du roi refusé : classique, Variante Soldatenkov	King's Gambit Declined: Classical, Soldatenkov Variation
e4 e5 f4 Qf6 Nc3 Qxf4 d4	C30	Gambit du roi refusé : Variante Norwalde, Variante Schubert	King's Gambit Declined: Norwalde Variation, Schubert Variation
e4 e5 f4 d5 Nc3 dxe4 Nxe4	C31	Ouverture Van Geet : Défense Grünfeld, Gambit Steiner	Van Geet Opening: Grünfeld Defense, Steiner Gambit
e4 e5 f4 d5 exd5 e4 Bb5	C31	Gambit du roi refusé : Contre-gambit Falkbeer, Attaque Anderssen	King's Gambit Declined: Falkbeer Countergambit, Anderssen Attack
e4 e5 f4 d5 exd5 e4 d3	C31	Gambit du roi refusé : Contre-gambit Falkbeer, Gambit Charousek	King's Gambit Declined: Falkbeer Countergambit, Charousek Gambit
e4 e5 f4 exf4 Bc4 Nf6 Nc3	C33	Gambit du roi accepté : Gambit fou's, Variante Bogoljubow	King's Gambit Accepted: Bishop's Gambit, Bogoljubow Variation
e4 e5 f4 exf4 Nf3 d5 exd5	C36	Gambit du roi accepté : Défense moderne	King's Gambit Accepted: Modern Defense
e4 e5 f4 exf4 Nf3 d6 b4	C34	Gambit du roi accepté : Défense Fischer, Gambit Schulder	King's Gambit Accepted: Fischer Defense, Schulder Gambit
e4 e5 f4 exf4 Nf3 g5 Bc4	C37	Gambit du roi accepté : Gambit King's cavalier's	King's Gambit Accepted: King's Knight's Gambit
e4 e5 f4 exf4 Nf3 g5 Nc3	C37	Gambit du roi accepté : Gambit Quaade	King's Gambit Accepted: Quaade Gambit
e4 e5 f4 exf4 Nf3 g5 d4	C37	Gambit du roi accepté : Gambit Rosentreter	King's Gambit Accepted: Rosentreter Gambit
e4 e5 f4 exf4 Nf3 g5 h4	C39	Gambit du roi accepté : Gambit King's cavalier's	King's Gambit Accepted: King's Knight's Gambit
e4 e6 Nf3 d5 e5 c5 b4	C00	Défense française : Gambit aile	French Defense: Wing Gambit
e4 e6 c4 d5 cxd5 exd5 Qb3	C00	Défense française : Gambit Orthoschnapp	French Defense: Orthoschnapp Gambit
e4 e6 d4 d5 Nc3 Bb4 Bd2	C15	Défense française : Variante Winawer, Variante Fingerslip	French Defense: Winawer Variation, Fingerslip Variation
e4 e6 d4 d5 Nc3 Bb4 Ne2	C15	Défense française : Variante Winawer, Gambit Alekhine-Maróczy	French Defense: Winawer Variation, Alekhine-Maróczy Gambit
e4 e6 d4 d5 Nc3 Bb4 e5	C16	Défense française : Variante Winawer, Variante avancée	French Defense: Winawer Variation, Advance Variation
e4 e6 d4 d5 Nc3 Bb4 exd5	C15	Défense française : Variante Winawer, Variante retardé échange	French Defense: Winawer Variation, Delayed Exchange Variation
e4 e6 d4 d5 Nc3 Nf6 Bd3	C11	Défense française : Variante classique, Variante Swiss	French Defense: Classical Variation, Swiss Variation
e4 e6 d4 d5 Nc3 Nf6 Be3	C11	Défense française : Variante Henneberger	French Defense: Henneberger Variation
e4 e6 d4 d5 Nc3 Nf6 Bg5	C11	Défense française : Variante classique	French Defense: Classical Variation
e4 e6 d4 d5 Nc3 Nf6 e5	C11	Défense française : Variante classique, Variante Steinitz	French Defense: Classical Variation, Steinitz Variation
e4 e6 d4 d5 Nc3 Nf6 exd5	C11	Défense française : Variante classique, Variante retardé échange	French Defense: Classical Variation, Delayed Exchange Variation
e4 e6 d4 d5 Nd2 c5 Ngf3	C07	Défense française : Variante Tarrasch, Système Open, Euwe-Keres ligne	French Defense: Tarrasch Variation, Open System, Euwe-Keres Line
e4 e6 d4 d5 Nd2 c5 c3	C07	Défense française : Variante Tarrasch, Système Open, Süchting ligne	French Defense: Tarrasch Variation, Open System, Süchting Line
e4 e6 d4 d5 Nf3 dxe4 Ne5	C00	Défense française : Gambit Carlson	French Defense: Carlson Gambit
e4 e6 d4 d5 e5 c5 Nf3	C02	Défense française : Variante avancée, Système Nimzowitsch	French Defense: Advance Variation, Nimzowitsch System
e4 e6 d4 d5 e5 c5 Qg4	C02	Défense française : Variante avancée, Attaque Nimzowitsch	French Defense: Advance Variation, Nimzowitsch Attack
e4 e6 d4 d5 e5 c5 b4	C02	Défense française : Variante avancée, Gambit Frenkel	French Defense: Advance Variation, Frenkel Gambit
e4 e6 d4 d5 e5 c5 c3	C02	Défense française : Variante avancée	French Defense: Advance Variation
e4 e6 d4 d5 e5 c5 dxc5	C02	Défense française : Variante avancée, Variante Steinitz	French Defense: Advance Variation, Steinitz Variation
e4 e6 d4 d5 exd5 exd5 Nc3	C01	Défense française : Variante échange	French Defense: Exchange Variation
e4 e6 d4 d5 exd5 exd5 Nf3	C01	Défense française : Variante échange	French Defense: Exchange Variation
e4 e6 d4 d5 exd5 exd5 c4	C01	Défense française : Variante échange, Variante Monte Carlo	French Defense: Exchange Variation, Monte Carlo Variation
e4 g6 d4 Bg7 Nc3 c5 Be3	B06	Défense ptérodactyle : Eastern, Anhanguera	Pterodactyl Defense: Eastern, Anhanguera
e4 g6 d4 Bg7 Nc3 d6 Nf3	B06	Défense moderne : Variante deux cavaliers	Modern Defense: Two Knights Variation
e4 g6 d4 Bg7 Nc3 d6 f4	B06	Défense moderne : Attaque Pseudo-autrichienne	Modern Defense: Pseudo-Austrian Attack
e4 g6 d4 Bg7 Nf3 d6 c3	B07	Défense moderne : Système Geller's	Modern Defense: Geller's System
f3 d5 e4 g6 d4 dxe4 c3	A00	Ouverture Barnes : Gambit Gedult	Barnes Opening: Gedult Gambit
f4 d5 e4 dxe4 Nc3 Nf6 Nge2	A03	Ouverture de l'oiseau (Bird) : Gambit Williams-Zilbermints	Bird Opening: Williams-Zilbermints Gambit
f4 d5 e4 dxe4 Nc3 Nf6 Qe2	A03	Ouverture de l'oiseau (Bird) : Gambit Williams	Bird Opening: Williams Gambit
f4 e5 d4 exd4 Nf3 c5 c3	A02	Ouverture de l'oiseau (Bird) : Gambit Siegener	Bird Opening: Siegener Gambit
f4 f5 e4 fxe4 Nc3 Nf6 g4	A02	Ouverture de l'oiseau (Bird) : Gambit Swiss	Bird Opening: Swiss Gambit
g3 d5 Bg2 e5 c4 dxc4 b3	A00	Ouverture hongroise : Gambit Winterberg	Hungarian Opening: Winterberg Gambit
g3 e5 Nf3 e4 Ng1 Nf6 b4	A00	Ouverture hongroise : Défense inversée Brooklyn, Gambit Brooklyn Benko	Hungarian Opening: Reversed Brooklyn Defense, Brooklyn Benko Gambit
g4 d5 Bg2 c6 c4 dxc4 b3	A00	Ouverture Grob : Gambit Grob, Gambit Richter-Grob	Grob Opening: Grob Gambit, Richter-Grob Gambit
g4 d5 Bg2 e5 d4 exd4 c3	A00	Ouverture Grob : Gambit Grob, Gambit Keres	Grob Opening: Grob Gambit, Keres Gambit
g4 d5 e4 dxe4 Nc3 e5 d3	A00	Ouverture Grob : Gambit Zilbermints, Gambit Zilbermints-Hartlaub	Grob Opening: Zilbermints Gambit, Zilbermints-Hartlaub Gambit
h4 d5 d4 c5 Nf3 cxd4 c3	A00	Ouverture Kádas : Gambit Kádas	Kádas Opening: Kádas Gambit
Nf3 Nf6 c4 c6 b3 d5 Bb2 Bf5	A12	Ouverture Réti : Variante Anglo-Slav, Système New York	Réti Opening: Anglo-Slav Variation, New York System
Nf3 Nf6 g3 d5 Bg2 c6 O-O Bf5	A07	Attaque indienne du roi, avec Bf5	King's Indian Attack, with Bf5
Nf3 Nf6 g3 d5 Bg2 c6 O-O Bg4	A07	Attaque indienne du roi : Variante Yugoslav	King's Indian Attack: Yugoslav Variation
Nf3 Nf6 g3 d5 Bg2 e6 O-O Be7	A07	Attaque indienne du roi, avec e6	King's Indian Attack, with e6
Nf3 c5 c4 g6 d4 Bg7 e4 Qa5	A04	Défense moderne : Variante Semi-Averbakh, Variante Pterodactyl	Modern Defense: Semi-Averbakh Variation, Pterodactyl Variation
Nf3 c5 c4 g6 d4 Bg7 e4 Qb6	A04	Défense moderne : Variante Semi-Averbakh, Variante polonaise	Modern Defense: Semi-Averbakh Variation, Polish Variation
Nf3 c5 e3 g6 d4 Bg7 dxc5 Qa5	A04	Système Colle : Variante Rhamphorhynchus	Colle System: Rhamphorhynchus Variation
Nf3 d5 b3 Nf6 Bb2 g6 c4 c6	A12	Ouverture Réti : Variante Anglo-Slav, Variante Bled	Réti Opening: Anglo-Slav Variation, Bled Variation
Nf3 d5 g3 c5 Bg2 Nc6 d4 Nf6	A08	Ouverture Zukertort : inversée Grünfeld	Zukertort Opening: Reversed Grünfeld
Nf3 d5 g3 c6 Bg2 Bg4 O-O Nd7	A07	Attaque indienne du roi : Variante Keres	King's Indian Attack: Keres Variation
Nf3 e6 c4 a6 Nc3 c5 g3 b5	A04	Ouverture Zukertort : Gambit Shabalov	Zukertort Opening: Shabalov Gambit
c4 Nf6 Nc3 d5 cxd5 Nxd5 Nf3 g6	A16	Ouverture anglaise : Défense Anglo-indienne, Variante Anglo-Grünfeld	English Opening: Anglo-Indian Defense, Anglo-Grünfeld Variation
c4 Nf6 Nf3 c6 b3 d5 Bb2 Bg4	A12	Ouverture Réti : Variante Anglo-Slav, Variante Capablanca	Réti Opening: Anglo-Slav Variation, Capablanca Variation
c4 Nf6 Nf3 e6 g3 a6 Bg2 b5	A13	Ouverture anglaise : Gambit Romanishin	English Opening: Romanishin Gambit
c4 Nf6 Nf3 g6 g3 b6 Bg2 Bb7	A15	Ouverture anglaise : Défense Anglo-indienne, Formation King's indienne, Double fianchetto	English Opening: Anglo-Indian Defense, King's Indian Formation, Double Fianchetto
c4 Nf6 g3 c6 Nf3 d5 b3 Bf5	A12	Ouverture Réti : Variante Anglo-Slav, Système London Defensive	Réti Opening: Anglo-Slav Variation, London Defensive System
c4 Nf6 g3 c6 Nf3 d5 b3 Bg4	A12	Ouverture Réti : Variante Anglo-Slav, Système Torre	Réti Opening: Anglo-Slav Variation, Torre System
c4 Nf6 g3 c6 Nf3 d5 b3 dxc4	A12	Ouverture Réti : Variante Anglo-Slav, avec dxc4	Réti Opening: Anglo-Slav Variation, with dxc4
c4 c5 Nf3 Nf6 Nc3 Nc6 g3 e6	A35	Ouverture anglaise : Variante symétrique, Variante quatre cavaliers, Système Keres-Parma	English Opening: Symmetrical Variation, Four Knights Variation, Keres-Parma System
c4 c5 g3 g6 Bg2 Bg7 Nc3 Nc6	A36	Ouverture anglaise : Variante symétrique, Variante Ultra-symétrique	English Opening: Symmetrical Variation, Ultra-Symmetrical Variation
c4 c6 Nf3 d5 g3 Nf6 Bg2 Bf5	A11	Ouverture Réti : Variante Anglo-Slav, avec g3	Réti Opening: Anglo-Slav Variation, with g3
c4 c6 Nf3 d5 g3 Nf6 Bg2 dxc4	A11	Ouverture Réti : Variante Anglo-Slav, avec g3	Réti Opening: Anglo-Slav Variation, with g3
c4 c6 Nf3 d5 g3 Nf6 b3 g6	A11	Ouverture Réti : Variante Anglo-Slav, avec g3	Réti Opening: Anglo-Slav Variation, with g3
c4 e5 Nc3 Nc6 g3 d6 Bg2 Be6	A21	Ouverture anglaise : Variante King's anglaise, Défense Troger	English Opening: King's English Variation, Troger Defense
c4 e5 Nc3 Nc6 g3 g6 Bg2 Bg7	A25	Ouverture anglaise : Variante King's anglaise, Variante Taimanov	English Opening: King's English Variation, Taimanov Variation
c4 e5 Nc3 Nf6 Nf3 Nc6 d4 e4	A28	Ouverture anglaise : Variante King's anglaise, Variante quatre cavaliers, Variante Bradley Beach	English Opening: King's English Variation, Four Knights Variation, Bradley Beach Variation
c4 e5 Nc3 Nf6 Nf3 Nc6 g3 Bb4	A29	Ouverture anglaise : Variante King's anglaise, Variante quatre cavaliers, fianchetto ligne	English Opening: King's English Variation, Four Knights Variation, Fianchetto Line
c4 e5 Nc3 Nf6 Nf3 e4 Ng5 Ng4	A22	Ouverture anglaise : King's anglaise, Gambit Erbenheimer	English Opening: King's English, Erbenheimer Gambit
c4 e5 Nc3 Nf6 Nf3 e4 Ng5 b5	A22	Ouverture anglaise : Variante King's anglaise, Gambit Bellon	English Opening: King's English Variation, Bellon Gambit
c4 e5 Nc3 Nf6 Nf3 e4 Ng5 c6	A22	Ouverture anglaise : Variante King's anglaise, Gambit Adhiban	English Opening: King's English Variation, Adhiban Gambit
c4 e5 Nc3 Nf6 g3 Bc5 Bg2 c6	A23	Ouverture anglaise : Variante King's anglaise, Variante deux cavaliers, Variante Keres	English Opening: King's English Variation, Two Knights Variation, Keres Variation
c4 e6 Nc3 Nf6 e4 c5 e5 Ng8	A19	Ouverture anglaise : Défense Anglo-indienne, Variante Flohr-Mikenas-Carls, Gambit Nei	English Opening: Anglo-Indian Defense, Flohr-Mikenas-Carls Variation, Nei Gambit
c4 e6 Nf3 Nf6 g3 b6 Bg2 Bb7	A15	Ouverture anglaise : Défense Anglo-indienne, Formation Queen's indienne	English Opening: Anglo-Indian Defense, Queen's Indian Formation
c4 e6 Nf3 Nf6 g3 d5 Bg2 c6	A13	Ouverture anglaise : Défense Agincourt, Défense Catalan, Défense Semi-Slav	English Opening: Agincourt Defense, Catalan Defense, Semi-Slav Defense
c4 e6 Nf3 Nf6 g3 d5 Bg2 dxc4	A13	Ouverture anglaise : Défense Agincourt, Catalan défense accepté	English Opening: Agincourt Defense, Catalan Defense Accepted
c4 e6 Nf3 d5 g3 Nf6 Bg2 Bd6	A13	Ouverture anglaise : Défense Agincourt, Défense Bogoljubow	English Opening: Agincourt Defense, Bogoljubow Defense
c4 e6 Nf3 d5 g3 Nf6 Bg2 Be7	A13	Ouverture anglaise : Neo-Catalan refusé	English Opening: Neo-Catalan Declined
c4 e6 d4 c5 Nf3 cxd4 Nxd4 Nf6	A32	Ouverture anglaise : Variante symétrique, Variante Anti-Benoni, Défense Spielmann	English Opening: Symmetrical Variation, Anti-Benoni Variation, Spielmann Defense
d4 Nc6 c4 e5 dxe5 Nxe5 Nc3 Nxc4	A40	Défense Mikenas : Gambit Pozarek	Mikenas Defense: Pozarek Gambit
d4 Nc6 d5 Nb8 e4 Nf6 e5 Ng8	A40	Défense zaïroise	Zaire Defense
d4 Nf6 Bg5 Ne4 h4 Nxg5 hxg5 e5	A45	Attaque Trompowsky : Variante Raptor, Gambit Hergert	Trompowsky Attack: Raptor Variation, Hergert Gambit
d4 Nf6 Nc3 d5 Bg5 Nbd7 Nf3 g6	D01	Attaque Richter-Veresov : Système deux cavaliers, Défense Grünfeld	Richter-Veresov Attack: Two Knights System, Grünfeld Defense
d4 Nf6 Nf3 b6 g3 Bb7 Bg2 c5	A47	Système Marienbad	Marienbad System
d4 Nf6 Nf3 g6 Bf4 Bg7 e3 d6	A48	Système Londres	London System
d4 Nf6 Nf3 g6 Bg5 Bg7 Nbd2 c5	A48	Attaque Torre : Défense fianchetto, Variante Euwe	Torre Attack: Fianchetto Defense, Euwe Variation
d4 Nf6 Nf3 g6 Nc3 d5 Bf4 Bg7	A48	Partie du pion dame : Attaque Barry	Queen's Pawn Game: Barry Attack
d4 Nf6 Nf3 g6 e3 Bg7 Bd3 d6	A48	Défense indienne : Système Colle, Variante King's indienne	Indian Defense: Colle System, King's Indian Variation
d4 Nf6 c4 c5 d5 b5 cxb5 a6	A57	Gambit Benko accepté	Benko Gambit Accepted
d4 Nf6 c4 e5 dxe5 Ng4 e4 Nxe5	A52	Défense indienne : Budapest gambit accepté, ligne principale, Variante Alekhine, Variante Abonyi	Indian Defense: Budapest Gambit Accepted, Main Line, Alekhine Variation, Abonyi Variation
d4 Nf6 c4 e5 dxe5 Ng4 e4 d6	A52	Défense indienne : Budapest gambit accepté, ligne principale, Variante Alekhine, Défense Tartakower	Indian Defense: Budapest Gambit Accepted, Main Line, Alekhine Variation, Tartakower Defense
d4 Nf6 c4 e6 Nc3 Bb4 Qc2 Nc6	E33	Défense nimzo-indienne : Variante classique, Variante Zurich	Nimzo-Indian Defense: Classical Variation, Zurich Variation
d4 Nf6 c4 e6 Nc3 Bb4 Qc2 c5	E38	Défense nimzo-indienne : Variante classique, Variante Berlin	Nimzo-Indian Defense: Classical Variation, Berlin Variation
d4 Nf6 c4 e6 Nc3 Bb4 Qc2 d5	E34	Défense nimzo-indienne : Variante classique, Variante Noa	Nimzo-Indian Defense: Classical Variation, Noa Variation
d4 Nf6 c4 e6 Nc3 Bb4 e3 Nc6	E40	Défense nimzo-indienne : Système Rubinstein, Variante Taimanov	Nimzo-Indian Defense: Rubinstein System, Taimanov Variation
d4 Nf6 c4 e6 Nc3 Bb4 e3 O-O	E46	Défense nimzo-indienne : Variante Normal	Nimzo-Indian Defense: Normal Variation
d4 Nf6 c4 e6 Nc3 Bb4 e3 b6	E43	Défense nimzo-indienne : Variante St. Petersburg	Nimzo-Indian Defense: St. Petersburg Variation
d4 Nf6 c4 e6 Nc3 Bb4 e3 c5	E41	Défense nimzo-indienne : Système Rubinstein	Nimzo-Indian Defense: Rubinstein System
d4 Nf6 c4 e6 Nf3 Bb4 Bd2 Be7	E11	Défense bogo-indienne : Variante Retreat	Bogo-Indian Defense: Retreat Variation
d4 Nf6 c4 e6 Nf3 Bb4 Bd2 Bxd2	E11	Défense bogo-indienne : Variante échange	Bogo-Indian Defense: Exchange Variation
d4 Nf6 c4 e6 Nf3 Bb4 Bd2 Nc6	E11	Défense bogo-indienne : Variante Haiti	Bogo-Indian Defense: Haiti Variation
d4 Nf6 c4 e6 Nf3 Bb4 Bd2 Qe7	E11	Défense bogo-indienne : Variante Nimzowitsch	Bogo-Indian Defense: Nimzowitsch Variation
d4 Nf6 c4 e6 Nf3 Bb4 Bd2 a5	E11	Défense bogo-indienne : Variante Wade-Smyslov	Bogo-Indian Defense: Wade-Smyslov Variation
d4 Nf6 c4 e6 Nf3 Bb4 Bd2 c5	E11	Défense bogo-indienne : Variante Vitolins	Bogo-Indian Defense: Vitolins Variation
d4 Nf6 c4 e6 Nf3 b6 e3 Bb7	E14	Défense indienne de la dame : Système Spassky	Queen's Indian Defense: Spassky System
d4 Nf6 c4 e6 Nf3 b6 g3 Ba6	E15	Défense indienne de la dame : Variante fianchetto, Variante Nimzowitsch	Queen's Indian Defense: Fianchetto Variation, Nimzowitsch Variation
d4 Nf6 c4 e6 Nf3 b6 g3 Bb7	E15	Défense indienne de la dame : Variante fianchetto, Traditional ligne	Queen's Indian Defense: Fianchetto Variation, Traditional Line
d4 Nf6 c4 e6 Nf3 c5 d5 b5	E10	Contre-gambit Blumenfeld	Blumenfeld Countergambit
d4 Nf6 c4 e6 Nf3 d5 Bg5 Bb4	D30	Gambit dame refusé : Variante Vienna	Queen's Gambit Declined: Vienna Variation
d4 Nf6 c4 e6 Nf3 d5 Bg5 h6	D30	Gambit dame refusé : Variante Capablanca	Queen's Gambit Declined: Capablanca Variation
d4 Nf6 c4 e6 Nf3 d5 Nc3 Bb4	D38	Gambit dame refusé : Défense Ragozin	Queen's Gambit Declined: Ragozin Defense
d4 Nf6 c4 e6 Nf3 d5 Nc3 Nbd7	D37	Gambit dame refusé : Variante Barmen	Queen's Gambit Declined: Barmen Variation
d4 Nf6 c4 e6 Nf3 d5 Nc3 c5	D40	Gambit dame refusé : Défense Semi-Tarrasch	Queen's Gambit Declined: Semi-Tarrasch Defense
d4 Nf6 c4 e6 Nf3 d5 Nc3 dxc4	D37	Gambit dame refusé : trois cavaliers, Variante Vienna	Queen's Gambit Declined: Three Knights, Vienna Variation
d4 Nf6 c4 e6 g3 d5 Bg2 dxc4	E02	Ouverture catalane : Défense Open	Catalan Opening: Open Defense
d4 Nf6 c4 g6 Nc3 Bg7 e4 d6	E70	Défense indienne du roi : Variante Normal	King's Indian Defense: Normal Variation
d4 Nf6 c4 g6 Nc3 d5 Nf3 Bg7	D90	Défense Grünfeld : Variante trois cavaliers	Grünfeld Defense: Three Knights Variation
d4 Nf6 c4 g6 Nc3 d5 cxd5 Nxd5	D85	Défense Grünfeld : Variante échange	Grünfeld Defense: Exchange Variation
d4 Nf6 c4 g6 g3 Bg7 Bg2 d5	E60	Défense Grünfeld : Variante Counterthrust	Grünfeld Defense: Counterthrust Variation
d4 d5 Nf3 Bf5 c4 e6 Nc3 c6	D02	Gambit dame refusé : Défense Baltic, Pseudo-Slav	Queen's Gambit Declined: Baltic Defense, Pseudo-Slav
d4 d5 Nf3 Nf6 e3 g6 Bd3 Bg7	D04	Partie du pion dame : Système Colle, Formation Grünfeld	Queen's Pawn Game: Colle System, Grünfeld Formation
d4 d5 Nf3 Nf6 g3 c6 Bg2 Bg4	D02	Partie du pion dame : Variante symétrique, Pseudo-Catalan	Queen's Pawn Game: Symmetrical Variation, Pseudo-Catalan
d4 d5 Nf3 c6 Bg5 h6 Bh4 Qb6	D02	Partie du pion dame : Attaque Levitsky, Variante Euwe, moderne ligne	Queen's Pawn Game: Levitsky Attack, Euwe Variation, Modern Line
d4 d5 c4 Bf5 Nc3 e6 Nf3 Nc6	D06	Gambit dame refusé : Défense Baltic, Pseudo-Chigorin	Queen's Gambit Declined: Baltic Defense, Pseudo-Chigorin
d4 d5 c4 Nc6 Nc3 dxc4 Nf3 Nf6	D07	Gambit dame refusé : Défense Chigorin, Gambit moderne	Queen's Gambit Declined: Chigorin Defense, Modern Gambit
d4 d5 c4 c6 Nf3 Nf6 Nc3 Qb6	D15	Défense slave : Variante Süchting	Slav Defense: Süchting Variation
d4 d5 c4 c6 Nf3 Nf6 Nc3 a6	D15	Défense slave : Variante Chebanenko	Slav Defense: Chebanenko Variation
d4 d5 c4 c6 Nf3 Nf6 Nc3 dxc4	D15	Défense slave : Attaque deux cavaliers	Slav Defense: Two Knights Attack
d4 d5 c4 c6 Nf3 Nf6 Nc3 e6	D43	Défense semi-slave	Semi-Slav Defense
d4 d5 c4 c6 Nf3 Nf6 Nc3 g6	D15	Défense slave : Variante Schlechter	Slav Defense: Schlechter Variation
d4 d5 c4 c6 Nf3 Nf6 cxd5 cxd5	D13	Défense slave : Variante échange	Slav Defense: Exchange Variation
d4 d5 c4 c6 Nf3 Nf6 e3 Bf5	D12	Défense slave : Variante calme, Défense Schallopp	Slav Defense: Quiet Variation, Schallopp Defense
d4 d5 c4 c6 Nf3 Nf6 e3 Bg4	D11	Défense slave : Variante calme, Défense Pin	Slav Defense: Quiet Variation, Pin Defense
d4 d5 c4 dxc4 Nf3 Nf6 e3 Be6	D25	Gambit dame accepté : Défense Winawer	Queen's Gambit Accepted: Winawer Defense
d4 d5 c4 dxc4 Nf3 Nf6 e3 Bg4	D25	Gambit dame accepté : Variante Janowski-Larsen	Queen's Gambit Accepted: Janowski-Larsen Variation
d4 d5 c4 dxc4 Nf3 Nf6 e3 e6	D26	Gambit dame accepté : Variante Normal, Système Traditional	Queen's Gambit Accepted: Normal Variation, Traditional System
d4 d5 c4 dxc4 Nf3 Nf6 e3 g6	D25	Gambit dame accepté : Variante Smyslov	Queen's Gambit Accepted: Smyslov Variation
d4 d5 c4 dxc4 Nf3 a6 e3 b5	D22	Gambit dame accepté : Défense Alekhine, Variante Haberditz	Queen's Gambit Accepted: Alekhine Defense, Haberditz Variation
d4 d5 c4 dxc4 e4 c5 d5 b5	D20	Gambit dame accepté : Variante Central, Défense Rubinstein, Gambit Yefimov	Queen's Gambit Accepted: Central Variation, Rubinstein Defense, Yefimov Gambit
d4 d5 c4 e5 dxe5 d4 Nf3 c5	D08	Gambit dame refusé : Contre-gambit Albin, Défense Tartakower	Queen's Gambit Declined: Albin Countergambit, Tartakower Defense
d4 d5 c4 e6 Nc3 Nf6 Bg5 Be7	D53	Gambit dame refusé	Queen's Gambit Declined
d4 d5 c4 e6 Nc3 Nf6 Bg5 Nbd7	D51	Gambit dame refusé : Variante moderne, Défense cavalier	Queen's Gambit Declined: Modern Variation, Knight Defense
d4 d5 c4 e6 Nc3 Nf6 Bg5 c5	D50	Gambit dame refusé : Variante Been-Koomen	Queen's Gambit Declined: Been-Koomen Variation
d4 d5 c4 e6 Nc3 c5 cxd5 cxd4	D32	Défense Tarrasch : Gambit Schara	Tarrasch Defense: Schara Gambit
d4 d5 c4 e6 Nc3 c5 cxd5 exd5	D32	Gambit dame refusé : Défense Tarrasch	Queen's Gambit Declined: Tarrasch Defense
d4 d5 c4 e6 Nc3 c6 Nf3 dxc4	D31	Défense semi-slave : Variante Noteboom	Semi-Slav Defense: Noteboom Variation
d4 d5 c4 e6 Nc3 c6 e3 f5	D31	Défense semi-slave : Anti-Noteboom, Variante Stonewall	Semi-Slav Defense: Anti-Noteboom, Stonewall Variation
d4 d5 e4 dxe4 Nc3 Nf6 f3 Bf5	D00	Gambit Blackmar-Diemer refusé : Défense Vienna	Blackmar-Diemer Gambit Declined: Vienna Defense
d4 d5 e4 dxe4 Nc3 Nf6 f3 Nc6	D00	Gambit Blackmar-Diemer refusé : Défense Lamb	Blackmar-Diemer Gambit Declined: Lamb Defense
d4 d5 e4 dxe4 Nc3 Nf6 f3 a6	D00	Gambit Blackmar-Diemer refusé : Défense Gedult	Blackmar-Diemer Gambit Declined: Gedult Defense
d4 d5 e4 dxe4 Nc3 Nf6 f3 c5	D00	Gambit Blackmar-Diemer refusé : Contre-gambit Brombacher	Blackmar-Diemer Gambit Declined: Brombacher Countergambit
d4 d5 e4 dxe4 Nc3 Nf6 f3 c6	D00	Gambit Blackmar-Diemer refusé : Défense O'Kelly	Blackmar-Diemer Gambit Declined: O'Kelly Defense
d4 d5 e4 dxe4 Nc3 Nf6 f3 e3	D00	Gambit Blackmar-Diemer refusé : Défense Langeheinicke	Blackmar-Diemer Gambit Declined: Langeheinicke Defense
d4 d5 e4 dxe4 Nc3 Nf6 f3 e5	D00	Gambit Blackmar-Diemer refusé : Contre-gambit Elbert	Blackmar-Diemer Gambit Declined: Elbert Countergambit
d4 d5 e4 dxe4 Nc3 Nf6 f3 e6	D00	Gambit Blackmar-Diemer refusé : Défense Weinsbach	Blackmar-Diemer Gambit Declined: Weinsbach Defense
d4 d5 e4 dxe4 Nc3 Nf6 f3 exf3	D00	Gambit Blackmar-Diemer accepté	Blackmar-Diemer Gambit Accepted
d4 d6 Nf3 Bg4 c4 Nd7 Qb3 Rb8	A41	Ouverture Zukertort : Défense Wade, Chigorin Plan	Zukertort Opening: Wade Defense, Chigorin Plan
d4 d6 Nf3 g6 c4 Bg7 e4 Bg4	A41	Défense Robatsch (moderne) : Variante Rossolimo	Robatsch Defense: Rossolimo Variation
d4 e6 c4 b6 e4 Bb7 Bd3 Nc6	A40	Défense anglaise : Variante Perrin	English Defense: Perrin Variation
d4 f5 c4 Nf6 Nc3 d6 Nf3 Nc6	A84	Défense hollandaise : Variante Krause	Dutch Defense: Krause Variation
d4 f5 c4 Nf6 g3 e6 Bg2 Bb4	A90	Défense hollandaise : Variante Nimzo-hollandaise	Dutch Defense: Nimzo-Dutch Variation
d4 f5 c4 Nf6 g3 e6 Bg2 Be7	A91	Défense hollandaise : Variante classique	Dutch Defense: Classical Variation
d4 f5 e4 fxe4 Nc3 Nf6 Bg5 b6	A83	Défense hollandaise : Gambit Staunton, Variante Nimzowitsch	Dutch Defense: Staunton Gambit, Nimzowitsch Variation
d4 f5 e4 fxe4 Nc3 Nf6 Bg5 c6	A83	Défense hollandaise : Gambit Staunton, Variante Chigorin	Dutch Defense: Staunton Gambit, Chigorin Variation
d4 g6 Nc3 Bg7 e4 c5 d5 Qa5	B06	Défense ptérodactyle : Eastern, Benoni Pterodactyl	Pterodactyl Defense: Eastern, Benoni Pterodactyl
d4 g6 Nf3 Bg7 e3 c5 Bd3 Qa5	A40	Système Colle : Variante Pterodactyl	Colle System: Pterodactyl Variation
d4 g6 Nf3 Bg7 g3 c5 Bg2 Qa5	A40	Défense ptérodactyle : fianchetto, Queen Pterodactyl	Pterodactyl Defense: Fianchetto, Queen Pterodactyl
d4 g6 c4 Bg7 Nc3 c5 d5 Qa5	A40	Défense ptérodactyle : fianchetto, Queen Benoni Pterodactyl	Pterodactyl Defense: Fianchetto, Queen Benoni Pterodactyl
d4 g6 c4 Bg7 Nc3 d6 e4 Nc6	A42	Défense moderne : Variante Kotov	Modern Defense: Kotov Variation
d4 g6 c4 Bg7 Nc3 d6 e4 f5	A42	Défense moderne : Variante Randspringer	Modern Defense: Randspringer Variation
d4 g6 c4 Bg7 e4 c5 d5 Qa5	A40	Défense ptérodactyle : Central, Benoni Pterodactyl	Pterodactyl Defense: Central, Benoni Pterodactyl
e3 e5 c4 d6 Nc3 Nc6 b3 Nf6	A00	Attaque d'Amsterdam	Amsterdam Attack
e4 Nc6 d4 d5 Nc3 dxe4 d5 Ne5	B00	Défense Nimzowitsch : Variante scandinave, Variante Bogoljubow, Gambit Nimzowitsch	Nimzowitsch Defense: Scandinavian Variation, Bogoljubow Variation, Nimzowitsch Gambit
e4 Nc6 d4 e5 dxe5 Nxe5 f4 Nc6	B00	Défense Nimzowitsch : Variante Kennedy, Défense Riemann	Nimzowitsch Defense: Kennedy Variation, Riemann Defense
e4 Nc6 d4 e5 dxe5 Nxe5 f4 Ng6	B00	Défense Nimzowitsch : Variante Kennedy, ligne principale	Nimzowitsch Defense: Kennedy Variation, Main Line
e4 Nf6 e5 Nd5 d4 d6 Nf3 Bg4	B05	Défense Alekhine : Variante moderne, ligne principale	Alekhine Defense: Modern Variation, Main Line
e4 Nf6 e5 Nd5 d4 d6 Nf3 Nb6	B04	Défense Alekhine : Variante moderne, Variante Schmid	Alekhine Defense: Modern Variation, Schmid Variation
e4 Nf6 e5 Nd5 d4 d6 Nf3 Nc6	B04	Défense Alekhine : Variante moderne, Variante Larsen-Haakert	Alekhine Defense: Modern Variation, Larsen-Haakert Variation
e4 Nf6 e5 Nd5 d4 d6 Nf3 dxe5	B04	Défense Alekhine : Variante moderne, Variante Larsen	Alekhine Defense: Modern Variation, Larsen Variation
e4 Nf6 e5 Nd5 d4 d6 Nf3 g6	B04	Défense Alekhine : Variante moderne, Variante Alburt	Alekhine Defense: Modern Variation, Alburt Variation
e4 a6 d4 b5 Nf3 Bb7 Bd3 e6	B00	Défense Saint-Georges : Variante polonaise	St. George Defense: Polish Variation
e4 c5 Nc3 Nc6 g3 g6 Bg2 Bg7	B24	Défense sicilienne : Closed	Sicilian Defense: Closed
e4 c5 Nf3 Nc6 d4 cxd4 Nxd4 Nf6	B33	Défense sicilienne : Open	Sicilian Defense: Open
e4 c5 Nf3 Nc6 d4 cxd4 Nxd4 Qb6	B32	Défense sicilienne : Variante Godiva	Sicilian Defense: Godiva Variation
e4 c5 Nf3 Nc6 d4 cxd4 Nxd4 Qc7	B32	Défense sicilienne : Variante Flohr	Sicilian Defense: Flohr Variation
e4 c5 Nf3 Nc6 d4 cxd4 Nxd4 d5	B32	Défense sicilienne : Variante Nimzo-American	Sicilian Defense: Nimzo-American Variation
e4 c5 Nf3 Nc6 d4 cxd4 Nxd4 e5	B32	Défense sicilienne : Variante Löwenthal	Sicilian Defense: Löwenthal Variation
e4 c5 Nf3 Nc6 d4 cxd4 Nxd4 g6	B32	Défense sicilienne : Accelerated Dragon	Sicilian Defense: Accelerated Dragon
e4 c5 Nf3 Nf6 e5 Nd5 Nc3 Nxc3	B29	Défense sicilienne : Variante Nimzowitsch, Variante échange	Sicilian Defense: Nimzowitsch Variation, Exchange Variation
e4 c5 Nf3 a6 c3 d5 exd5 Nf6	B28	Défense sicilienne : Variante O'Kelly, Système Venice, gambit ligne	Sicilian Defense: O'Kelly Variation, Venice System, Gambit Line
e4 c5 Nf3 a6 d4 cxd4 Nxd4 e5	B28	Défense sicilienne : Variante O'Kelly, Système Normal, Taimanov ligne	Sicilian Defense: O'Kelly Variation, Normal System, Taimanov Line
e4 c5 Nf3 d6 d4 Nf6 dxc5 Nxe4	B50	Défense sicilienne : Variantes moderne, Anti-Qxd4 Move Order accepté	Sicilian Defense: Modern Variations, Anti-Qxd4 Move Order Accepted
e4 c5 Nf3 d6 d4 cxd4 Nxd4 Nf6	B54	Défense sicilienne : Variantes moderne, ligne principale	Sicilian Defense: Modern Variations, Main Line
e4 c5 Nf3 d6 d4 cxd4 Nxd4 g6	B54	Défense sicilienne : Variante Dragon, Accelerated Dragon	Sicilian Defense: Dragon Variation, Accelerated Dragon
e4 c5 Nf3 e6 d4 cxd4 Nxd4 Bc5	B40	Défense sicilienne : Défense Paulsen-Basman	Sicilian Defense: Paulsen-Basman Defense
e4 c5 Nf3 e6 d4 cxd4 Nxd4 Nc6	B44	Défense sicilienne : Variante Taimanov	Sicilian Defense: Taimanov Variation
e4 c5 Nf3 e6 d4 cxd4 Nxd4 Nf6	B40	Défense sicilienne : Variante française, Normal	Sicilian Defense: French Variation, Normal
e4 c5 Nf3 e6 d4 cxd4 Nxd4 Qb6	B40	Défense sicilienne : Variante Kveinis	Sicilian Defense: Kveinis Variation
e4 c5 Nf3 e6 d4 cxd4 Nxd4 a6	B41	Défense sicilienne : Variante Kan	Sicilian Defense: Kan Variation
e4 c5 Nf3 g6 c3 Bg7 d4 Qa5	B27	Défense ptérodactyle : Western, Pterodactyl	Pterodactyl Defense: Western, Pterodactyl
e4 c5 Nf3 g6 d4 Bg7 Nc3 Qa5	B27	Défense moderne : Variante Pterodactyl	Modern Defense: Pterodactyl Variation
e4 c5 Nf3 g6 d4 Bg7 dxc5 Qa5	B27	Défense ptérodactyle : Western, Rhamphorhynchus	Pterodactyl Defense: Western, Rhamphorhynchus
e4 c5 c3 Nf6 e5 Nd5 d4 cxd4	B22	Défense sicilienne : Variante Alapin, Smith-Morra refusé	Sicilian Defense: Alapin Variation, Smith-Morra Declined
e4 c5 c4 d6 Nc3 Nc6 g3 h5	B20	Défense sicilienne : Variante Gloria	Sicilian Defense: Gloria Variation
e4 c6 Nc3 d5 Nf3 Bg4 h3 Bh5	B11	Défense Caro-Kann : Attaque deux cavaliers, Variante Mindeno, Retreat ligne	Caro-Kann Defense: Two Knights Attack, Mindeno Variation, Retreat Line
e4 c6 Nc3 d5 Nf3 Bg4 h3 Bxf3	B11	Défense Caro-Kann : Attaque deux cavaliers, Variante Mindeno, échange ligne	Caro-Kann Defense: Two Knights Attack, Mindeno Variation, Exchange Line
e4 c6 c4 d5 exd5 cxd5 cxd5 Nf6	B10	Défense Caro-Kann : Attaque Accelerated Panov, Variante moderne	Caro-Kann Defense: Accelerated Panov Attack, Modern Variation
e4 c6 d4 d5 Nd2 dxe4 Nxe4 Bf5	B18	Défense Caro-Kann : Variante classique	Caro-Kann Defense: Classical Variation
e4 c6 d4 d5 Nd2 dxe4 Nxe4 Nd7	B17	Défense Caro-Kann : Variante Karpov	Caro-Kann Defense: Karpov Variation
e4 c6 d4 d5 Nd2 dxe4 Nxe4 h6	B16	Défense Caro-Kann : Variante Finnish	Caro-Kann Defense: Finnish Variation
e4 c6 d4 d5 e5 Bf5 Nc3 Qb6	B12	Défense Caro-Kann : Variante avancée, Attaque Van der Wiel, Défense Dreyev	Caro-Kann Defense: Advance Variation, Van der Wiel Attack, Dreyev Defense
e4 c6 d4 d5 exd5 cxd5 Nf3 Nc6	B13	Défense Caro-Kann : Variante échange	Caro-Kann Defense: Exchange Variation
e4 d5 exd5 Nf6 d4 Bg4 Bb5 c6	B01	Défense scandinave : Gambit portugaise, Variante Elbow	Scandinavian Defense: Portuguese Gambit, Elbow Variation
e4 d5 exd5 Nf6 d4 Nxd5 Nf3 Bg4	B01	Défense scandinave : Variante moderne, Variante Gipslis	Scandinavian Defense: Modern Variation, Gipslis Variation
e4 d5 exd5 Nf6 d4 Nxd5 Nf3 g6	B01	Défense scandinave : Variante Richter	Scandinavian Defense: Richter Variation
e4 d5 exd5 Nf6 d4 Nxd5 c4 Nb4	B01	Défense scandinave : Variante Kiel	Scandinavian Defense: Kiel Variation
e4 d5 exd5 Nf6 d4 c6 dxc6 e5	B01	Défense scandinave : Gambit Kádas	Scandinavian Defense: Kádas Gambit
e4 d5 exd5 Nf6 d4 g6 c4 b5	B01	Défense scandinave : Variante moderne, Gambit aile	Scandinavian Defense: Modern Variation, Wing Gambit
e4 d5 exd5 Qxd5 Nc3 Qa5 d4 Nf6	B01	Défense scandinave : ligne principale, Variante Mieses	Scandinavian Defense: Main Line, Mieses Variation
e4 d5 exd5 Qxd5 Nc3 Qa5 d4 e5	B01	Défense scandinave : Contre-attaque Anderssen	Scandinavian Defense: Anderssen Counterattack
e4 d5 exd5 Qxd5 Nc3 Qd6 d4 c6	B01	Défense scandinave : Variante Schiller-Pytel	Scandinavian Defense: Schiller-Pytel Variation
e4 d6 d4 Nf6 Nc3 Nbd7 f4 e5	B07	Défense Lion : Anti-Philidor, Lion's Cave	Lion Defense: Anti-Philidor, Lion's Cave
e4 d6 d4 Nf6 Nc3 g6 Nf3 Bg7	B08	Défense Pirc : Variante classique	Pirc Defense: Classical Variation
e4 e5 Bc4 Bc5 c3 d5 Bxd5 Nf6	C23	Ouverture du fou : Contre-gambit Lewis	Bishop's Opening: Lewis Countergambit
e4 e5 Bc4 Nf6 d3 Be7 Nf3 O-O	C24	Ouverture du fou : Kitchener Folly	Bishop's Opening: Kitchener Folly
e4 e5 Nc3 Nc6 f4 Bc5 fxe5 d6	C25	Vienna gambit, Défense avec Max Lange : Gambit Quelle	Vienna Gambit, with Max Lange Defense: Quelle Gambit
e4 e5 Nc3 Nc6 f4 exf4 Nf3 Be7	C25	Vienna gambit, Défense avec Max Lange : Défense Cunningham	Vienna Gambit, with Max Lange Defense: Cunningham Defense
e4 e5 Nc3 Nf6 Bc4 Bc5 Nge2 b5	C26	Partie viennoise : Variante Stanley, Gambit Eifel	Vienna Game: Stanley Variation, Eifel Gambit
e4 e5 Nc3 Nf6 g3 d5 exd5 c6	C26	Partie viennoise : Variante Mieses, Gambit Erben	Vienna Game: Mieses Variation, Erben Gambit
e4 e5 Nf3 Nc6 Bb5 Bc5 c3 Bb6	C64	Partie espagnole (Ruy López) : Variante classique, Variante Charousek	Ruy Lopez: Classical Variation, Charousek Variation
e4 e5 Nf3 Nc6 Bb5 Bc5 c3 Qe7	C64	Partie espagnole (Ruy López) : Défense classique, Variante Boden	Ruy Lopez: Classical Defense, Boden Variation
e4 e5 Nf3 Nc6 Bb5 Bc5 c3 d5	C64	Partie espagnole (Ruy López) : Variante classique, Gambit Konikowski	Ruy Lopez: Classical Variation, Konikowski Gambit
e4 e5 Nf3 Nc6 Bb5 Bc5 c3 f5	C64	Partie espagnole (Ruy López) : Variante classique, Gambit Cordel	Ruy Lopez: Classical Variation, Cordel Gambit
e4 e5 Nf3 Nc6 Bb5 Nf6 O-O Bc5	C65	Partie espagnole (Ruy López) : Défense Berlin, Variante Beverwijk	Ruy Lopez: Berlin Defense, Beverwijk Variation
e4 e5 Nf3 Nc6 Bb5 Nf6 O-O Ng4	C65	Partie espagnole (Ruy López) : Défense Berlin, Variante Fishing Pole	Ruy Lopez: Berlin Defense, Fishing Pole Variation
e4 e5 Nf3 Nc6 Bb5 Nf6 O-O Nxe4	C67	Partie espagnole (Ruy López) : Défense Berlin, Rio gambit accepté	Ruy Lopez: Berlin Defense, Rio Gambit Accepted
e4 e5 Nf3 Nc6 Bb5 Nf6 O-O d6	C66	Partie espagnole (Ruy López) : Défense Berlin, Défense Improved Steinitz	Ruy Lopez: Berlin Defense, Improved Steinitz Defense
e4 e5 Nf3 Nc6 Bb5 Nf6 d3 Ne7	C65	Partie espagnole (Ruy López) : Défense Berlin, Variante Anti-Berlin, Variante Mortimer	Ruy Lopez: Berlin Defense, Anti-Berlin Variation, Mortimer Variation
e4 e5 Nf3 Nc6 Bb5 Nge7 Nc3 g6	C60	Partie espagnole (Ruy López) : Défense Cozio, Variante Paulsen	Ruy Lopez: Cozio Defense, Paulsen Variation
e4 e5 Nf3 Nc6 Bb5 a6 Ba4 Bb4	C70	Partie espagnole (Ruy López) : Défense Morphy, Alapin's défense différé	Ruy Lopez: Morphy Defense, Alapin's Defense Deferred
e4 e5 Nf3 Nc6 Bb5 a6 Ba4 Bc5	C70	Partie espagnole (Ruy López) : Défense Morphy, classique défense différé	Ruy Lopez: Morphy Defense, Classical Defense Deferred
e4 e5 Nf3 Nc6 Bb5 a6 Ba4 Nd4	C70	Partie espagnole (Ruy López) : Bird's défense différé	Ruy Lopez: Bird's Defense Deferred
e4 e5 Nf3 Nc6 Bb5 a6 Ba4 Nge7	C70	Partie espagnole (Ruy López) : Défense Morphy, Défense Cozio	Ruy Lopez: Morphy Defense, Cozio Defense
e4 e5 Nf3 Nc6 Bb5 a6 Ba4 b5	C70	Partie espagnole (Ruy López) : Défense Morphy, Variante Caro	Ruy Lopez: Morphy Defense, Caro Variation
e4 e5 Nf3 Nc6 Bb5 a6 Ba4 d6	C71	Partie espagnole (Ruy López) : Défense Morphy, Défense moderne Steinitz	Ruy Lopez: Morphy Defense, Modern Steinitz Defense
e4 e5 Nf3 Nc6 Bb5 a6 Ba4 f5	C70	Partie espagnole (Ruy López) : Défense Morphy, Schliemann défense différé	Ruy Lopez: Morphy Defense, Schliemann Defense Deferred
e4 e5 Nf3 Nc6 Bb5 a6 Ba4 g6	C70	Partie espagnole (Ruy López) : Défense Morphy, fianchetto défense différé	Ruy Lopez: Morphy Defense, Fianchetto Defense Deferred
e4 e5 Nf3 Nc6 Bb5 a6 Bxc6 bxc6	C68	Partie espagnole (Ruy López) : Variante échange, Variante Lutikov	Ruy Lopez: Exchange Variation, Lutikov Variation
e4 e5 Nf3 Nc6 Bb5 g6 c3 f5	C60	Partie espagnole (Ruy López) : Défense fianchetto, Gambit Kevitz	Ruy Lopez: Fianchetto Defense, Kevitz Gambit
e4 e5 Nf3 Nc6 Bc4 Bc5 Nc3 Nf6	C50	Partie des quatre cavaliers : Variante italienne	Four Knights Game: Italian Variation
e4 e5 Nf3 Nc6 Bc4 Bc5 b4 Bb6	C51	Partie italienne : Evans gambit refusé	Italian Game: Evans Gambit Declined
e4 e5 Nf3 Nc6 Bc4 Bc5 b4 Bxb4	C51	Partie italienne : Evans gambit accepté	Italian Game: Evans Gambit Accepted
e4 e5 Nf3 Nc6 Bc4 Bc5 b4 b5	C51	Partie italienne : Gambit Evans, Contre-gambit Fontaine	Italian Game: Evans Gambit, Fontaine Countergambit
e4 e5 Nf3 Nc6 Bc4 Bc5 b4 d5	C51	Partie italienne : Gambit Evans, Contre-gambit Hein	Italian Game: Evans Gambit, Hein Countergambit
e4 e5 Nf3 Nc6 Bc4 Bc5 c3 Nf6	C54	Partie italienne : Variante classique	Italian Game: Classical Variation
e4 e5 Nf3 Nc6 Bc4 Bc5 c3 Qe7	C53	Partie italienne : Variante classique, Variante Closed	Italian Game: Classical Variation, Closed Variation
e4 e5 Nf3 Nc6 Bc4 Bc5 d3 f5	C50	Partie italienne : Giuoco Pianissimo, Gambit Lucchini	Italian Game: Giuoco Pianissimo, Lucchini Gambit
e4 e5 Nf3 Nc6 Bc4 Be7 d4 exd4	C44	Partie écossaise : Défense Benima	Scotch Game: Benima Defense
e4 e5 Nf3 Nc6 Bc4 Nf6 Ng5 Bc5	C57	Partie italienne : Défense deux cavaliers, Contre-attaque Traxler	Italian Game: Two Knights Defense, Traxler Counterattack
e4 e5 Nf3 Nc6 Bc4 Nf6 Ng5 Nxe4	C57	Partie italienne : Défense deux cavaliers, Gambit Ponziani-Steinitz	Italian Game: Two Knights Defense, Ponziani-Steinitz Gambit
e4 e5 Nf3 Nc6 Bc4 Nf6 Ng5 d5	C57	Partie italienne : Défense deux cavaliers, Attaque cavalier, Variante Normal	Italian Game: Two Knights Defense, Knight Attack, Normal Variation
e4 e5 Nf3 Nc6 Bc4 Nf6 d3 Bc5	C50	Partie italienne : Giuoco Pianissimo, Normal	Italian Game: Giuoco Pianissimo, Normal
e4 e5 Nf3 Nc6 Bc4 Nf6 d3 Be7	C55	Partie italienne : Défense deux cavaliers, moderne fou's ouverture	Italian Game: Two Knights Defense, Modern Bishop's Opening
e4 e5 Nf3 Nc6 Bc4 Nf6 d4 d6	C56	Partie italienne : Scotch Invitation refusé	Italian Game: Scotch Invitation Declined
e4 e5 Nf3 Nc6 Bc4 Nf6 d4 exd4	C44	Partie écossaise : Gambit Scotch, Défense Dubois Réti	Scotch Game: Scotch Gambit, Dubois Réti Defense
e4 e5 Nf3 Nc6 Nc3 Bb4 Nd5 Nf6	C46	Ouverture des trois cavaliers : Variante Schlechter	Three Knights Opening: Schlechter Variation
e4 e5 Nf3 Nc6 Nc3 Nf6 Bb5 Bb4	C49	Partie des quatre cavaliers : Variante espagnole, Double espagnole	Four Knights Game: Spanish Variation, Double Spanish
e4 e5 Nf3 Nc6 Nc3 Nf6 Bb5 Bc5	C48	Partie des quatre cavaliers : Variante espagnole, Variante classique	Four Knights Game: Spanish Variation, Classical Variation
e4 e5 Nf3 Nc6 Nc3 Nf6 Bb5 Nd4	C48	Partie des quatre cavaliers : Variante espagnole, Variante Rubinstein	Four Knights Game: Spanish Variation, Rubinstein Variation
e4 e5 Nf3 Nc6 Nc3 Nf6 d4 exd4	C47	Partie des quatre cavaliers : Scotch variante accepté	Four Knights Game: Scotch Variation Accepted
e4 e5 Nf3 Nc6 c3 Nf6 d3 d5	C44	Ouverture Ponziani : Contre-attaque Jaenisch	Ponziani Opening: Jaenisch Counterattack
e4 e5 Nf3 Nc6 c3 d5 Qa4 Bd7	C44	Ouverture Ponziani : Gambit Caro	Ponziani Opening: Caro Gambit
e4 e5 Nf3 Nc6 c3 d5 Qa4 Nf6	C44	Ouverture Ponziani : Variante Leonhardt	Ponziani Opening: Leonhardt Variation
e4 e5 Nf3 Nc6 c3 d5 Qa4 f6	C44	Ouverture Ponziani : Variante Steinitz	Ponziani Opening: Steinitz Variation
e4 e5 Nf3 Nc6 d4 exd4 Bc4 Bb4	C44	Partie écossaise : Gambit Scotch, Défense London	Scotch Game: Scotch Gambit, London Defense
e4 e5 Nf3 Nc6 d4 exd4 Bc4 Bc5	C44	Partie écossaise : Gambit Haxo	Scotch Game: Haxo Gambit
e4 e5 Nf3 Nc6 d4 exd4 Nxd4 Bb4	C45	Partie écossaise : Variante Malaniuk	Scotch Game: Malaniuk Variation
e4 e5 Nf3 Nc6 d4 exd4 Nxd4 Bc5	C45	Partie écossaise : Variante classique	Scotch Game: Classical Variation
e4 e5 Nf3 Nc6 d4 exd4 Nxd4 Nf6	C45	Partie écossaise : Variante Schmidt	Scotch Game: Schmidt Variation
e4 e5 Nf3 Nc6 d4 exd4 Nxd4 Qh4	C45	Partie écossaise : Variante Steinitz	Scotch Game: Steinitz Variation
e4 e5 Nf3 Nc6 d4 exd4 c3 d5	C44	Partie écossaise : Gambit Scotch, Göring gambit refusé	Scotch Game: Scotch Gambit, Göring Gambit Declined
e4 e5 Nf3 Nf6 Bc4 Nxe4 Nc3 d5	C27	Ouverture du fou : Gambit Boden-Kieseritzky, Défense Lichtenhein	Bishop's Opening: Boden-Kieseritzky Gambit, Lichtenhein Defense
e4 e5 Nf3 Nf6 Nxe5 Nc6 Nxc6 dxc6	C42	Défense Petroff (russe) : Stafford gambit accepté	Petrov's Defense: Stafford Gambit Accepted
e4 e5 Nf3 Nf6 Nxe5 Nxe4 Qe2 Qe7	C42	Défense Petroff (russe) : Variante Damiano, Gambit Kholmov	Petrov's Defense: Damiano Variation, Kholmov Gambit
e4 e5 Nf3 Nf6 Nxe5 d6 Nf3 Nxe4	C42	Défense Petroff (russe)	Petrov's Defense
e4 e5 Nf3 Nf6 d4 Nxe4 Bd3 Nc6	C43	Défense Petroff (russe) : Attaque moderne, Variante Murrey	Petrov's Defense: Modern Attack, Murrey Variation
e4 e5 Nf3 d5 Nxe5 dxe4 Bc4 Qg5	C40	Gambit de l'éléphant : Variante Wasp	Elephant Gambit: Wasp Variation
e4 e5 Nf3 d6 d4 Bg4 dxe5 Nd7	C41	Défense Philidor : Gambit Albin-Blackburne	Philidor Defense: Albin-Blackburne Gambit
e4 e5 Nf3 d6 d4 Nd7 Bc4 Nb6	C41	Défense Philidor : Variante Hanham, Variante Sharp	Philidor Defense: Hanham Variation, Sharp Variation
e4 e5 Nf3 d6 d4 Nf6 Nc3 Nbd7	C41	Défense Philidor : Variante Lion	Philidor Defense: Lion Variation
e4 e5 Nf3 d6 d4 exd4 Nxd4 Nf6	C41	Défense Philidor : Variante échange	Philidor Defense: Exchange Variation
e4 e5 Nf3 d6 d4 exd4 Nxd4 g6	C41	Défense Philidor : Variante Larsen	Philidor Defense: Larsen Variation
e4 e5 Nf3 d6 d4 exd4 Qxd4 Bd7	C41	Défense Philidor : Variante Boden	Philidor Defense: Boden Variation
e4 e5 Nf3 f5 Bc4 fxe4 Nxe5 Nf6	C40	Gambit letton : Contre-gambit Corkscrew	Latvian Gambit: Corkscrew Countergambit
e4 e5 Nf3 f5 Bc4 fxe4 Nxe5 d5	C40	Gambit letton : Attaque Mayet, Variante Polerio-Svedenborg	Latvian Gambit: Mayet Attack, Polerio-Svedenborg Variation
e4 e5 Nf3 f6 Nxe5 Qe7 Nf3 d5	C40	Partie du pion roi : Défense Damiano, Gambit Damiano, Gambit Chigorin	King's Pawn Game: Damiano Defense, Damiano Gambit, Chigorin Gambit
e4 e5 d3 d5 exd5 c6 dxc6 Nxc6	C20	Partie du pion roi : Gambit Weber	King's Pawn Game: Weber Gambit
e4 e5 d4 exd4 Qxd4 Nc6 Qe3 Nf6	C22	Partie du centre : Variante Berger	Center Game: Berger Variation
e4 e5 d4 exd4 Qxd4 Nc6 Qe3 f5	C22	Partie du centre : Variante l'Hermet	Center Game: l'Hermet Variation
e4 e5 f4 Bc5 Nf3 d6 Nc3 Nd7	C30	Gambit du roi refusé : classique, Variante Hanham	King's Gambit Declined: Classical, Hanham Variation
e4 e5 f4 Bc5 Nf3 d6 c3 f5	C30	Gambit du roi refusé : Variante classique, Contre-gambit Rubinstein	King's Gambit Declined: Classical Variation, Rubinstein Countergambit
e4 e5 f4 Nc6 Nf3 g5 fxg5 h6	C30	Gambit du roi refusé : Gambit Hobbs-Zilbermints	King's Gambit Declined: Hobbs-Zilbermints Gambit
e4 e5 f4 d5 exd5 c6 dxc6 Bc5	C31	Gambit du roi refusé : Contre-gambit Falkbeer, Gambit Pickler	King's Gambit Declined: Falkbeer Countergambit, Pickler Gambit
e4 e5 f4 exf4 Bc4 Nf6 Nc3 c6	C33	Gambit du roi accepté : Gambit fou's, Défense Bogoljubow	King's Gambit Accepted: Bishop's Gambit, Bogoljubow Defense
e4 e5 f4 exf4 Bc4 Qh4 Kf1 Bc5	C33	Gambit du roi accepté : Gambit fou's, Variante Greco	King's Gambit Accepted: Bishop's Gambit, Greco Variation
e4 e5 f4 exf4 Bc4 Qh4 Kf1 Nc6	C33	Gambit du roi accepté : Gambit fou's, Variante Boden	King's Gambit Accepted: Bishop's Gambit, Boden Variation
e4 e5 f4 exf4 Bc4 Qh4 Kf1 Nf6	C33	Gambit du roi accepté : Gambit fou's, Variante First Jaenisch	King's Gambit Accepted: Bishop's Gambit, First Jaenisch Variation
e4 e5 f4 exf4 Bc4 Qh4 Kf1 b5	C33	Gambit du roi accepté : Gambit fou's, Contre-gambit Bryan	King's Gambit Accepted: Bishop's Gambit, Bryan Countergambit
e4 e5 f4 exf4 Bc4 Qh4 Kf1 d6	C33	Gambit du roi accepté : Gambit fou's, Variante Cozio	King's Gambit Accepted: Bishop's Gambit, Cozio Variation
e4 e5 f4 exf4 Bc4 Qh4 Kf1 g5	C33	Gambit du roi accepté : Gambit fou's, Variante Lopez	King's Gambit Accepted: Bishop's Gambit, Lopez Variation
e4 e5 f4 exf4 Bc4 d5 Bxd5 Nf6	C33	Gambit du roi accepté : Gambit fou's, Contre-gambit Bledow	King's Gambit Accepted: Bishop's Gambit, Bledow Countergambit
e4 e5 f4 exf4 Bc4 d5 Bxd5 c6	C33	Gambit du roi accepté : Gambit fou's, Variante Anderssen	King's Gambit Accepted: Bishop's Gambit, Anderssen Variation
e4 e5 f4 exf4 Be2 f5 exf5 d6	C33	Gambit du roi accepté : Gambit Tartakower, Défense Weiss	King's Gambit Accepted: Tartakower Gambit, Weiss Defense
e4 e5 f4 exf4 Nf3 Be7 Bc4 Nf6	C35	Gambit du roi accepté : Défense Cunningham, Défense McCormick	King's Gambit Accepted: Cunningham Defense, McCormick Defense
e4 e5 f4 exf4 Nf3 Nc6 Bc4 g5	C37	Gambit du roi accepté : Gambit Blachly	King's Gambit Accepted: Blachly Gambit
e4 e5 f4 exf4 Nf3 d5 exd5 Nf6	C36	Gambit du roi accepté : Défense Abbazia	King's Gambit Accepted: Abbazia Defense
e4 e5 f4 exf4 Nf3 g5 Bc4 Bg7	C38	Gambit du roi accepté : Variante Traditional	King's Gambit Accepted: Traditional Variation
e4 e5 f4 f5 exf5 exf4 Qh5 Ke7	C30	Gambit du roi refusé : Contre-gambit Panteldakis, Shirazi ligne	King's Gambit Declined: Panteldakis Countergambit, Shirazi Line
e4 e6 d4 a6 c4 b5 cxb5 axb5	C00	Défense française : Défense St. George, Gambit St. George	French Defense: St. George Defense, St. George Gambit
e4 e6 d4 d5 Nc3 Bb4 e5 Qd7	C16	Défense française : Variante Winawer, Variante Petrosian	French Defense: Winawer Variation, Petrosian Variation
e4 e6 d4 d5 Nc3 Bb4 e5 c5	C17	Défense française : Variante Winawer, Variante avancée	French Defense: Winawer Variation, Advance Variation
e4 e6 d4 d5 Nc3 Nf6 Bg5 Bb4	C12	Défense française : Variante McCutcheon	French Defense: McCutcheon Variation
e4 e6 d4 d5 Nc3 Nf6 Bg5 Be7	C13	Défense française : Variante classique, Variante Normal	French Defense: Classical Variation, Normal Variation
e4 e6 d4 d5 Nc3 Nf6 Bg5 dxe4	C11	Défense française : Variante classique, Variante Burn	French Defense: Classical Variation, Burn Variation
e4 e6 d4 d5 Nc3 dxe4 Nxe4 Nd7	C10	Défense française : Variante Rubinstein, Défense Blackburne	French Defense: Rubinstein Variation, Blackburne Defense
e4 e6 d4 d5 Nc3 dxe4 Nxe4 Qd5	C10	Défense française : Variante Rubinstein, Variante Maric	French Defense: Rubinstein Variation, Maric Variation
e4 e6 d4 d5 Nc3 dxe4 Nxe4 e5	C10	Défense française : Variante Rubinstein, Gambit Ellis	French Defense: Rubinstein Variation, Ellis Gambit
e4 e6 d4 d5 Nd2 Nc6 Ngf3 Nf6	C04	Défense française : Variante Tarrasch, Défense Guimard, ligne principale	French Defense: Tarrasch Variation, Guimard Defense, Main Line
e4 e6 d4 d5 Nd2 c5 exd5 Nf6	C07	Défense française : Variante Tarrasch, Système Open, Gambit Shaposhnikov	French Defense: Tarrasch Variation, Open System, Shaposhnikov Gambit
e4 e6 d4 d5 Nd2 c5 exd5 Qxd5	C07	Défense française : Variante Tarrasch, Défense Chistyakov	French Defense: Tarrasch Variation, Chistyakov Defense
e4 e6 d4 d5 Nd2 c5 exd5 exd5	C08	Défense française : Variante Tarrasch, Système Open	French Defense: Tarrasch Variation, Open System
e4 e6 d4 d5 Qe2 e5 f4 exf4	C00	Défense française : Gambit Hoffmann	French Defense: Hoffmann Gambit
e4 e6 d4 d5 e5 c5 c3 Nc6	C02	Défense française : Variante avancée	French Defense: Advance Variation
e4 g6 Bc4 Bg7 Qf3 e6 d4 Bxd4	B06	Défense moderne : Attaque fou, Monkey's Bum	Modern Defense: Bishop Attack, Monkey's Bum
e4 g6 Nc3 Bg7 f4 c5 Nf3 Qa5	B06	Défense ptérodactyle : autrichienne, Grand Prix Pterodactyl	Pterodactyl Defense: Austrian, Grand Prix Pterodactyl
e4 g6 d4 Bg7 Nc3 c5 dxc5 Qa5	B06	Défense ptérodactyle : Eastern, Rhamphorhynchus	Pterodactyl Defense: Eastern, Rhamphorhynchus
e4 g6 d4 Bg7 Nc3 c6 Nf3 d6	B06	Défense moderne : Variante deux cavaliers, Variante Suttles	Modern Defense: Two Knights Variation, Suttles Variation
e4 g6 d4 Bg7 Nf3 c5 Be3 Qa5	B06	Défense ptérodactyle : Western, Anhanguera	Pterodactyl Defense: Western, Anhanguera
e4 g6 d4 Bg7 f4 c5 Nf3 Qa5	B06	Défense ptérodactyle : autrichienne, Austriadactylus Western	Pterodactyl Defense: Austrian, Austriadactylus Western
e4 g6 d4 Bg7 f4 c5 c3 Qa5	B06	Défense ptérodactyle : autrichienne, Pteranodon	Pterodactyl Defense: Austrian, Pteranodon
e4 g6 d4 Bg7 g3 c5 Nf3 Qa5	B06	Défense ptérodactyle : fianchetto, King Pterodactyl	Pterodactyl Defense: Fianchetto, King Pterodactyl
e4 g6 d4 Bg7 g3 c5 dxc5 Qa5	B06	Défense ptérodactyle : fianchetto, Rhamphorhynchus	Pterodactyl Defense: Fianchetto, Rhamphorhynchus
e4 g6 d4 Nf6 e5 Nh5 Be2 d6	B06	Défense moderne : Défense norvégienne, Gambit norvégienne	Modern Defense: Norwegian Defense, Norwegian Gambit
f4 e5 fxe5 d6 exd6 Bxd6 Nf3 g5	A02	Ouverture de l'oiseau (Bird) : Gambit From's, Variante Lasker	Bird Opening: From's Gambit, Lasker Variation
Na3 e5 d3 Bxa3 bxa3 d5 e3 c5 Rb1	A00	Attaque Sodium : Variante Celadon	Sodium Attack: Celadon Variation
Nf3 Nf6 c4 c6 b3 d5 Bb2 Bf5 d3	A12	Ouverture Réti : Variante Anglo-Slav, Système New York	Réti Opening: Anglo-Slav Variation, New York System
Nf3 Nf6 c4 c6 b3 d5 Bb2 Bf5 e3	A12	Ouverture Réti : Variante Anglo-Slav, Système New York	Réti Opening: Anglo-Slav Variation, New York System
Nf3 d5 g3 c5 Bg2 Nc6 d4 Nf6 O-O	A08	Ouverture Zukertort : inversée Grünfeld	Zukertort Opening: Reversed Grünfeld
Nf3 d5 g3 c5 Bg2 Nc6 d4 e6 O-O	A08	Ouverture Zukertort : inversée Grünfeld	Zukertort Opening: Reversed Grünfeld
Nf3 d5 g3 c5 Bg2 Nf6 O-O e6 d3	A08	Attaque indienne du roi : Variante Sicilian	King's Indian Attack: Sicilian Variation
c4 Nf6 Nf3 c6 b3 d5 Bb2 Bg4 d3	A12	Ouverture Réti : Variante Anglo-Slav, Variante Capablanca	Réti Opening: Anglo-Slav Variation, Capablanca Variation
c4 Nf6 Nf3 c6 b3 d5 Bb2 Bg4 e3	A12	Ouverture Réti : Variante Anglo-Slav, Variante Capablanca	Réti Opening: Anglo-Slav Variation, Capablanca Variation
c4 Nf6 g3 c6 Nf3 d5 b3 Bf5 Bb2	A12	Ouverture Réti : Variante Anglo-Slav, Système London Defensive	Réti Opening: Anglo-Slav Variation, London Defensive System
c4 Nf6 g3 c6 Nf3 d5 b3 Bf5 Bg2	A12	Ouverture Réti : Variante Anglo-Slav, Système London Defensive	Réti Opening: Anglo-Slav Variation, London Defensive System
c4 Nf6 g3 c6 Nf3 d5 b3 Bg4 Bb2	A12	Ouverture Réti : Variante Anglo-Slav, Système Torre	Réti Opening: Anglo-Slav Variation, Torre System
c4 Nf6 g3 c6 Nf3 d5 b3 Bg4 Bg2	A12	Ouverture Réti : Variante Anglo-Slav, Système Torre	Réti Opening: Anglo-Slav Variation, Torre System
c4 c5 Nc3 Nc6 g3 g6 Bg2 Bg7 Nf3	A37	Ouverture anglaise : Variante symétrique, trois cavaliers, Variante fianchetto	English Opening: Symmetrical Variation, Three Knights, Fianchetto Variation
c4 c5 e4 Nc6 Nc3 g6 g3 Bg7 Bg2	A36	Ouverture anglaise : Variante symétrique, Système Botvinnik	English Opening: Symmetrical Variation, Botvinnik System
c4 c6 Nf3 d5 e3 Nf6 Nc3 Nbd7 Qc2	A11	Ouverture Réti : Variante Anglo-Slav, Système Gurevich	Réti Opening: Anglo-Slav Variation, Gurevich System
c4 e5 Nc3 Nc6 g3 g6 Bg2 Bg7 Rb1	A25	Ouverture anglaise : Variante King's anglaise, Attaque hongroise	English Opening: King's English Variation, Hungarian Attack
c4 e5 Nc3 Nc6 g3 g6 Bg2 Bg7 d3	A25	Ouverture anglaise : Variante King's anglaise, Système Closed	English Opening: King's English Variation, Closed System
c4 e5 g3 Nf6 Bg2 Nc6 Nc3 Bb4 Nd5	A25	Ouverture anglaise : Variante King's anglaise, inversée Closed Sicilian	English Opening: King's English Variation, Reversed Closed Sicilian
c4 e6 Nc3 Nf6 Nf3 b6 e4 Bb7 Bd3	A17	Ouverture anglaise : Défense Anglo-indienne, Variante Queen's indienne	English Opening: Anglo-Indian Defense, Queen's Indian Variation
c4 e6 Nf3 Nf6 b3 d5 Bb2 c5 e3	A13	Ouverture anglaise : Défense Agincourt, Système Wimpy	English Opening: Agincourt Defense, Wimpy System
c4 e6 Nf3 d5 g3 Nf6 Bg2 Be7 O-O	A14	Ouverture anglaise : Défense Agincourt, Neo-Catalan refusé	English Opening: Agincourt Defense, Neo-Catalan Declined
c4 e6 Nf3 d5 g3 Nf6 Bg2 Be7 b3	A14	Ouverture anglaise : Défense Agincourt, Neo-Catalan refusé, précoce b3	English Opening: Agincourt Defense, Neo-Catalan Declined, Early b3
c4 e6 Nf3 d5 g3 Nf6 Bg2 b6 O-O	A07	Attaque indienne du roi : Variante Yugoslav	King's Indian Attack: Yugoslav Variation
c4 e6 Nf3 d5 g3 b6 Bg2 Bb7 O-O	A13	Ouverture anglaise : Défense Agincourt, Défense Catalan	English Opening: Agincourt Defense, Catalan Defense
c4 e6 d4 b6 Nc3 Bb7 e4 f5 d5	A40	Défense anglaise : Hartlaub gambit refusé	English Defense: Hartlaub Gambit Declined
d4 Nf6 Nf3 d5 Bf4 c5 e3 Qb6 Nc3	D02	Système Londres : Variante Poisoned Pawn	London System: Poisoned Pawn Variation
d4 Nf6 Nf3 e6 Bg5 c5 e3 b6 d5	A46	Attaque Torre : Défense classique, Gambit Petrosian	Torre Attack: Classical Defense, Petrosian Gambit
d4 Nf6 Nf3 e6 e3 c5 Bd3 d5 b3	D05	Ouverture Rubinstein	Rubinstein Opening
d4 Nf6 Nf3 e6 e3 c5 Bd3 d5 c3	D05	Partie du pion dame : Système Colle, Traditional Colle	Queen's Pawn Game: Colle System, Traditional Colle
d4 Nf6 Nf3 g6 Bf4 Bg7 e3 d6 Bd3	A48	Système Londres, avec Bd3	London System, with Bd3
d4 Nf6 Nf3 g6 Bf4 Bg7 e3 d6 Be2	A48	Système Londres, avec Be2	London System, with Be2
d4 Nf6 Nf3 g6 Nc3 d5 Bf4 Bg7 Qd2	A48	Partie du pion dame : Attaque Barry, Attaque Tarzan	Queen's Pawn Game: Barry Attack, Tarzan Attack
d4 Nf6 c4 c5 d5 b5 cxb5 a6 Nc3	A57	Gambit Benko : Système Zaitsev	Benko Gambit: Zaitsev System
d4 Nf6 c4 c5 d5 b5 cxb5 a6 b6	A57	Gambit Benko accepté : Variante Pawn Return	Benko Gambit Accepted: Pawn Return Variation
d4 Nf6 c4 c5 d5 b5 cxb5 a6 bxa6	A58	Gambit Benko accepté : Variante Fully accepté	Benko Gambit Accepted: Fully Accepted Variation
d4 Nf6 c4 c5 d5 b5 cxb5 a6 e3	A57	Gambit Benko accepté : Variante moderne	Benko Gambit Accepted: Modern Variation
d4 Nf6 c4 c5 d5 b5 cxb5 a6 f3	A57	Gambit Benko accepté : Variante Dlugy	Benko Gambit Accepted: Dlugy Variation
d4 Nf6 c4 d6 Nc3 Nbd7 e4 e5 Nf3	A55	Ancienne défense indienne : Variante Normal	Old Indian Defense: Normal Variation
d4 Nf6 c4 d6 Nc3 e5 e3 Nbd7 Bd3	A54	Ancienne défense indienne : Variante Duz-Khotimirsky	Old Indian Defense: Duz-Khotimirsky Variation
d4 Nf6 c4 e6 Nc3 Bb4 Nf3 c5 d5	E21	Défense nimzo-indienne : Variante trois cavaliers, Variante Korchnoi	Nimzo-Indian Defense: Three Knights Variation, Korchnoi Variation
d4 Nf6 c4 e6 Nc3 Bb4 Qc2 d5 a3	E36	Défense nimzo-indienne : Variante classique, Variante Noa	Nimzo-Indian Defense: Classical Variation, Noa Variation
d4 Nf6 c4 e6 Nc3 Bb4 e3 O-O Bd3	E47	Défense nimzo-indienne : Variante Normal	Nimzo-Indian Defense: Normal Variation
d4 Nf6 c4 e6 Nc3 Bb4 e3 O-O Ne2	E46	Défense nimzo-indienne : Variante Reshevsky	Nimzo-Indian Defense: Reshevsky Variation
d4 Nf6 c4 e6 Nc3 Bb4 e3 O-O Nf3	E50	Défense nimzo-indienne	Nimzo-Indian Defense
d4 Nf6 c4 e6 Nc3 Bb4 e3 b6 Ne2	E44	Défense nimzo-indienne : Variante St. Petersburg	Nimzo-Indian Defense: St. Petersburg Variation
d4 Nf6 c4 e6 Nc3 Bb4 e3 c5 Ne2	E42	Défense nimzo-indienne : Système Rubinstein, Variante Rubinstein	Nimzo-Indian Defense: Rubinstein System, Rubinstein Variation
d4 Nf6 c4 e6 Nc3 d5 cxd5 exd5 Bg5	D35	Gambit dame refusé : Variante échange, Variante Positional	Queen's Gambit Declined: Exchange Variation, Positional Variation
d4 Nf6 c4 e6 Nf3 b6 a3 Bb7 Nc3	E12	Défense indienne de la dame : Variante Kasparov-Petrosian	Queen's Indian Defense: Kasparov-Petrosian Variation
d4 Nf6 c4 e6 Nf3 b6 e3 Bb7 Bd3	E14	Défense indienne de la dame : Système Spassky	Queen's Indian Defense: Spassky System
d4 Nf6 c4 e6 Nf3 b6 g3 Ba6 Qa4	E15	Défense indienne de la dame : Variante fianchetto, Variante Nimzowitsch, Attaque Nimzowitsch	Queen's Indian Defense: Fianchetto Variation, Nimzowitsch Variation, Nimzowitsch Attack
d4 Nf6 c4 e6 Nf3 b6 g3 Ba6 Qb3	E15	Défense indienne de la dame : Variante fianchetto, Variante Nimzowitsch, Timman's ligne	Queen's Indian Defense: Fianchetto Variation, Nimzowitsch Variation, Timman's Line
d4 Nf6 c4 e6 Nf3 b6 g3 Ba6 b3	E15	Défense indienne de la dame : Variante fianchetto, Variante Nimzowitsch, calme ligne	Queen's Indian Defense: Fianchetto Variation, Nimzowitsch Variation, Quiet Line
d4 Nf6 c4 e6 Nf3 c5 d5 b5 Bg5	E10	Contre-gambit Blumenfeld : Variante Duz-Khotimirsky	Blumenfeld Countergambit: Duz-Khotimirsky Variation
d4 Nf6 c4 e6 Nf3 d5 Nc3 Bb4 Qa4	D38	Gambit dame refusé : Défense Ragozin, Variante Alekhine	Queen's Gambit Declined: Ragozin Defense, Alekhine Variation
d4 Nf6 c4 e6 Nf3 d5 Nc3 Be7 Bf4	D37	Gambit dame refusé : Attaque Harrwitz	Queen's Gambit Declined: Harrwitz Attack
d4 Nf6 c4 e6 Nf3 d5 Nc3 c5 cxd5	D41	Gambit dame refusé : Défense Semi-Tarrasch	Queen's Gambit Declined: Semi-Tarrasch Defense
d4 Nf6 c4 e6 Nf3 d5 Nc3 dxc4 e3	D37	Gambit dame refusé : Variante Vienna, Variante calme	Queen's Gambit Declined: Vienna Variation, Quiet Variation
d4 Nf6 c4 e6 g3 d5 Bg2 Be7 Nf3	E06	Ouverture catalane : Closed	Catalan Opening: Closed
d4 Nf6 c4 e6 g3 d5 Bg2 dxc4 Nf3	E04	Ouverture catalane : Défense Open	Catalan Opening: Open Defense
d4 Nf6 c4 g6 Nc3 Bg7 Nf3 d6 Bg5	E61	Défense indienne du roi : Variante Smyslov	King's Indian Defense: Smyslov Variation
d4 Nf6 c4 g6 Nc3 Bg7 Nf3 d6 g3	E62	Défense indienne du roi : Variante fianchetto, retardé fianchetto	King's Indian Defense: Fianchetto Variation, Delayed Fianchetto
d4 Nf6 c4 g6 Nc3 Bg7 e4 d6 Be2	E73	Défense indienne du roi : Variante Normal, Standard Development	King's Indian Defense: Normal Variation, Standard Development
d4 Nf6 c4 g6 Nc3 Bg7 e4 d6 Bg5	E70	Défense indienne du roi : Variante Accelerated Averbakh	King's Indian Defense: Accelerated Averbakh Variation
d4 Nf6 c4 g6 Nc3 Bg7 e4 d6 Nf3	E90	Défense indienne du roi : Variante Normal, Défenses Rare	King's Indian Defense: Normal Variation, Rare Defenses
d4 Nf6 c4 g6 Nc3 Bg7 e4 d6 Nge2	E70	Défense indienne du roi : Variante Kramer	King's Indian Defense: Kramer Variation
d4 Nf6 c4 g6 Nc3 Bg7 e4 d6 f3	E80	Défense indienne du roi : Variante Sämisch	King's Indian Defense: Sämisch Variation
d4 Nf6 c4 g6 Nc3 Bg7 e4 d6 f4	E76	Défense indienne du roi : Attaque Four Pawns	King's Indian Defense: Four Pawns Attack
d4 Nf6 c4 g6 Nc3 Bg7 e4 d6 g3	E72	Défense indienne du roi : Variante Normal, différé fianchetto	King's Indian Defense: Normal Variation, Deferred Fianchetto
d4 Nf6 c4 g6 Nc3 Bg7 e4 d6 h3	E71	Défense indienne du roi : Variante Makogonov	King's Indian Defense: Makogonov Variation
d4 Nf6 c4 g6 Nc3 d5 Nf3 Bg7 Bf4	D92	Défense Grünfeld : Variante trois cavaliers, Attaque hongroise	Grünfeld Defense: Three Knights Variation, Hungarian Attack
d4 Nf6 c4 g6 Nc3 d5 Nf3 Bg7 Bg5	D91	Défense Grünfeld : Variante trois cavaliers, Système Petrosian	Grünfeld Defense: Three Knights Variation, Petrosian System
d4 Nf6 c4 g6 Nc3 d5 Nf3 Bg7 Qa4	D90	Défense Grünfeld : Variante Flohr	Grünfeld Defense: Flohr Variation
d4 Nf6 c4 g6 Nc3 d5 Nf3 Bg7 Qb3	D96	Défense Grünfeld : Variante russe	Grünfeld Defense: Russian Variation
d4 Nf6 c4 g6 Nc3 d5 Nf3 Bg7 e3	D94	Défense Grünfeld : Variante trois cavaliers, Variante Burille	Grünfeld Defense: Three Knights Variation, Burille Variation
d4 Nf6 c4 g6 Nc3 d5 cxd5 Nxd5 Na4	D85	Défense Grünfeld : Variante échange, Attaque Nadanian	Grünfeld Defense: Exchange Variation, Nadanian Attack
d4 Nf6 c4 g6 g3 d5 Bg2 Bg7 Nf3	D73	Défense néo-Grünfeld : avec g3	Neo-Grünfeld Defense: with g3
d4 Nf6 g4 Nxg4 e4 d6 Be2 Nf6 Nc3	A45	Défense indienne : Gambit Gibbins-Weidenhagen, Gambit Stummer	Indian Defense: Gibbins-Weidenhagen Gambit, Stummer Gambit
d4 d5 Nf3 Nf6 Bf4 c5 e3 Nc6 Nbd2	D02	Partie du pion dame : Système London	Queen's Pawn Game: London System
d4 d5 Nf3 Nf6 Bg5 e6 e3 Nbd7 Bd3	D03	Partie du pion dame : Attaque Torre	Queen's Pawn Game: Torre Attack
d4 d5 Nf3 Nf6 Bg5 e6 e3 c5 Nbd2	D03	Partie du pion dame : Attaque Torre	Queen's Pawn Game: Torre Attack
d4 d5 Nf3 c5 e3 Nf6 Nbd2 e6 b3	D05	Partie du pion dame : Variante Zukertort	Queen's Pawn Game: Zukertort Variation
d4 d5 c4 c6 Nc3 Nf6 e3 e6 Nf3	D45	Défense semi-slave : ligne principale	Semi-Slav Defense: Main Line
d4 d5 c4 c6 Nf3 Nf6 Nc3 a6 c5	D15	Défense slave : Variante Chebanenko, Système avancée	Slav Defense: Chebanenko Variation, Advance System
d4 d5 c4 c6 Nf3 Nf6 Nc3 dxc4 a4	D16	Défense slave : Variante Alapin	Slav Defense: Alapin Variation
d4 d5 c4 c6 Nf3 Nf6 Nc3 dxc4 e3	D15	Défense slave : Variante Alekhine	Slav Defense: Alekhine Variation
d4 d5 c4 c6 Nf3 Nf6 Nc3 dxc4 e4	D15	Défense slave : Gambit Geller	Slav Defense: Geller Gambit
d4 d5 c4 c6 Nf3 Nf6 e3 e6 Nbd2	D30	Défense semi-slave : Variante calme	Semi-Slav Defense: Quiet Variation
d4 d5 c4 c6 cxd5 cxd5 Nc3 Nf6 f3	D10	Défense slave : Variante échange, Attaque Boor	Slav Defense: Exchange Variation, Boor Attack
d4 d5 c4 dxc4 Nf3 Nf6 Nc3 a6 e4	D24	Gambit dame accepté : Défense Bogoljubow	Queen's Gambit Accepted: Bogoljubow Defense
d4 d5 c4 e5 dxe5 d4 Nf3 Nc6 Nbd2	D08	Gambit dame refusé : Contre-gambit Albin, moderne ligne	Queen's Gambit Declined: Albin Countergambit, Modern Line
d4 d5 c4 e5 dxe5 d4 Nf3 Nc6 g3	D09	Gambit dame refusé : Contre-gambit Albin, Variante fianchetto	Queen's Gambit Declined: Albin Countergambit, Fianchetto Variation
d4 d5 c4 e6 Nc3 Be7 e4 dxe4 f3	D31	Gambit dame refusé : Variante Charousek, Gambit Miladinovic	Queen's Gambit Declined: Charousek Variation, Miladinovic Gambit
d4 d5 c4 e6 Nc3 Nf6 Bg5 Be7 Bxf6	D53	Gambit dame refusé : Variante moderne, Variante Heral	Queen's Gambit Declined: Modern Variation, Heral Variation
d4 d5 c4 e6 Nc3 Nf6 Bg5 Be7 Nf3	D53	Gambit dame refusé	Queen's Gambit Declined
d4 d5 c4 e6 Nc3 Nf6 Bg5 Nbd7 e3	D51	Gambit dame refusé : Variante moderne, Défense cavalier	Queen's Gambit Declined: Modern Variation, Knight Defense
d4 d5 c4 e6 Nc3 Nf6 Bg5 c5 cxd5	D50	Gambit dame refusé : Variante Pseudo-Tarrasch	Queen's Gambit Declined: Pseudo-Tarrasch Variation
d4 d5 c4 e6 Nc3 Nf6 Nf3 c5 Bg5	D40	Gambit dame refusé : Défense Semi-Tarrasch, Variante Pillsbury	Queen's Gambit Declined: Semi-Tarrasch Defense, Pillsbury Variation
d4 d5 c4 e6 Nc3 c5 cxd5 exd5 Nf3	D32	Défense Tarrasch : Variante deux cavaliers	Tarrasch Defense: Two Knights Variation
d4 d5 c4 e6 Nc3 c5 cxd5 exd5 e4	D32	Défense Tarrasch : Gambit Marshall	Tarrasch Defense: Marshall Gambit
d4 d5 c4 e6 Nc3 c6 Nf3 dxc4 Bg5	D31	Défense semi-slave : Variante Noteboom, Variante Anti-Noteboom	Semi-Slav Defense: Noteboom Variation, Anti-Noteboom Variation
d4 d5 c4 e6 Nc3 c6 Nf3 dxc4 g3	D31	Défense semi-slave : Variante Noteboom, Gambit Anti-Noteboom	Semi-Slav Defense: Noteboom Variation, Anti-Noteboom Gambit
d4 d5 c4 e6 Nc3 c6 e3 f5 g4	D31	Défense semi-slave : Anti-Noteboom, Variante Stonewall, Gambit Portisch	Semi-Slav Defense: Anti-Noteboom, Stonewall Variation, Portisch Gambit
d4 d5 c4 e6 Nc3 c6 e4 dxe4 f3	D31	Défense semi-slave : Gambit Gunderam	Semi-Slav Defense: Gunderam Gambit
d4 d5 c4 e6 Nf3 Nf6 Nc3 dxc4 Bg5	D24	Gambit dame accepté	Queen's Gambit Accepted
d4 d5 c4 e6 Nf3 Nf6 Nc3 dxc4 e4	D24	Gambit dame accepté	Queen's Gambit Accepted
d4 d5 c4 e6 Nf3 c5 cxd5 exd5 Bg5	D30	Gambit dame refusé : Défense Tarrasch, Attaque Pseudo-Tarrasch fou	Queen's Gambit Declined: Tarrasch Defense, Pseudo-Tarrasch Bishop Attack
d4 d5 e4 dxe4 Nc3 Bf5 f3 Nf6 Bc4	D00	Gambit Blackmar-Diemer : Défense Zeller, Attaque Soller	Blackmar-Diemer Gambit: Zeller Defense, Soller Attack
d4 d5 e4 dxe4 Nc3 Nf6 f3 e6 fxe4	D00	Gambit Blackmar-Diemer refusé : Défense Weinsbach, Gambit Pfrang	Blackmar-Diemer Gambit Declined: Weinsbach Defense, Pfrang Gambit
d4 d5 e4 dxe4 Nc3 Nf6 f3 exf3 Qxf3	D00	Gambit Blackmar-Diemer accepté : Gambit Ryder	Blackmar-Diemer Gambit Accepted: Ryder Gambit
d4 f5 c4 Nf6 g3 e6 Bg2 Be7 Nh3	A91	Défense hollandaise : Variante classique, Attaque Blackburne	Dutch Defense: Classical Variation, Blackburne Attack
d4 f5 c4 Nf6 g3 e6 Bg2 d5 Nf3	A90	Défense hollandaise : Variante classique	Dutch Defense: Classical Variation
d4 f5 c4 Nf6 g3 g6 Bg2 Bg7 Nf3	A87	Défense hollandaise : Variante Leningrad	Dutch Defense: Leningrad Variation
d4 f5 e4 fxe4 Nc3 Nf6 Bg5 g6 f3	A83	Défense hollandaise : Gambit Staunton, Variante Lasker	Dutch Defense: Staunton Gambit, Lasker Variation
d4 f5 e4 fxe4 Nc3 Nf6 Bg5 g6 h4	A83	Défense hollandaise : Gambit Staunton, Variante Alekhine	Dutch Defense: Staunton Gambit, Alekhine Variation
d4 g6 c4 Bg7 e4 d6 Be3 Nf6 f3	A42	Défense moderne : Variante Averbakh, Pseudo-Sämisch	Modern Defense: Averbakh Variation, Pseudo-Sämisch
e4 Nc6 d4 d5 Nc3 dxe4 d5 Nb8 f3	B00	Défense Nimzowitsch : Variante scandinave, Variante Bogoljubow, Gambit Richter	Nimzowitsch Defense: Scandinavian Variation, Bogoljubow Variation, Richter Gambit
e4 Nf6 e5 Nd5 Bc4 Nb6 Bb3 c5 d3	B02	Défense Alekhine : Variante Kmoch	Alekhine Defense: Kmoch Variation
e4 Nf6 e5 Nd5 d4 d6 Nf3 Bg4 c4	B05	Défense Alekhine : Variante moderne, Variante Alekhine	Alekhine Defense: Modern Variation, Alekhine Variation
e4 Nf6 e5 Nd5 d4 d6 Nf3 Bg4 h3	B05	Défense Alekhine : Variante moderne, Variante Panov	Alekhine Defense: Modern Variation, Panov Variation
e4 Nf6 e5 Nd5 d4 d6 c4 Nb6 c5	B03	Défense Alekhine : Variante Hunt	Alekhine Defense: Hunt Variation
e4 Nf6 e5 Nd5 d4 d6 c4 Nb6 exd6	B03	Défense Alekhine : Variante échange	Alekhine Defense: Exchange Variation
e4 Nf6 e5 Nd5 d4 d6 c4 Nb6 f4	B03	Défense Alekhine : Attaque Four Pawns	Alekhine Defense: Four Pawns Attack
e4 c5 Nc3 d6 d4 cxd4 Qxd4 Nc6 Qd2	B23	Défense sicilienne : Closed, Variante Carlsen	Sicilian Defense: Closed, Carlsen Variation
e4 c5 Nf3 Nc6 d4 cxd4 Nxd4 g6 Nc3	B34	Défense sicilienne : Accelerated Dragon, Variante moderne	Sicilian Defense: Accelerated Dragon, Modern Variation
e4 c5 Nf3 Nc6 d4 cxd4 Nxd4 g6 Nxc6	B34	Défense sicilienne : Accelerated Dragon, Variante échange	Sicilian Defense: Accelerated Dragon, Exchange Variation
e4 c5 Nf3 Nc6 d4 cxd4 Nxd4 g6 c4	B36	Défense sicilienne : Accelerated Dragon, Maróczy Bind	Sicilian Defense: Accelerated Dragon, Maróczy Bind
e4 c5 Nf3 d6 Bb5 Bd7 Bxd7 Qxd7 c4	B52	Défense sicilienne : Variante Moscow, Variante Sokolsky	Sicilian Defense: Moscow Variation, Sokolsky Variation
e4 c5 Nf3 d6 d4 cxd4 Nxd4 Nf6 Bc4	B54	Défense sicilienne : Variantes moderne, Gambit Ginsberg	Sicilian Defense: Modern Variations, Ginsberg Gambit
e4 c5 Nf3 d6 d4 cxd4 Nxd4 Nf6 f3	B54	Défense sicilienne : Variante Prins	Sicilian Defense: Prins Variation
e4 c5 Nf3 e6 d4 cxd4 Nxd4 Nc6 Nb5	B44	Défense sicilienne : Variante Taimanov, Variante Szén	Sicilian Defense: Taimanov Variation, Szén Variation
e4 c5 Nf3 e6 d4 cxd4 Nxd4 Nc6 Nc3	B45	Défense sicilienne : Variante Taimanov	Sicilian Defense: Taimanov Variation
e4 c5 Nf3 e6 d4 cxd4 Nxd4 a6 Bd3	B42	Défense sicilienne : Variante Kan, Variante moderne	Sicilian Defense: Kan Variation, Modern Variation
e4 c5 Nf3 e6 d4 cxd4 Nxd4 a6 Nc3	B43	Défense sicilienne : Variante Kan, Variante cavalier	Sicilian Defense: Kan Variation, Knight Variation
e4 c5 Nf3 e6 d4 cxd4 Nxd4 a6 c4	B41	Défense sicilienne : Variante Kan, Maróczy Bind, Variante Réti	Sicilian Defense: Kan Variation, Maróczy Bind, Réti Variation
e4 c5 Nf3 g6 d4 Bg7 Nc3 Qa5 Bd2	B27	Défense ptérodactyle : Sicilian, Unpin	Pterodactyl Defense: Sicilian, Unpin
e4 c5 Nf3 g6 d4 Bg7 Nc3 Qa5 Be3	B27	Défense ptérodactyle : Sicilian, Anhanguera	Pterodactyl Defense: Sicilian, Anhanguera
e4 c5 Nf3 g6 d4 Bg7 Nc3 Qa5 d5	B27	Défense ptérodactyle : Sicilian, Gambit Benoni	Pterodactyl Defense: Sicilian, Benoni Gambit
e4 c5 Nf3 g6 d4 Bg7 dxc5 Qa5 Nc3	B27	Défense ptérodactyle : Sicilian, Rhamphorhynchus	Pterodactyl Defense: Sicilian, Rhamphorhynchus
e4 c5 b4 cxb4 a3 d5 exd5 Qxd5 Bb2	B20	Défense sicilienne : Gambit aile, Variante Marienbad	Sicilian Defense: Wing Gambit, Marienbad Variation
e4 c5 c3 Nf6 e5 Nd5 Nf3 Nc6 Na3	B22	Défense sicilienne : Variante Heidenfeld	Sicilian Defense: Heidenfeld Variation
e4 c5 c3 d5 exd5 Qxd5 d4 Nc6 Nf3	B22	Défense sicilienne : Variante Alapin, Défense Barmen	Sicilian Defense: Alapin Variation, Barmen Defense
e4 c5 c3 d5 exd5 Qxd5 d4 g6 Nf3	B22	Défense sicilienne : Variante Alapin, Défense Barmen	Sicilian Defense: Alapin Variation, Barmen Defense
e4 c5 d4 cxd4 Qxd4 Nc6 Qd1 Nf6 Bc4	B21	Défense sicilienne : Gambit Coles Sicilian	Sicilian Defense: Coles Sicilian Gambit
e4 c6 Nf3 d5 d3 dxe4 dxe4 Qxd1 Kxd1	B10	Défense Caro-Kann : Variante Endgame	Caro-Kann Defense: Endgame Variation
e4 c6 d4 d5 Bd3 Nf6 e5 Nfd7 e6	B12	Défense Caro-Kann : Attaque Mieses, Gambit Landau	Caro-Kann Defense: Mieses Attack, Landau Gambit
e4 c6 d4 d5 Nc3 dxe4 Nxe4 Nf6 Bd3	B15	Défense Caro-Kann : Gambit Alekhine	Caro-Kann Defense: Alekhine Gambit
e4 c6 d4 d5 Nd2 dxe4 Nxe4 Nd7 Ng5	B17	Défense Caro-Kann : Variante Karpov, Variante moderne	Caro-Kann Defense: Karpov Variation, Modern Variation
e4 c6 d4 d5 e5 Bf5 c3 e6 Be2	B12	Défense Caro-Kann : avancée, Variante Short	Caro-Kann Defense: Advance, Short Variation
e4 c6 d4 d5 exd5 cxd5 c4 Nf6 Nc3	B13	Défense Caro-Kann : Attaque Panov	Caro-Kann Defense: Panov Attack
e4 c6 d4 d5 exd5 cxd5 c4 Nf6 c5	B13	Défense Caro-Kann : Attaque Panov, Attaque Gunderam	Caro-Kann Defense: Panov Attack, Gunderam Attack
e4 d5 exd5 Nf6 d4 Bg4 Bb5 Nbd7 Be2	B01	Défense scandinave : Gambit portugaise, Variante Lusophobe	Scandinavian Defense: Portuguese Gambit, Lusophobe Variation
e4 d5 exd5 Nf6 d4 Bg4 f3 Bf5 c4	B01	Défense scandinave : Gambit portugaise, Variante Banker	Scandinavian Defense: Portuguese Gambit, Banker Variation
e4 d5 exd5 Nf6 d4 Bg4 f3 Bf5 g4	B01	Défense scandinave : Gambit portugaise, Correspondence Refutation	Scandinavian Defense: Portuguese Gambit, Correspondence Refutation
e4 d5 exd5 Qxd5 Nc3 Qa5 d4 e5 Nf3	B01	Défense scandinave : Contre-attaque Anderssen, Système Goteborg	Scandinavian Defense: Anderssen Counterattack, Goteborg System
e4 d6 d4 Nf6 Nc3 g6 Be2 Bg7 g4	B07	Défense Pirc : Variante Chinese	Pirc Defense: Chinese Variation
e4 d6 d4 Nf6 Nc3 g6 Be2 Bg7 h4	B07	Défense Pirc : Attaque Bayonet	Pirc Defense: Bayonet Attack
e4 d6 d4 Nf6 Nc3 g6 Be3 c6 Qd2	B07	Défense Pirc : Attaque 150	Pirc Defense: 150 Attack
e4 d6 d4 Nf6 Nc3 g6 Be3 c6 h3	B07	Défense Pirc : Attaque 150, Attaque Sveshnikov-Jansa	Pirc Defense: 150 Attack, Sveshnikov-Jansa Attack
e4 d6 d4 Nf6 Nc3 g6 Nf3 Bg7 Be2	B08	Défense Pirc : Variante classique, Système calme	Pirc Defense: Classical Variation, Quiet System
e4 d6 d4 Nf6 Nc3 g6 Nf3 Bg7 h3	B08	Défense Pirc : Variante classique, Variante Schlechter	Pirc Defense: Classical Variation, Schlechter Variation
e4 d6 d4 Nf6 Nc3 g6 f4 Bg7 Bc4	B09	Défense Pirc : Attaque autrichienne, Variante Ljubojevic	Pirc Defense: Austrian Attack, Ljubojevic Variation
e4 e5 Bc4 Bc5 Qe2 Nc6 c3 Nf6 f4	C23	Ouverture du fou : Gambit Lopez	Bishop's Opening: Lopez Gambit
e4 e5 Bc4 Bc5 c3 d5 Bxd5 Nf6 d4	C23	Ouverture du fou : Contre-gambit Lewis, Variante Walker	Bishop's Opening: Lewis Countergambit, Walker Variation
e4 e5 Bc4 Nf6 d4 exd4 Nf3 Nxe4 Qxd4	C43	Ouverture du fou : Gambit Urusov, Gambit Keidansky	Bishop's Opening: Urusov Gambit, Keidansky Gambit
e4 e5 Bc4 Nf6 f3 Bc5 Ne2 Nc6 b4	C24	Ouverture du fou : Gambit Krejcik	Bishop's Opening: Krejcik Gambit
e4 e5 Nc3 Nc6 Bc4 Bc5 Qg4 Qf6 Nd5	C25	Partie viennoise : Variante Stanley, Gambit Meitner-Mieses	Vienna Game: Stanley Variation, Meitner-Mieses Gambit
e4 e5 Nc3 Nc6 Bc4 Nf6 d3 Bb4 Ne2	C28	Ouverture du fou : Vienna hybride, Variante Hromádka	Bishop's Opening: Vienna Hybrid, Hromádka Variation
e4 e5 Nc3 Nc6 Bc4 Nf6 f4 Nxe4 Nf3	C28	Partie viennoise : Variante Stanley, Gambit Bronstein	Vienna Game: Stanley Variation, Bronstein Gambit
e4 e5 Nc3 Nc6 f4 exf4 Nf3 g5 d4	C25	Vienna gambit, Défense avec Max Lange : Gambit Pierce	Vienna Gambit, with Max Lange Defense: Pierce Gambit
e4 e5 Nc3 Nc6 f4 exf4 d4 Qh4 Ke2	C25	Vienna gambit, Défense avec Max Lange : Gambit Steinitz, ligne principale	Vienna Gambit, with Max Lange Defense: Steinitz Gambit, Main Line
e4 e5 Nc3 Nf6 f4 d5 fxe5 Nxe4 Qf3	C29	Partie viennoise : Gambit Vienna, Attaque Paulsen	Vienna Game: Vienna Gambit, Paulsen Attack
e4 e5 Nc3 Nf6 f4 d5 fxe5 Nxe4 d3	C29	Partie viennoise : Gambit Vienna, Variante moderne	Vienna Game: Vienna Gambit, Modern Variation
e4 e5 Nf3 Nc6 Bb5 Bc5 O-O Nd4 b4	C64	Partie espagnole (Ruy López) : Défense classique, Variante Zaitsev	Ruy Lopez: Classical Defense, Zaitsev Variation
e4 e5 Nf3 Nc6 Bb5 Nf6 O-O Bc5 c3	C65	Partie espagnole (Ruy López) : Variante classique, Gambit Zukertort	Ruy Lopez: Classical Variation, Zukertort Gambit
e4 e5 Nf3 Nc6 Bb5 Nf6 d3 Bc5 Be3	C65	Partie espagnole (Ruy López) : Défense Berlin, Variante Anti-Berlin, Variante Kaufmann	Ruy Lopez: Berlin Defense, Anti-Berlin Variation, Kaufmann Variation
e4 e5 Nf3 Nc6 Bb5 Nf6 d3 d6 Bxc6	C65	Partie espagnole (Ruy López) : Défense Berlin, Variante Anti-Berlin, Variante Anderssen	Ruy Lopez: Berlin Defense, Anti-Berlin Variation, Anderssen Variation
e4 e5 Nf3 Nc6 Bb5 Nf6 d3 d6 c4	C65	Partie espagnole (Ruy López) : Défense Berlin, Variante Anti-Berlin, Variante Duras	Ruy Lopez: Berlin Defense, Anti-Berlin Variation, Duras Variation
e4 e5 Nf3 Nc6 Bb5 Nf6 d4 exd4 O-O	C65	Partie espagnole (Ruy López) : Défense Berlin, Attaque Nyholm	Ruy Lopez: Berlin Defense, Nyholm Attack
e4 e5 Nf3 Nc6 Bb5 a6 Ba4 Nf6 Bxc6	C77	Partie espagnole (Ruy López) : Défense Morphy, Variante Bayreuth	Ruy Lopez: Morphy Defense, Bayreuth Variation
e4 e5 Nf3 Nc6 Bb5 a6 Ba4 Nf6 Nc3	C77	Partie espagnole (Ruy López) : Défense Morphy, Variante Tarrasch	Ruy Lopez: Morphy Defense, Tarrasch Variation
e4 e5 Nf3 Nc6 Bb5 a6 Ba4 Nf6 O-O	C78	Partie espagnole (Ruy López) : Défense Morphy	Ruy Lopez: Morphy Defense
e4 e5 Nf3 Nc6 Bb5 a6 Ba4 Nf6 Qe2	C77	Partie espagnole (Ruy López) : Défense Morphy, Attaque Wormald	Ruy Lopez: Morphy Defense, Wormald Attack
e4 e5 Nf3 Nc6 Bb5 a6 Ba4 Nf6 c3	C77	Partie espagnole (Ruy López) : Défense Morphy, Gambit Jaffe	Ruy Lopez: Morphy Defense, Jaffe Gambit
e4 e5 Nf3 Nc6 Bb5 a6 Ba4 Nf6 d3	C77	Partie espagnole (Ruy López) : Défense Morphy, Variante Anderssen	Ruy Lopez: Morphy Defense, Anderssen Variation
e4 e5 Nf3 Nc6 Bb5 a6 Ba4 Nf6 d4	C77	Partie espagnole (Ruy López) : Défense Morphy, Variante Mackenzie	Ruy Lopez: Morphy Defense, Mackenzie Variation
e4 e5 Nf3 Nc6 Bb5 a6 Ba4 d6 Nc3	C71	Partie espagnole (Ruy López) : Défense Morphy, Défense moderne Steinitz	Ruy Lopez: Morphy Defense, Modern Steinitz Defense
e4 e5 Nf3 Nc6 Bb5 a6 Ba4 d6 O-O	C72	Partie espagnole (Ruy López) : Défense Morphy, Défense moderne Steinitz	Ruy Lopez: Morphy Defense, Modern Steinitz Defense
e4 e5 Nf3 Nc6 Bb5 a6 Ba4 d6 c3	C74	Partie espagnole (Ruy López) : Défense Morphy, Défense moderne Steinitz	Ruy Lopez: Morphy Defense, Modern Steinitz Defense
e4 e5 Nf3 Nc6 Bb5 a6 Ba4 d6 c4	C71	Partie espagnole (Ruy López) : Défense Morphy, Défense moderne Steinitz	Ruy Lopez: Morphy Defense, Modern Steinitz Defense
e4 e5 Nf3 Nc6 Bb5 a6 Ba4 f5 exf5	C70	Partie espagnole (Ruy López) : Défense Morphy, Schliemann défense différé, Jaenisch gambit différé	Ruy Lopez: Morphy Defense, Schliemann Defense Deferred, Jaenisch Gambit Deferred
e4 e5 Nf3 Nc6 Bb5 a6 Bxc6 dxc6 Nc3	C68	Partie espagnole (Ruy López) : Variante échange, Variante Keres	Ruy Lopez: Exchange Variation, Keres Variation
e4 e5 Nf3 Nc6 Bb5 a6 Bxc6 dxc6 O-O	C69	Partie espagnole (Ruy López) : Variante échange, Variante Normal	Ruy Lopez: Exchange Variation, Normal Variation
e4 e5 Nf3 Nc6 Bb5 d5 Nxe5 Qg5 Nxc6	C60	Partie espagnole (Ruy López) : Contre-gambit espagnole, Gambit Harding	Ruy Lopez: Spanish Countergambit, Harding Gambit
e4 e5 Nf3 Nc6 Bb5 d5 Nxe5 Qg5 O-O	C60	Partie espagnole (Ruy López) : Contre-gambit espagnole, Contre-gambit Harding, Gambit Fricke	Ruy Lopez: Spanish Countergambit, Harding Countergambit, Fricke Gambit
e4 e5 Nf3 Nc6 Bb5 d6 d4 Bd7 c4	C62	Partie espagnole (Ruy López) : Défense Steinitz, Variante Semi-Duras	Ruy Lopez: Steinitz Defense, Semi-Duras Variation
e4 e5 Nf3 Nc6 Bb5 d6 d4 exd4 O-O	C62	Partie espagnole (Ruy López) : Défense Steinitz, Gambit centre	Ruy Lopez: Steinitz Defense, Center Gambit
e4 e5 Nf3 Nc6 Bc4 Bc5 O-O Nf6 c3	C50	Partie italienne : Variante classique, Gambit Albin	Italian Game: Classical Variation, Albin Gambit
e4 e5 Nf3 Nc6 Bc4 Bc5 O-O Nf6 d4	C50	Partie italienne : Gambit Deutz	Italian Game: Deutz Gambit
e4 e5 Nf3 Nc6 Bc4 Bc5 b4 Bb6 Bb2	C51	Partie italienne : Evans gambit refusé, Variante Cordel	Italian Game: Evans Gambit Declined, Cordel Variation
e4 e5 Nf3 Nc6 Bc4 Bc5 b4 Bb6 a4	C51	Partie italienne : Evans gambit refusé	Italian Game: Evans Gambit Declined
e4 e5 Nf3 Nc6 Bc4 Bc5 c3 Nf6 b4	C53	Partie italienne : Attaque Bird's	Italian Game: Bird's Attack
e4 e5 Nf3 Nc6 Bc4 Bc5 c3 Nf6 d3	C54	Partie italienne : Variante classique, Giuoco Pianissimo	Italian Game: Classical Variation, Giuoco Pianissimo
e4 e5 Nf3 Nc6 Bc4 Bc5 c3 Nf6 d4	C54	Partie italienne : Variante classique, Attaque centre	Italian Game: Classical Variation, Center Attack
e4 e5 Nf3 Nc6 Bc4 Bc5 d3 Nf6 Nc3	C50	Partie italienne : Giuoco Pianissimo, Variante italienne quatre cavaliers	Italian Game: Giuoco Pianissimo, Italian Four Knights Variation
e4 e5 Nf3 Nc6 Bc4 Nf6 Nc3 Nxe4 Bxf7	C47	Partie des quatre cavaliers : Variante italienne, Gambit Noa	Four Knights Game: Italian Variation, Noa Gambit
e4 e5 Nf3 Nc6 Bc4 Nf6 Ng5 Bc5 Bxf7	C57	Partie italienne : Défense deux cavaliers, Contre-attaque Traxler, fou Sacrifice ligne	Italian Game: Two Knights Defense, Traxler Counterattack, Bishop Sacrifice Line
e4 e5 Nf3 Nc6 Bc4 Nf6 Ng5 Bc5 Nxf7	C57	Partie italienne : Défense deux cavaliers, Contre-attaque Traxler, cavalier Sacrifice ligne	Italian Game: Two Knights Defense, Traxler Counterattack, Knight Sacrifice Line
e4 e5 Nf3 Nc6 Bc4 Nf6 d4 exd4 Ng5	C56	Partie italienne : Défense deux cavaliers, Variante Perreux	Italian Game: Two Knights Defense, Perreux Variation
e4 e5 Nf3 Nc6 Bc4 Nf6 d4 exd4 O-O	C56	Partie italienne : Gambit Scotch	Italian Game: Scotch Gambit
e4 e5 Nf3 Nc6 Be2 Nf6 d3 d5 Nbd2	C44	Partie du pion roi : Tayler ouverture, Inverted Hanham	King's Pawn Game: Tayler Opening, Inverted Hanham
e4 e5 Nf3 Nc6 Be2 Nf6 d4 exd4 e5	C44	Partie du pion roi : Tayler ouverture, Gambit Basman	King's Pawn Game: Tayler Opening, Basman Gambit
e4 e5 Nf3 Nc6 Nc3 Nf6 Bb5 Nd4 Be2	C48	Partie des quatre cavaliers : Variante espagnole, Variante Rubinstein	Four Knights Game: Spanish Variation, Rubinstein Variation
e4 e5 Nf3 Nc6 Nc3 Nf6 Bb5 Nd4 Nxd4	C48	Partie des quatre cavaliers : Variante espagnole, Rubinstein variante accepté	Four Knights Game: Spanish Variation, Rubinstein Variation Accepted
e4 e5 Nf3 Nc6 Nc3 Nf6 Bb5 a6 Bxc6	C48	Partie des quatre cavaliers : Variante espagnole, Variante Ranken	Four Knights Game: Spanish Variation, Ranken Variation
e4 e5 Nf3 Nc6 Nc3 Nf6 a3 d6 h3	C47	Partie des quatre cavaliers : Variante Gunsberg, Provincial ouverture	Four Knights Game: Gunsberg Variation, Provincial Opening
e4 e5 Nf3 Nc6 Nc3 Nf6 d4 Bb4 Nxe5	C47	Partie des quatre cavaliers : Variante Scotch, Gambit Krause	Four Knights Game: Scotch Variation, Krause Gambit
e4 e5 Nf3 Nc6 Nc3 Nf6 d4 exd4 Nd5	C47	Partie des quatre cavaliers : Variante Scotch, Gambit Belgrade	Four Knights Game: Scotch Variation, Belgrade Gambit
e4 e5 Nf3 Nc6 Nc3 g6 d4 exd4 Nd5	C46	Ouverture des trois cavaliers : Variante Steinitz-Rosenthal	Three Knights Opening: Steinitz-Rosenthal Variation
e4 e5 Nf3 Nc6 c3 Nf6 d3 d5 Nbd2	C44	Ouverture Ponziani : Contre-attaque Jaenisch	Ponziani Opening: Jaenisch Counterattack
e4 e5 Nf3 Nc6 c3 f5 d4 d6 d5	C44	Ouverture Ponziani : Contre-gambit Ponziani, Attaque Schmidt	Ponziani Opening: Ponziani Countergambit, Schmidt Attack
e4 e5 Nf3 Nc6 d4 Nxd4 Nxd4 exd4 Bc4	C44	Partie écossaise : Gambit Napoleon	Scotch Game: Napoleon Gambit
e4 e5 Nf3 Nc6 d4 Nxd4 Nxd4 exd4 Qxd4	C44	Partie écossaise : Variante Lolli	Scotch Game: Lolli Variation
e4 e5 Nf3 Nc6 d4 exd4 Bc4 Bc5 Ng5	C44	Partie écossaise : Gambit Scotch, Variante Sarratt	Scotch Game: Scotch Gambit, Sarratt Variation
e4 e5 Nf3 Nc6 d4 exd4 Bc4 Nf6 e5	C44	Partie écossaise : Gambit Scotch, Variante avancée	Scotch Game: Scotch Gambit, Advance Variation
e4 e5 Nf3 Nc6 d4 exd4 Nxd4 Bc5 Nb3	C45	Partie écossaise : Variante Potter	Scotch Game: Potter Variation
e4 e5 Nf3 Nc6 d4 exd4 Nxd4 Nf6 e5	C45	Partie écossaise : Gambit Alekhine	Scotch Game: Alekhine Gambit
e4 e5 Nf3 Nc6 d4 exd4 Nxd4 Qh4 Be3	C45	Partie écossaise : Variante Braune	Scotch Game: Braune Variation
e4 e5 Nf3 Nc6 d4 exd4 Nxd4 Qh4 Nb5	C45	Partie écossaise : Attaque Horwitz	Scotch Game: Horwitz Attack
e4 e5 Nf3 Nc6 d4 exd4 Nxd4 Qh4 Nc3	C45	Partie écossaise : Variante Steinitz	Scotch Game: Steinitz Variation
e4 e5 Nf3 Nc6 d4 exd4 Nxd4 Qh4 Nf3	C45	Partie écossaise : Variante Fraser	Scotch Game: Fraser Variation
e4 e5 Nf3 Nc6 d4 exd4 Nxd4 Qh4 Nf5	C45	Partie écossaise : Variante Paulsen	Scotch Game: Paulsen Variation
e4 e5 Nf3 Nc6 d4 exd4 c3 dxc3 Bc4	C44	Partie écossaise : Gambit Göring, Double Pawn Sacrifice	Scotch Game: Göring Gambit, Double Pawn Sacrifice
e4 e5 Nf3 Nf6 Nc3 Nc6 Bb5 Nd4 O-O	C48	Partie des quatre cavaliers : Variante espagnole, Variante Rubinstein, Variante Henneberger	Four Knights Game: Spanish Variation, Rubinstein Variation, Henneberger Variation
e4 e5 Nf3 Nf6 Nxe5 d6 Nf3 Nxe4 Bd3	C42	Défense Petroff (russe) : Attaque Millennium	Petrov's Defense: Millennium Attack
e4 e5 Nf3 Nf6 Nxe5 d6 Nf3 Nxe4 Nc3	C42	Défense Petroff (russe) : Attaque Nimzowitsch	Petrov's Defense: Nimzowitsch Attack
e4 e5 Nf3 Nf6 Nxe5 d6 Nf3 Nxe4 Qe2	C42	Défense Petroff (russe) : Attaque Cozio	Petrov's Defense: Cozio Attack
e4 e5 Nf3 Nf6 Nxe5 d6 Nf3 Nxe4 c4	C42	Défense Petroff (russe) : Attaque Kaufmann	Petrov's Defense: Kaufmann Attack
e4 e5 Nf3 Nf6 Nxe5 d6 Nf3 Nxe4 d3	C42	Défense Petroff (russe) : Attaque française	Petrov's Defense: French Attack
e4 e5 Nf3 Nf6 Nxe5 d6 Nf3 Nxe4 d4	C42	Défense Petroff (russe) : Attaque classique	Petrov's Defense: Classical Attack
e4 e5 Nf3 Nf6 Nxe5 d6 Nxf7 Kxf7 Bc4	C42	Défense Petroff (russe) : Gambit Cochrane, fou Check ligne	Petrov's Defense: Cochrane Gambit, Bishop Check Line
e4 e5 Nf3 Nf6 Nxe5 d6 Nxf7 Kxf7 d4	C42	Défense Petroff (russe) : Gambit Cochrane, Variante centre	Petrov's Defense: Cochrane Gambit, Center Variation
e4 e5 Nf3 Nf6 d4 exd4 e5 Ne4 Bb5	C43	Défense Petroff (russe) : Attaque moderne, Gambit Tal	Petrov's Defense: Modern Attack, Tal Gambit
e4 e5 Nf3 Nf6 d4 exd4 e5 Ne4 Qe2	C43	Défense Petroff (russe) : Attaque moderne, Variante Steinitz	Petrov's Defense: Modern Attack, Steinitz Variation
e4 e5 Nf3 Nf6 d4 exd4 e5 Ne4 Qxd4	C43	Défense Petroff (russe) : Attaque moderne, Attaque centre	Petrov's Defense: Modern Attack, Center Attack
e4 e5 Nf3 d6 d4 Nd7 Bc4 c6 Nc3	C41	Défense Philidor : Variante Hanham, Variante Schlechter	Philidor Defense: Hanham Variation, Schlechter Variation
e4 e5 Nf3 d6 d4 Nd7 Bc4 c6 Ng5	C41	Défense Philidor : Hanham, Variante Kmoch	Philidor Defense: Hanham, Kmoch Variation
e4 e5 Nf3 d6 d4 Nd7 Bc4 c6 O-O	C41	Défense Philidor : Variante Hanham, Variante Krause	Philidor Defense: Hanham Variation, Krause Variation
e4 e5 Nf3 d6 d4 Nd7 Bc4 c6 c3	C41	Défense Philidor : Variante Hanham, Variante Delmar	Philidor Defense: Hanham Variation, Delmar Variation
e4 e5 Nf3 d6 d4 Nd7 Nc3 Ngf6 g4	C41	Défense Philidor : Variante Lion, Gambit Shirov	Philidor Defense: Lion Variation, Shirov Gambit
e4 e5 Nf3 d6 d4 Nf6 dxe5 Nxe4 Nbd2	C41	Défense Philidor : Variante Nimzowitsch, Variante Sokolsky	Philidor Defense: Nimzowitsch Variation, Sokolsky Variation
e4 e5 Nf3 d6 d4 Nf6 dxe5 Nxe4 Qd5	C41	Défense Philidor : Variante Nimzowitsch, Variante Rellstab	Philidor Defense: Nimzowitsch Variation, Rellstab Variation
e4 e5 Nf3 d6 d4 exd4 Nxd4 d5 exd5	C41	Défense Philidor : Attaque Paulsen	Philidor Defense: Paulsen Attack
e4 e5 Nf3 f5 Nxe5 Qf6 Nc4 fxe4 Nc3	C40	Gambit letton accepté : Variante Leonhardt	Latvian Gambit Accepted: Leonhardt Variation
e4 e5 Nf3 f5 Nxe5 Qf6 Nc4 fxe4 d3	C40	Gambit letton accepté : Variante Foltys	Latvian Gambit Accepted: Foltys Variation
e4 e5 Nf3 f5 Nxe5 Qf6 d4 d6 Nc4	C40	Gambit letton accepté : Variante Bilguer	Latvian Gambit Accepted: Bilguer Variation
e4 e5 d4 exd4 Nf3 Bc5 c3 dxc3 Bc4	C21	Partie du centre : Gambit Lanc-Arnold, Gambit Schippler	Center Game: Lanc-Arnold Gambit, Schippler Gambit
e4 e5 d4 exd4 f4 Bc5 Nf3 Nc6 c3	C21	Partie du centre : Gambit Halasz-McDonnell, Variante Crocodile	Center Game: Halasz-McDonnell Gambit, Crocodile Variation
e4 e5 f4 Qf6 Nc3 Qxf4 Nf3 Bb4 Bc4	C30	Gambit du roi refusé : Variante Norwalde, Gambit Bücker	King's Gambit Declined: Norwalde Variation, Bücker Gambit
e4 e5 f4 d5 exd5 e4 Nc3 Nf6 Qe2	C31	Gambit du roi refusé : Contre-gambit Falkbeer, Variante Rubinstein	King's Gambit Declined: Falkbeer Countergambit, Rubinstein Variation
e4 e5 f4 d5 exd5 e4 d3 Nf6 Nd2	C32	Gambit du roi refusé : Contre-gambit Falkbeer, Gambit Charousek, Variante Keres	King's Gambit Declined: Falkbeer Countergambit, Charousek Gambit, Keres Variation
e4 e5 f4 d5 exd5 e4 d3 Nf6 Qe2	C32	Gambit du roi refusé : Contre-gambit Falkbeer, Gambit Charousek, ancienne ligne	King's Gambit Declined: Falkbeer Countergambit, Charousek Gambit, Old Line
e4 e5 f4 d5 exd5 e4 d3 Nf6 dxe4	C32	Gambit du roi refusé : Contre-gambit Falkbeer, Charousek gambit accepté	King's Gambit Declined: Falkbeer Countergambit, Charousek Gambit Accepted
e4 e5 f4 exf4 Bc4 Nf6 Nc3 Bb4 e5	C33	Gambit du roi accepté : Gambit fou's, Attaque Paulsen	King's Gambit Accepted: Bishop's Gambit, Paulsen Attack
e4 e5 f4 exf4 Bc4 Qh4 Kf1 g5 Qf3	C33	Gambit du roi accepté : Gambit fou's, Défense classique, Attaque Cozio	King's Gambit Accepted: Bishop's Gambit, Classical Defense, Cozio Attack
e4 e5 f4 exf4 Nf3 Be7 Bc4 Bh4 g3	C35	Gambit du roi accepté : Défense Cunningham, Gambit Bertin	King's Gambit Accepted: Cunningham Defense, Bertin Gambit
e4 e5 f4 exf4 Nf3 Nf6 e5 Nh5 g4	C34	Gambit du roi accepté : Défense Schallopp, Attaque Tashkent	King's Gambit Accepted: Schallopp Defense, Tashkent Attack
e4 e5 f4 exf4 Nf3 d6 d4 Nf6 Bd3	C34	Gambit du roi accepté : Défense Fischer, Variante espagnole	King's Gambit Accepted: Fischer Defense, Spanish Variation
e4 e5 f4 exf4 Nf3 g5 Bc4 Bg7 O-O	C38	Gambit du roi accepté : Gambit Hanstein	King's Gambit Accepted: Hanstein Gambit
e4 e5 f4 exf4 Nf3 g5 Bc4 Bg7 h4	C38	Gambit du roi accepté : Gambit Philidor	King's Gambit Accepted: Philidor Gambit
e4 e5 f4 exf4 Nf3 g5 Bc4 g4 Bxf7	C37	Gambit du roi accepté : Gambit Lolli	King's Gambit Accepted: Lolli Gambit
e4 e5 f4 exf4 Nf3 g5 Bc4 g4 Nc3	C37	Gambit du roi accepté : Gambit McDonnell	King's Gambit Accepted: McDonnell Gambit
e4 e5 f4 exf4 Nf3 g5 Bc4 g4 Ne5	C37	Gambit du roi accepté : Gambit Salvio	King's Gambit Accepted: Salvio Gambit
e4 e5 f4 exf4 Nf3 g5 Bc4 g4 O-O	C37	Gambit du roi accepté : Gambit Muzio, Gambit Wild Muzio	King's Gambit Accepted: Muzio Gambit, Wild Muzio Gambit
e4 e5 f4 exf4 Nf3 g5 Bc4 g4 d4	C37	Gambit du roi accepté : Gambit Ghulam-Kassim	King's Gambit Accepted: Ghulam-Kassim Gambit
e4 e5 f4 exf4 Nf3 g5 Bc4 g4 h4	C37	Gambit du roi accepté : Gambit Australian	King's Gambit Accepted: Australian Gambit
e4 e5 f4 exf4 Nf3 g5 d4 g4 Bxf4	C37	Gambit du roi accepté : Gambit Rosentreter, Variante Testa	King's Gambit Accepted: Rosentreter Gambit, Testa Variation
e4 e5 f4 exf4 Nf3 g5 d4 g4 Nc3	C37	Gambit du roi accepté : Gambit Rosentreter, Gambit Sörensen	King's Gambit Accepted: Rosentreter Gambit, Sörensen Gambit
e4 e5 f4 exf4 Nf3 g5 d4 g4 Ne5	C37	Gambit du roi accepté : Gambit Sörensen	King's Gambit Accepted: Sörensen Gambit
e4 e5 f4 exf4 Nf3 g5 h4 g4 Ne5	C39	Gambit du roi accepté : Gambit Kieseritzky	King's Gambit Accepted: Kieseritzky Gambit
e4 e5 f4 exf4 Nf3 g5 h4 g4 Ng5	C39	Gambit du roi accepté : Gambit Allgaier	King's Gambit Accepted: Allgaier Gambit
e4 e6 d3 d5 Nd2 Nf6 Ngf3 Nc6 Be2	C00	Défense française : Formation inversée Philidor	French Defense: Reversed Philidor Formation
e4 e6 d4 d5 Nc3 Bb4 Bd2 Ne7 Nb1	C15	Défense française : Variante Winawer, Variante Fingerslip, Schwarz's ligne	French Defense: Winawer Variation, Fingerslip Variation, Schwarz's Line
e4 e6 d4 d5 Nc3 Bb4 Ne2 Nf6 Bg5	C15	Défense française : Variante McCutcheon, Gambit Wolf	French Defense: McCutcheon Variation, Wolf Gambit
e4 e6 d4 d5 Nc3 Bb4 e5 c5 Bd2	C17	Défense française : Variante Winawer, Variante Bogoljubow	French Defense: Winawer Variation, Bogoljubow Variation
e4 e6 d4 d5 Nc3 Bb4 e5 c5 Qg4	C17	Défense française : Variante Winawer, Variante avancée, Variante Moscow	French Defense: Winawer Variation, Advance Variation, Moscow Variation
e4 e6 d4 d5 Nc3 Bb4 e5 c5 a3	C17	Défense française : Variante Winawer, Variante avancée	French Defense: Winawer Variation, Advance Variation
e4 e6 d4 d5 Nc3 Nf6 Bg5 Bb4 e5	C12	Défense française : Variante McCutcheon, Variante avancée	French Defense: McCutcheon Variation, Advance Variation
e4 e6 d4 d5 Nc3 Nf6 Bg5 Bb4 exd5	C12	Défense française : Variante McCutcheon, Variante échange	French Defense: McCutcheon Variation, Exchange Variation
e4 e6 d4 d5 Nc3 Nf6 Bg5 Be7 Bxf6	C13	Défense française : Variante classique, Attaque Richter	French Defense: Classical Variation, Richter Attack
e4 e6 d4 d5 Nc3 Nf6 e5 Nfd7 Nce2	C11	Défense française : Variante classique, Variante Shirov-Anand	French Defense: Classical Variation, Shirov-Anand Variation
e4 e6 d4 d5 Nc3 Nf6 e5 Nfd7 Qg4	C11	Défense française : Variante Steinitz, Attaque Gledhill	French Defense: Steinitz Variation, Gledhill Attack
e4 e6 d4 d5 Nc3 Nf6 exd5 exd5 Bg5	C01	Défense française : Variante échange, Variante Svenonius	French Defense: Exchange Variation, Svenonius Variation
e4 e6 d4 d5 Nd2 Nf6 e5 Nfd7 f4	C05	Défense française : Variante Tarrasch, Variante Pawn centre	French Defense: Tarrasch Variation, Pawn Center Variation
e4 e6 d4 d5 e5 c5 Nf3 cxd4 Bd3	C02	Défense française : Variante avancée, Gambit Ruisdonk	French Defense: Advance Variation, Ruisdonk Gambit
e4 e6 d4 d5 e5 c5 Qg4 cxd4 Nf3	C02	Défense française : Variante avancée, Gambit Nimzowitsch	French Defense: Advance Variation, Nimzowitsch Gambit
e4 e6 d4 d5 e5 c5 c3 Nc6 Be3	C02	Défense française : Variante avancée, Variante Kupreichik	French Defense: Advance Variation, Kupreichik Variation
e4 e6 d4 d5 e5 c5 c3 Nc6 Nf3	C02	Défense française : Variante avancée, Attaque Paulsen	French Defense: Advance Variation, Paulsen Attack
e4 g6 d4 Bg7 Nc3 c5 Nf3 Qa5 Bc4	B06	Défense ptérodactyle : Sicilian, Siroccopteryx	Pterodactyl Defense: Sicilian, Siroccopteryx
e4 g6 d4 Bg7 Nc3 c6 Bc4 d6 Qe2	B06	Défense moderne : Anti-moderne	Modern Defense: Anti-Modern
f4 d5 b3 Nf6 Bb2 d4 Nf3 c5 e3	A03	Ouverture de l'oiseau (Bird) : Gambit Thomas	Bird Opening: Thomas Gambit
f4 e5 fxe5 d6 exd6 Bxd6 Nf3 Nh6 d4	A02	Ouverture de l'oiseau (Bird) : Gambit From's, Variante Lipke	Bird Opening: From's Gambit, Lipke Variation
g3 e5 Nh3 d5 f4 Bxh3 Bxh3 exf4 O-O	A00	Ouverture hongroise : Gambit Paris	Hungarian Opening: Paris Gambit
g3 e5 a3 d5 Nf3 e4 Nh4 Be7 d3	A00	Ouverture hongroise : Gambit Burk	Hungarian Opening: Burk Gambit
Nf3 Nf6 g3 d5 Bg2 c6 O-O Bf5 d3 h6	A07	Attaque indienne du roi, avec Bf5	King's Indian Attack, with Bf5
Nf3 Nf6 g3 g6 Bg2 Bg7 O-O O-O d3 d5	A05	Attaque indienne du roi : Défense Wahls	King's Indian Attack: Wahls Defense
Nf3 c5 c4 g6 d4 Bg7 e4 Qa5 Nc3 d6	A42	Défense ptérodactyle	Pterodactyl Defense
Nf3 d5 g3 c6 Bg2 Nf6 O-O Bg4 d4 e6	D02	Partie du pion dame : Variante symétrique, Pseudo-Catalan	Queen's Pawn Game: Symmetrical Variation, Pseudo-Catalan
Nf3 d5 g3 g6 Bg2 Bg7 O-O e5 d3 Ne7	A07	Attaque indienne du roi : Système Pachman	King's Indian Attack: Pachman System
Nf3 g6 d4 Bg7 e4 d6 c4 c5 dxc5 Qa5	A04	Défense moderne : Variante Semi-Averbakh, Pterodactyl variante accepté	Modern Defense: Semi-Averbakh Variation, Pterodactyl Variation Accepted
c4 Nf6 Nc3 c5 g3 d5 cxd5 Nxd5 Bg2 Nc7	A34	Ouverture anglaise : Variante symétrique, Variante Rubinstein	English Opening: Symmetrical Variation, Rubinstein Variation
c4 Nf6 Nc3 d5 cxd5 Nxd5 Nf3 c5 e3 e6	A17	Ouverture anglaise : Défense Anglo-indienne	English Opening: Anglo-Indian Defense
c4 Nf6 Nc3 d5 cxd5 Nxd5 g3 g6 Bg2 Nb6	A16	Ouverture anglaise : Défense Anglo-indienne, Variante Anglo-Grünfeld	English Opening: Anglo-Indian Defense, Anglo-Grünfeld Variation
c4 Nf6 Nc3 d5 cxd5 Nxd5 g3 g6 Bg2 Nxc3	A16	Ouverture anglaise : Défense Anglo-indienne, Variante Anglo-Grünfeld	English Opening: Anglo-Indian Defense, Anglo-Grünfeld Variation
c4 Nf6 Nf3 c5 Nc3 Nc6 g3 g6 Bg2 Bg7	A38	Ouverture anglaise : Variante symétrique, Full Symmetry ligne	English Opening: Symmetrical Variation, Full Symmetry Line
c4 c5 Nc3 Nc6 g3 g6 Bg2 Bg7 Nf3 e5	A37	Ouverture anglaise : Variante symétrique, Botvinnik système inversée, avec Nf3	English Opening: Symmetrical Variation, Botvinnik System Reversed, with Nf3
c4 c5 Nc3 Nc6 g3 g6 Bg2 Bg7 e3 e5	A36	Ouverture anglaise : Variante symétrique, Botvinnik système inversée, avec e3	English Opening: Symmetrical Variation, Botvinnik System Reversed, with e3
c4 c5 Nf3 Nf6 Nc3 Nc6 g3 d5 d4 cxd4	A34	Ouverture anglaise : Variante symétrique	English Opening: Symmetrical Variation
c4 c5 Nf3 Nf6 Nc3 Nc6 g3 d5 d4 e6	D41	Gambit dame refusé : Défense Semi-Tarrasch	Queen's Gambit Declined: Semi-Tarrasch Defense
c4 c6 Nf3 d5 e3 Nf6 Nc3 Nbd7 b3 e5	A11	Ouverture Réti : Variante Anglo-Slav, Système Gurevich	Réti Opening: Anglo-Slav Variation, Gurevich System
c4 c6 Nf3 d5 e3 Nf6 Nc3 e6 b3 Bd6	A11	Ouverture Réti : Variante Anglo-Slav, Système Gurevich	Réti Opening: Anglo-Slav Variation, Gurevich System
c4 e5 Nc3 Nc6 g3 g6 Bg2 Bg7 d3 d6	A26	Ouverture anglaise : Variante King's anglaise, Système Closed, Full Symmetry	English Opening: King's English Variation, Closed System, Full Symmetry
c4 e5 Nc3 Nc6 g3 g6 Rb1 Nh6 Bg2 Bg7	A25	Ouverture anglaise : Closed, Variante Taimanov	English Opening: Closed, Taimanov Variation
c4 e5 Nc3 Nf6 Nf3 Nc6 e3 Bb4 Qc2 Bxc3	A28	Ouverture anglaise : Variante King's anglaise, Variante quatre cavaliers, calme ligne	English Opening: King's English Variation, Four Knights Variation, Quiet Line
c4 e5 g3 Nf6 Bg2 d5 cxd5 Nxd5 Nf3 Nc6	A29	Ouverture anglaise : Variante King's anglaise, Variante quatre cavaliers, fianchetto ligne	English Opening: King's English Variation, Four Knights Variation, Fianchetto Line
c4 e6 Nf3 Nf6 Nc3 c5 d4 cxd4 Nxd4 Nc6	A33	Ouverture anglaise : Variante symétrique, Variante Anti-Benoni, Défense Spielmann	English Opening: Symmetrical Variation, Anti-Benoni Variation, Spielmann Defense
c4 e6 Nf3 d5 b3 Nf6 Bb2 Be7 e3 O-O	A13	Ouverture anglaise : Défense Agincourt	English Opening: Agincourt Defense
c4 e6 Nf3 d5 g3 Nf6 Bg2 Be7 b3 b6	A14	Ouverture anglaise : Défense Agincourt, Neo-Catalan refusé, précoce b3	English Opening: Agincourt Defense, Neo-Catalan Declined, Early b3
c4 e6 Nf3 d5 g3 Nf6 Bg2 Be7 b3 c5	A14	Ouverture anglaise : Défense Agincourt, Neo-Catalan refusé, précoce b3	English Opening: Agincourt Defense, Neo-Catalan Declined, Early b3
c4 e6 d4 b6 Nc3 Bb7 e4 f5 exf5 Nf6	A40	Défense anglaise : Hartlaub gambit accepté	English Defense: Hartlaub Gambit Accepted
d4 Nf6 Nf3 e6 Bg5 d5 e3 c5 c3 Qb6	A46	Partie du pion dame : Attaque Torre, Variante Breyer	Queen's Pawn Game: Torre Attack, Breyer Variation
d4 Nf6 Nf3 g6 Bf4 Bg7 e3 d6 Be2 O-O	A48	Système Londres, avec Be2	London System, with Be2
d4 Nf6 Nf3 g6 Bg5 Bg7 Nbd2 d5 e3 O-O	A48	Partie du pion dame : Attaque Torre, Variante Grünfeld, ligne principale	Queen's Pawn Game: Torre Attack, Grünfeld Variation, Main Line
d4 Nf6 c4 c5 d5 e5 Nc3 d6 e4 g6	A56	Défense Benoni : Système King's indienne	Benoni Defense: King's Indian System
d4 Nf6 c4 c5 d5 e6 Nc3 exd5 cxd5 Bd6	A60	Défense Benoni : Variante moderne, Variante Snake	Benoni Defense: Modern Variation, Snake Variation
d4 Nf6 c4 e6 Nc3 Bb4 Nf3 c5 d5 Ne4	E21	Défense nimzo-indienne : Variante trois cavaliers, Variante Euwe	Nimzo-Indian Defense: Three Knights Variation, Euwe Variation
d4 Nf6 c4 e6 Nc3 Bb4 Qb3 c5 dxc5 Nc6	E23	Défense nimzo-indienne : Variante Spielmann, Gambit Romanovsky	Nimzo-Indian Defense: Spielmann Variation, Romanovsky Gambit
d4 Nf6 c4 e6 Nc3 Bb4 Qc2 Nc6 Nf3 d6	E33	Défense nimzo-indienne : Variante classique, Variante Milner-Barry	Nimzo-Indian Defense: Classical Variation, Milner-Barry Variation
d4 Nf6 c4 e6 Nc3 Bb4 Qc2 c5 dxc5 Bxc3	E38	Défense nimzo-indienne : Variante classique, Variante Berlin, Variante Steiner	Nimzo-Indian Defense: Classical Variation, Berlin Variation, Steiner Variation
d4 Nf6 c4 e6 Nc3 Bb4 Qc2 c5 dxc5 O-O	E39	Défense nimzo-indienne : Variante classique, Variante Berlin, Variante Pirc	Nimzo-Indian Defense: Classical Variation, Berlin Variation, Pirc Variation
d4 Nf6 c4 e6 Nc3 Bb4 Qc2 d5 cxd5 exd5	E35	Défense nimzo-indienne : Variante classique, Variante Noa	Nimzo-Indian Defense: Classical Variation, Noa Variation
d4 Nf6 c4 e6 Nc3 Bb4 a3 Bxc3 bxc3 O-O	E27	Défense nimzo-indienne : Variante Sämisch	Nimzo-Indian Defense: Sämisch Variation
d4 Nf6 c4 e6 Nc3 Bb4 e3 O-O Bd3 d5	E48	Défense nimzo-indienne : Variante Normal, Défense classique	Nimzo-Indian Defense: Normal Variation, Classical Defense
d4 Nf6 c4 e6 Nc3 Bb4 e3 O-O Nf3 d5	E51	Défense nimzo-indienne : Variante Normal, Variante Ragozin	Nimzo-Indian Defense: Normal Variation, Ragozin Variation
d4 Nf6 c4 e6 Nc3 Bb4 e3 b6 Ne2 Ba6	E45	Défense nimzo-indienne : Variante St. Petersburg, Variante Fischer	Nimzo-Indian Defense: St. Petersburg Variation, Fischer Variation
d4 Nf6 c4 e6 Nc3 Bb4 e3 b6 Ne2 Ne4	E44	Défense nimzo-indienne : Variante St. Petersburg, Variante American	Nimzo-Indian Defense: St. Petersburg Variation, American Variation
d4 Nf6 c4 e6 Nc3 d5 Bg5 Be7 e3 Ne4	D53	Gambit dame refusé : Défense Lasker	Queen's Gambit Declined: Lasker Defense
d4 Nf6 c4 e6 Nc3 d5 cxd5 exd5 Bg5 c6	D35	Gambit dame refusé : Variante échange, Variante Positional	Queen's Gambit Declined: Exchange Variation, Positional Variation
d4 Nf6 c4 e6 Nf3 Bb4 Nbd2 b6 e3 Bb7	E14	Défense indienne de la dame, avec e3, Bb4+ ligne	Queen's Indian Defense, with e3, Bb4+ Line
d4 Nf6 c4 e6 Nf3 Bb4 Nc3 c5 d5 b5	E21	Défense nimzo-indienne : Variante trois cavaliers, Gambit Shocron	Nimzo-Indian Defense: Three Knights Variation, Shocron Gambit
d4 Nf6 c4 e6 Nf3 b6 a3 Ba6 Qc2 Bb7	E12	Défense indienne de la dame : Variante Petrosian, Défense Farago	Queen's Indian Defense: Petrosian Variation, Farago Defense
d4 Nf6 c4 e6 Nf3 b6 a3 Bb7 Nc3 Be7	E12	Défense indienne de la dame : Variante Kasparov-Petrosian, Défense Marco	Queen's Indian Defense: Kasparov-Petrosian Variation, Marco Defense
d4 Nf6 c4 e6 Nf3 b6 a3 Bb7 Nc3 Ne4	E12	Défense indienne de la dame : Variante Kasparov-Petrosian, Variante Andersson	Queen's Indian Defense: Kasparov-Petrosian Variation, Andersson Variation
d4 Nf6 c4 e6 Nf3 b6 a3 Bb7 Nc3 d5	E12	Défense indienne de la dame : Variante Kasparov-Petrosian, ligne principale	Queen's Indian Defense: Kasparov-Petrosian Variation, Main Line
d4 Nf6 c4 e6 Nf3 b6 a3 Bb7 Nc3 g6	E12	Défense indienne de la dame : Variante Kasparov-Petrosian, Variante Hedgehog	Queen's Indian Defense: Kasparov-Petrosian Variation, Hedgehog Variation
d4 Nf6 c4 e6 Nf3 b6 e3 Bb7 Bd3 c5	E14	Défense indienne de la dame : Spassky System3	Queen's Indian Defense: Spassky System3
d4 Nf6 c4 e6 Nf3 b6 e3 Bb7 Bd3 d5	E14	Défense indienne de la dame : Système Spassky	Queen's Indian Defense: Spassky System
d4 Nf6 c4 e6 Nf3 b6 g3 Ba6 b3 Bb4	E15	Défense indienne de la dame : Variante fianchetto, Variante Check	Queen's Indian Defense: Fianchetto Variation, Check Variation
d4 Nf6 c4 e6 Nf3 b6 g3 Bb7 Bg2 Bb4	E16	Défense indienne de la dame : Variante Capablanca	Queen's Indian Defense: Capablanca Variation
d4 Nf6 c4 e6 Nf3 b6 g3 Bb7 Bg2 Be7	E17	Défense indienne de la dame : Variante Traditional	Queen's Indian Defense: Traditional Variation
d4 Nf6 c4 e6 Nf3 b6 g3 Bb7 Bg2 c5	E15	Défense indienne de la dame : Variante fianchetto, Variante Sämisch	Queen's Indian Defense: Fianchetto Variation, Sämisch Variation
d4 Nf6 c4 e6 Nf3 d5 Nc3 Bb4 Bg5 dxc4	D39	Gambit dame refusé : Défense Ragozin, Variante Vienna	Queen's Gambit Declined: Ragozin Defense, Vienna Variation
d4 Nf6 c4 e6 Nf3 d5 e3 b6 Nc3 Bb7	E14	Défense indienne de la dame, avec e3	Queen's Indian Defense, with e3
d4 Nf6 c4 e6 Nf3 d5 g3 c6 Bg2 dxc4	E04	Ouverture catalane : Défense Open	Catalan Opening: Open Defense
d4 Nf6 c4 e6 g3 d5 Bg2 c5 Nf3 Nc6	E01	Ouverture catalane : Défense Tarrasch	Catalan Opening: Tarrasch Defense
d4 Nf6 c4 e6 g3 d5 Bg2 dxc4 Nf3 Be7	E05	Ouverture catalane : Défense Open, classique ligne	Catalan Opening: Open Defense, Classical Line
d4 Nf6 c4 g6 Nc3 Bg7 e4 d6 f3 O-O	E81	Défense indienne du roi : Variante Sämisch, Défense Normal	King's Indian Defense: Sämisch Variation, Normal Defense
d4 Nf6 c4 g6 Nc3 Bg7 e4 d6 f4 Na6	E76	Défense indienne du roi : Attaque Four Pawns, Défense moderne	King's Indian Defense: Four Pawns Attack, Modern Defense
d4 Nf6 c4 g6 Nc3 d5 Bf4 Bg7 e3 O-O	D83	Défense Grünfeld : Attaque Brinckmann, Gambit Grünfeld	Grünfeld Defense: Brinckmann Attack, Grünfeld Gambit
d4 Nf6 c4 g6 Nf3 Bg7 g3 c5 Bg2 Qa5	E64	Défense indienne du roi : Variante fianchetto, Variante Pterodactyl	King's Indian Defense: Fianchetto Variation, Pterodactyl Variation
d4 Nf6 c4 g6 g3 Bg7 Bg2 d5 cxd5 Nxd5	D71	Défense néo-Grünfeld : Variante échange	Neo-Grünfeld Defense: Exchange Variation
d4 d5 Nf3 Nf6 Bg5 e6 e3 c5 c3 Nbd7	D03	Partie du pion dame : Attaque Torre	Queen's Pawn Game: Torre Attack
d4 d5 Nf3 Nf6 Bg5 e6 e3 c5 c3 Nc6	D03	Partie du pion dame : Attaque Torre	Queen's Pawn Game: Torre Attack
d4 d5 Nf3 Nf6 e3 e6 b3 c5 Bb2 Nc6	D05	Partie du pion dame : Système Colle	Queen's Pawn Game: Colle System
d4 d5 c4 Bf5 cxd5 Bxb1 Qa4 c6 dxc6 Nxc6	D06	Gambit dame refusé : Défense Baltic, Gambit Argentinian	Queen's Gambit Declined: Baltic Defense, Argentinian Gambit
d4 d5 c4 c5 cxd5 Nf6 e4 Nxe4 dxc5 Qa5	D06	Gambit dame refusé : Défense autrichienne, Variante Haberditz	Queen's Gambit Declined: Austrian Defense, Haberditz Variation
d4 d5 c4 c6 Nc3 Nf6 e3 e6 Nf3 Nbd7	D45	Défense semi-slave : Variante Normal	Semi-Slav Defense: Normal Variation
d4 d5 c4 c6 Nc3 Nf6 e3 e6 Nf3 a6	D45	Défense semi-slave : Variante Accelerated Meran	Semi-Slav Defense: Accelerated Meran Variation
d4 d5 c4 c6 Nf3 Nf6 Nc3 a6 e3 Bf5	D15	Défense slave : Variante Chebanenko	Slav Defense: Chebanenko Variation
d4 d5 c4 c6 Nf3 Nf6 Nc3 dxc4 a4 Bf5	D17	Défense slave : Variante tchèque	Slav Defense: Czech Variation
d4 d5 c4 c6 Nf3 Nf6 Nc3 dxc4 a4 Bg4	D16	Défense slave : Variante Steiner	Slav Defense: Steiner Variation
d4 d5 c4 c6 Nf3 Nf6 Nc3 dxc4 a4 Na6	D16	Défense slave : Variante Smyslov	Slav Defense: Smyslov Variation
d4 d5 c4 c6 Nf3 Nf6 Nc3 dxc4 a4 e6	D16	Défense slave : Variante Soultanbeieff	Slav Defense: Soultanbeieff Variation
d4 d5 c4 c6 Nf3 Nf6 Nc3 e6 Bg5 dxc4	D44	Défense semi-slave acceptée	Semi-Slav Defense Accepted
d4 d5 c4 c6 Nf3 Nf6 e3 Bf5 Nc3 e6	D12	Défense slave : Variante calme, Défense Schallopp	Slav Defense: Quiet Variation, Schallopp Defense
d4 d5 c4 c6 Nf3 Nf6 e3 e6 Nbd2 Nbd7	D30	Défense semi-slave : Variante calme	Semi-Slav Defense: Quiet Variation
d4 d5 c4 c6 Nf3 Nf6 g3 dxc4 Bg2 g6	D11	Défense slave : moderne ligne	Slav Defense: Modern Line
d4 d5 c4 dxc4 Nf3 Nf6 e3 e6 Bxc4 c5	D26	Gambit dame accepté : Défense classique	Queen's Gambit Accepted: Classical Defense
d4 d5 c4 dxc4 e4 c5 d5 Nf6 Nc3 b5	D20	Gambit dame accepté : Variante Linares	Queen's Gambit Accepted: Linares Variation
d4 d5 c4 e5 dxe5 d4 Nf3 Nc6 Nbd2 Qe7	D08	Gambit dame refusé : Contre-gambit Albin, Variante Balogh	Queen's Gambit Declined: Albin Countergambit, Balogh Variation
d4 d5 c4 e5 dxe5 d4 Nf3 Nc6 Nbd2 f6	D08	Gambit dame refusé : Contre-gambit Albin, Variante Janowski	Queen's Gambit Declined: Albin Countergambit, Janowski Variation
d4 d5 c4 e5 dxe5 d4 Nf3 Nc6 g3 Be6	D09	Gambit dame refusé : Contre-gambit Albin, Variante fianchetto, Be6 ligne	Queen's Gambit Declined: Albin Countergambit, Fianchetto Variation, Be6 Line
d4 d5 c4 e5 dxe5 d4 Nf3 Nc6 g3 Bf5	D09	Gambit dame refusé : Contre-gambit Albin, Variante fianchetto, Bf5 ligne	Queen's Gambit Declined: Albin Countergambit, Fianchetto Variation, Bf5 Line
d4 d5 c4 e5 dxe5 d4 Nf3 Nc6 g3 Bg4	D09	Gambit dame refusé : Contre-gambit Albin, Variante fianchetto, Bg4 ligne	Queen's Gambit Declined: Albin Countergambit, Fianchetto Variation, Bg4 Line
d4 d5 c4 e5 dxe5 d4 e3 Bb4 Bd2 dxe3	D08	Gambit dame refusé : Contre-gambit Albin, Lasker Trap	Queen's Gambit Declined: Albin Countergambit, Lasker Trap
d4 d5 c4 e6 Nc3 Nf6 Bg5 Nbd7 e3 Bb4	D51	Gambit dame refusé : Variante Manhattan	Queen's Gambit Declined: Manhattan Variation
d4 d5 c4 e6 Nc3 Nf6 Bg5 Nbd7 e3 c6	D51	Gambit dame refusé : Variante moderne, Défense cavalier	Queen's Gambit Declined: Modern Variation, Knight Defense
d4 d5 c4 e6 Nc3 Nf6 Bg5 c5 cxd5 Qb6	D50	Gambit dame refusé : Variante Pseudo-Tarrasch, Variante Canal	Queen's Gambit Declined: Pseudo-Tarrasch Variation, Canal Variation
d4 d5 c4 e6 Nc3 Nf6 Nf3 Be7 e3 O-O	D37	Gambit dame refusé : Variante trois cavaliers	Queen's Gambit Declined: Three Knights Variation
d4 d5 c4 e6 Nc3 c5 e3 Nf6 Nf3 Nc6	D32	Défense Tarrasch : Variante symétrique	Tarrasch Defense: Symmetrical Variation
d4 d5 c4 e6 Nc3 c6 Nf3 dxc4 Bg5 f6	D31	Défense semi-slave : Variante Noteboom, Variante Anti-Noteboom, Belyavsky ligne	Semi-Slav Defense: Noteboom Variation, Anti-Noteboom Variation, Belyavsky Line
d4 d5 c4 e6 Nf3 Nf6 Nc3 dxc4 Bg5 Be7	D53	Gambit dame refusé	Queen's Gambit Declined
d4 d5 c4 e6 Nf3 Nf6 e3 c6 Nbd2 g6	D30	Gambit dame refusé : Variante Spielmann	Queen's Gambit Declined: Spielmann Variation
d4 d5 e4 dxe4 Nc3 Nf6 f3 exf3 Nxf3 Bf5	D00	Gambit Blackmar-Diemer accepté : Défense Gunderam	Blackmar-Diemer Gambit Accepted: Gunderam Defense
d4 d5 e4 dxe4 Nc3 Nf6 f3 exf3 Nxf3 Bg4	D00	Gambit Blackmar-Diemer accepté : Défense Teichmann	Blackmar-Diemer Gambit Accepted: Teichmann Defense
d4 d5 e4 dxe4 Nc3 Nf6 f3 exf3 Nxf3 Nbd7	D00	Gambit Blackmar-Diemer accepté : Défense Schlutter	Blackmar-Diemer Gambit Accepted: Schlutter Defense
d4 d5 e4 dxe4 Nc3 Nf6 f3 exf3 Nxf3 Nc6	D00	Gambit Blackmar-Diemer accepté : Défense Pietrowsky	Blackmar-Diemer Gambit Accepted: Pietrowsky Defense
d4 d5 e4 dxe4 Nc3 Nf6 f3 exf3 Nxf3 Qd6	D00	Gambit Blackmar-Diemer accepté : Défense Holwell	Blackmar-Diemer Gambit Accepted: Holwell Defense
d4 d5 e4 dxe4 Nc3 Nf6 f3 exf3 Nxf3 b6	D00	Gambit Blackmar-Diemer accepté : Défense Ritter	Blackmar-Diemer Gambit Accepted: Ritter Defense
d4 d5 e4 dxe4 Nc3 Nf6 f3 exf3 Nxf3 c5	D00	Gambit Blackmar-Diemer accepté : Défense Kaulich	Blackmar-Diemer Gambit Accepted: Kaulich Defense
d4 d5 e4 dxe4 Nc3 Nf6 f3 exf3 Nxf3 c6	D00	Gambit Blackmar-Diemer accepté : Défense Ziegler	Blackmar-Diemer Gambit Accepted: Ziegler Defense
d4 d5 e4 dxe4 Nc3 Nf6 f3 exf3 Nxf3 e6	D00	Gambit Blackmar-Diemer accepté : Défense Euwe	Blackmar-Diemer Gambit Accepted: Euwe Defense
d4 d5 e4 dxe4 Nc3 Nf6 f3 exf3 Nxf3 g6	D00	Gambit Blackmar-Diemer accepté : Défense Bogoljubow	Blackmar-Diemer Gambit Accepted: Bogoljubow Defense
d4 e6 c4 b6 e4 Bb7 f3 f5 exf5 Nh6	A40	Défense anglaise : Gambit Poli	English Defense: Poli Gambit
d4 f5 c4 Nf6 g3 d6 Bg2 c6 Nc3 Qc7	A86	Défense hollandaise : Système Hort-Antoshin	Dutch Defense: Hort-Antoshin System
d4 f5 c4 Nf6 g3 e6 Bg2 Bb4 Bd2 Be7	A90	Défense hollandaise : Variante Nimzo-hollandaise, Variante Alekhine	Dutch Defense: Nimzo-Dutch Variation, Alekhine Variation
d4 f5 c4 Nf6 g3 e6 Bg2 Be7 Nf3 O-O	A92	Défense hollandaise : Variante classique	Dutch Defense: Classical Variation
d4 f5 g3 c6 Bg2 g6 Nf3 Bg7 O-O Nh6	A81	Défense hollandaise : Leningrad, Système Basman	Dutch Defense: Leningrad, Basman System
d4 g6 Nf3 Bg7 Bf4 c5 c3 cxd4 cxd4 Qa5	D02	Partie du pion dame : Système London, Variante Pterodactyl	Queen's Pawn Game: London System, Pterodactyl Variation
d4 g6 Nf3 Bg7 e3 c5 Bd3 cxd4 Nxd4 Qa5	A40	Système Colle : Variante Siroccopteryx	Colle System: Siroccopteryx Variation
d4 g6 c4 Bg7 Nc3 c5 d5 Bxc3 bxc3 Qa5	A40	Défense ptérodactyle : fianchetto, Queen Pteranodon	Pterodactyl Defense: Fianchetto, Queen Pteranodon
d4 g6 c4 Bg7 Nc3 c5 d5 Bxc3 bxc3 f5	A40	Défense moderne : Variante Beefeater	Modern Defense: Beefeater Variation
d4 g6 c4 Bg7 e4 d6 Nc3 c5 Nge2 Qa5	A42	Défense ptérodactyle : Central, Bogolubovia	Pterodactyl Defense: Central, Bogolubovia
e4 Nf6 e5 Nd5 d4 d6 Nf3 Bg4 Be2 c6	B05	Défense Alekhine : Variante moderne, Variante Flohr	Alekhine Defense: Modern Variation, Flohr Variation
e4 Nf6 e5 Nd5 d4 d6 c4 Nb6 f4 Bf5	B03	Défense Alekhine : Attaque Four Pawns, Variante Trifunovic	Alekhine Defense: Four Pawns Attack, Trifunovic Variation
e4 Nf6 e5 Nd5 d4 d6 c4 Nb6 f4 g5	B03	Défense Alekhine : Attaque Four Pawns, Gambit Cambridge	Alekhine Defense: Four Pawns Attack, Cambridge Gambit
e4 Nf6 e5 Nd5 d4 d6 c4 Nb6 f4 g6	B03	Défense Alekhine : Attaque Four Pawns, Variante fianchetto	Alekhine Defense: Four Pawns Attack, Fianchetto Variation
e4 b6 d4 Bb7 Bd3 f5 exf5 Bxg2 Qh5 g6	B00	Défense Owen : Gambit Matovinsky	Owen Defense: Matovinsky Gambit
e4 c5 Nc3 Nc6 g3 g6 Bg2 Bg7 d3 d6	B25	Défense sicilienne : Closed	Sicilian Defense: Closed
e4 c5 Nf3 Nc6 Nc3 e5 Bc4 Be7 d3 Nf6	B30	Défense sicilienne : Closed, Variante Anti-Sveshnikov, avec Nf6	Sicilian Defense: Closed, Anti-Sveshnikov Variation, with Nf6
e4 c5 Nf3 Nc6 Nc3 e5 Bc4 Be7 d3 d6	B30	Défense sicilienne : Closed, Variante Anti-Sveshnikov, avec d6	Sicilian Defense: Closed, Anti-Sveshnikov Variation, with d6
e4 c5 Nf3 Nc6 d4 cxd4 Nxd4 Nf6 Nc3 e5	B33	Défense sicilienne : Variante Lasker-Pelikan	Sicilian Defense: Lasker-Pelikan Variation
e4 c5 Nf3 Nc6 d4 cxd4 Nxd4 a6 c4 e5	B32	Défense sicilienne : Variante O'Kelly, Maróczy Bind, Geller ligne	Sicilian Defense: O'Kelly Variation, Maróczy Bind, Geller Line
e4 c5 Nf3 Nc6 d4 cxd4 Nxd4 e5 Nb5 d6	B32	Défense sicilienne : Variante Kalashnikov	Sicilian Defense: Kalashnikov Variation
e4 c5 Nf3 Nc6 d4 cxd4 Nxd4 g6 c4 Bg7	B37	Défense sicilienne : Accelerated Dragon, Maróczy Bind	Sicilian Defense: Accelerated Dragon, Maróczy Bind
e4 c5 Nf3 d6 d4 cxd4 Nxd4 Nf6 Nc3 Bd7	B56	Défense sicilienne : Variante Kupreichik	Sicilian Defense: Kupreichik Variation
e4 c5 Nf3 d6 d4 cxd4 Nxd4 Nf6 Nc3 Nc6	B56	Défense sicilienne : Variante classique	Sicilian Defense: Classical Variation
e4 c5 Nf3 d6 d4 cxd4 Nxd4 Nf6 Nc3 a6	B90	Défense sicilienne : Variante Najdorf	Sicilian Defense: Najdorf Variation
e4 c5 Nf3 d6 d4 cxd4 Nxd4 Nf6 Nc3 g6	B70	Défense sicilienne : Variante Dragon	Sicilian Defense: Dragon Variation
e4 c5 Nf3 d6 d4 cxd4 Qxd4 Nc6 Bb5 Qd7	B53	Défense sicilienne : Variante Chekhover, Défense Zaitsev	Sicilian Defense: Chekhover Variation, Zaitsev Defense
e4 c5 Nf3 e6 c3 Nf6 e5 Nd5 d4 Nc6	B40	Défense sicilienne : Variante Alapin, Variante Sherzer	Sicilian Defense: Alapin Variation, Sherzer Variation
e4 c5 Nf3 e6 c3 d5 exd5 Qxd5 d4 Nf6	B22	Défense sicilienne : Variante retardé Alapin	Sicilian Defense: Delayed Alapin Variation
e4 c5 Nf3 e6 d4 cxd4 Nxd4 Nc6 Nc3 Nf6	B45	Défense sicilienne : Variante quatre cavaliers	Sicilian Defense: Four Knights Variation
e4 c5 Nf3 e6 d4 cxd4 Nxd4 Nc6 Nc3 Qc7	B47	Défense sicilienne : Variante Taimanov, Variante Bastrikov	Sicilian Defense: Taimanov Variation, Bastrikov Variation
e4 c5 Nf3 e6 d4 cxd4 Nxd4 Nc6 Nc3 a6	B46	Défense sicilienne : Variante Taimanov	Sicilian Defense: Taimanov Variation
e4 c5 Nf3 e6 d4 cxd4 Nxd4 Nf6 Nc3 Bb4	B40	Défense sicilienne : Variante Pin	Sicilian Defense: Pin Variation
e4 c5 Nf3 e6 d4 cxd4 Nxd4 Nf6 Nc3 Qb6	B40	Défense sicilienne : Variante Gaw-Paw	Sicilian Defense: Gaw-Paw Variation
e4 c5 Nf3 e6 d4 cxd4 Nxd4 Nf6 Nc3 d6	B80	Défense sicilienne : Variante Scheveningen	Sicilian Defense: Scheveningen Variation
e4 c5 Nf3 e6 d4 cxd4 Nxd4 a6 Bd3 Bc5	B42	Défense sicilienne : Variante Kan, Variante Polugaevsky	Sicilian Defense: Kan Variation, Polugaevsky Variation
e4 c5 Nf3 e6 d4 cxd4 Nxd4 a6 Bd3 g6	B42	Défense sicilienne : Variante Kan, Variante Swiss Cheese	Sicilian Defense: Kan Variation, Swiss Cheese Variation
e4 c5 Nf3 e6 d4 cxd4 Nxd4 a6 Nc3 b5	B43	Défense sicilienne : Variante Kan, Attaque aile	Sicilian Defense: Kan Variation, Wing Attack
e4 c5 Nf3 e6 d4 cxd4 Nxd4 a6 c4 g6	B41	Défense sicilienne : Variante Kan, Maróczy Bind, Variante Hedgehog	Sicilian Defense: Kan Variation, Maróczy Bind, Hedgehog Variation
e4 c5 c3 d5 exd5 Qxd5 d4 Nf6 Nf3 Bg4	B22	Défense sicilienne : Variante Alapin, Défense Barmen, moderne ligne	Sicilian Defense: Alapin Variation, Barmen Defense, Modern Line
e4 c5 d4 cxd4 c3 dxc3 Nxc3 Nc6 Nf3 g6	B21	Défense sicilienne : Smith-Morra gambit accepté, Défense fianchetto	Sicilian Defense: Smith-Morra Gambit Accepted, Fianchetto Defense
e4 c5 d4 cxd4 c3 dxc3 Nxc3 e6 Nf3 a6	B21	Défense sicilienne : Smith-Morra gambit accepté, Formation Kan	Sicilian Defense: Smith-Morra Gambit Accepted, Kan Formation
e4 c6 d4 d5 Nc3 dxe4 Nxe4 Nf6 Nxf6 exf6	B15	Défense Caro-Kann : Variante Tartakower	Caro-Kann Defense: Tartakower Variation
e4 c6 d4 d5 Nc3 dxe4 Nxe4 Nf6 Nxf6 gxf6	B16	Défense Caro-Kann : Variante Bronstein-Larsen	Caro-Kann Defense: Bronstein-Larsen Variation
e4 c6 d4 d5 Nd2 dxe4 Nxe4 Nd7 Ng5 Ndf6	B17	Défense Caro-Kann : Variante Karpov, Variante moderne, Défense Ivanchuk	Caro-Kann Defense: Karpov Variation, Modern Variation, Ivanchuk Defense
e4 c6 d4 d5 exd5 cxd5 c4 Nf6 Nc3 Nc6	B13	Défense Caro-Kann : Attaque Panov, Défense moderne	Caro-Kann Defense: Panov Attack, Modern Defense
e4 c6 d4 d5 exd5 cxd5 c4 Nf6 Nc3 e6	B14	Défense Caro-Kann : Attaque Panov	Caro-Kann Defense: Panov Attack
e4 c6 d4 d5 exd5 cxd5 c4 Nf6 Nc3 g6	B14	Défense Caro-Kann : Attaque Panov, Défense fianchetto	Caro-Kann Defense: Panov Attack, Fianchetto Defense
e4 d5 Nf3 dxe4 Ng5 Nf6 Nc3 Bf5 Qe2 Qd4	A06	Ouverture Zukertort : Gambit Tennison, Brigg's Trap	Zukertort Opening: Tennison Gambit, Brigg's Trap
e4 d5 exd5 Qxd5 Nc3 Qa5 d4 Nf6 Nf3 Bf5	B01	Défense scandinave : Variante classique	Scandinavian Defense: Classical Variation
e4 d5 exd5 Qxd5 Nc3 Qa5 d4 e5 Nf3 Bg4	B01	Défense scandinave : Contre-attaque Anderssen, Variante Collijn	Scandinavian Defense: Anderssen Counterattack, Collijn Variation
e4 d5 exd5 Qxd5 Nc3 Qd6 d4 Nf6 Nf3 a6	B01	Défense scandinave : Variante Bronstein	Scandinavian Defense: Bronstein Variation
e4 d5 exd5 Qxd5 Nc3 Qd8 d4 Nf6 Nf3 Bg4	B01	Défense scandinave : Variante Valencian, ligne principale	Scandinavian Defense: Valencian Variation, Main Line
e4 d5 exd5 Qxd5 Nc3 Qd8 d4 Nf6 Nf3 c6	B01	Défense scandinave : Variante Valencian, Variante Ilundain	Scandinavian Defense: Valencian Variation, Ilundain Variation
e4 d6 d4 Nf6 Nc3 g6 Be3 c6 Qd2 Bg4	B07	Défense Pirc : Attaque 150, Défense Inner Doll	Pirc Defense: 150 Attack, Inner Doll Defense
e4 d6 d4 Nf6 Nc3 g6 f4 Bg7 Nf3 O-O	B09	Défense Pirc : Attaque autrichienne	Pirc Defense: Austrian Attack
e4 d6 d4 Nf6 Nc3 g6 f4 Bg7 Nf3 c5	B09	Défense Pirc : Attaque autrichienne, Formation Dragon	Pirc Defense: Austrian Attack, Dragon Formation
e4 e5 Nc3 Nc6 f4 exf4 d4 Qh4 Ke2 b6	C25	Vienna gambit, Défense avec Max Lange : Gambit Steinitz, Défense Fraser-Minckwitz	Vienna Gambit, with Max Lange Defense: Steinitz Gambit, Fraser-Minckwitz Defense
e4 e5 Nc3 Nc6 f4 exf4 d4 Qh4 Ke2 d5	C25	Vienna gambit, Défense avec Max Lange : Gambit Steinitz, Défense Zukertort	Vienna Gambit, with Max Lange Defense: Steinitz Gambit, Zukertort Defense
e4 e5 Nc3 Nc6 f4 exf4 d4 Qh4 Ke2 d6	C25	Vienna gambit, Défense avec Max Lange : Gambit Steinitz, Défense Paulsen	Vienna Gambit, with Max Lange Defense: Steinitz Gambit, Paulsen Defense
e4 e5 Nc3 Nc6 f4 exf4 d4 Qh4 Ke2 g5	C25	Vienna gambit, Défense avec Max Lange : Gambit Steinitz, Défense Sörensen	Vienna Gambit, with Max Lange Defense: Steinitz Gambit, Sörensen Defense
e4 e5 Nc3 Nc6 g3 Bc5 Bg2 h5 Nf3 h4	C25	Partie viennoise : Variante Paulsen, Gambit Mariotti	Vienna Game: Paulsen Variation, Mariotti Gambit
e4 e5 Nc3 Nc6 g3 Nf6 Bg2 Bc5 Nge2 d5	C25	Partie viennoise : Variante Paulsen	Vienna Game: Paulsen Variation
e4 e5 Nc3 Nf6 Bc4 Nxe4 Qh5 Nd6 Bb3 Be7	C27	Partie viennoise : Variante Stanley, Monster refusé	Vienna Game: Stanley Variation, Monster Declined
e4 e5 Nc3 Nf6 f4 d5 fxe5 Nxe4 Nf3 Be7	C29	Partie viennoise : Gambit Vienna, Variante Breyer	Vienna Game: Vienna Gambit, Breyer Variation
e4 e5 Nc3 Nf6 f4 d5 fxe5 Nxe4 Qf3 f5	C29	Partie viennoise : Gambit Vienna, Variante Bardeleben	Vienna Game: Vienna Gambit, Bardeleben Variation
e4 e5 Nf3 Nc6 Bb5 Bb4 c3 Ba5 Bxc6 dxc6	C60	Partie espagnole (Ruy López) : Défense Alapin, Gambit Alapin	Ruy Lopez: Alapin Defense, Alapin Gambit
e4 e5 Nf3 Nc6 Bb5 Nd4 Nxd4 exd4 O-O Ne7	C61	Partie espagnole (Ruy López) : Variante Bird, Variante Paulsen	Ruy Lopez: Bird Variation, Paulsen Variation
e4 e5 Nf3 Nc6 Bb5 Nf6 O-O Nxe4 d4 Be7	C67	Partie espagnole (Ruy López) : Défense Berlin, Variante Rio de Janeiro	Ruy Lopez: Berlin Defense, Rio de Janeiro Variation
e4 e5 Nf3 Nc6 Bb5 Nf6 O-O Nxe4 d4 Nd6	C67	Partie espagnole (Ruy López) : Défense Berlin, Variante l'Hermet	Ruy Lopez: Berlin Defense, l'Hermet Variation
e4 e5 Nf3 Nc6 Bb5 Nf6 O-O Nxe4 d4 a6	C67	Partie espagnole (Ruy López) : Défense Berlin, Variante Rosenthal	Ruy Lopez: Berlin Defense, Rosenthal Variation
e4 e5 Nf3 Nc6 Bb5 Nf6 O-O d6 d4 Nd7	C66	Partie espagnole (Ruy López) : Défense Closed Berlin, Variante Chigorin	Ruy Lopez: Closed Berlin Defense, Chigorin Variation
e4 e5 Nf3 Nc6 Bb5 Nf6 d3 Ne7 Nxe5 c6	C65	Partie espagnole (Ruy López) : Défense Berlin, Variante Anti-Berlin, Mortimer Trap	Ruy Lopez: Berlin Defense, Anti-Berlin Variation, Mortimer Trap
e4 e5 Nf3 Nc6 Bb5 a6 Ba4 Nf6 O-O Bc5	C78	Partie espagnole (Ruy López) : Défense Morphy, Variante Møller	Ruy Lopez: Morphy Defense, Møller Variation
e4 e5 Nf3 Nc6 Bb5 a6 Ba4 Nf6 O-O Be7	C84	Partie espagnole (Ruy López) : Closed	Ruy Lopez: Closed
e4 e5 Nf3 Nc6 Bb5 a6 Ba4 Nf6 O-O Nxe4	C80	Partie espagnole (Ruy López) : Open	Ruy Lopez: Open
e4 e5 Nf3 Nc6 Bb5 a6 Ba4 Nf6 O-O d5	C78	Partie espagnole (Ruy López) : Contre-gambit Central	Ruy Lopez: Central Countergambit
e4 e5 Nf3 Nc6 Bb5 a6 Ba4 Nf6 O-O d6	C79	Partie espagnole (Ruy López) : Défense Morphy, Steinitz différé	Ruy Lopez: Morphy Defense, Steinitz Deferred
e4 e5 Nf3 Nc6 Bb5 a6 Ba4 Nf6 O-O g6	C78	Partie espagnole (Ruy López) : Variante Brix	Ruy Lopez: Brix Variation
e4 e5 Nf3 Nc6 Bb5 a6 Ba4 b5 Bb3 Bc5	C70	Partie espagnole (Ruy López) : Défense Morphy, Variante Graz	Ruy Lopez: Morphy Defense, Graz Variation
e4 e5 Nf3 Nc6 Bb5 a6 Ba4 b5 Bb3 Na5	C70	Partie espagnole (Ruy López) : Défense Morphy, Variante norvégienne	Ruy Lopez: Morphy Defense, Norwegian Variation
e4 e5 Nf3 Nc6 Bb5 a6 Ba4 d6 c3 Bd7	C75	Partie espagnole (Ruy López) : Défense Morphy, Défense moderne Steinitz	Ruy Lopez: Morphy Defense, Modern Steinitz Defense
e4 e5 Nf3 Nc6 Bb5 a6 Ba4 d6 c3 f5	C74	Partie espagnole (Ruy López) : Défense Morphy, Défense moderne Steinitz, Variante Siesta	Ruy Lopez: Morphy Defense, Modern Steinitz Defense, Siesta Variation
e4 e5 Nf3 Nc6 Bb5 a6 Bxc6 dxc6 O-O Bd6	C69	Partie espagnole (Ruy López) : Variante échange, Variante King's fou	Ruy Lopez: Exchange Variation, King's Bishop Variation
e4 e5 Nf3 Nc6 Bb5 a6 Bxc6 dxc6 O-O Qd6	C69	Partie espagnole (Ruy López) : Variante échange, Variante Bronstein	Ruy Lopez: Exchange Variation, Bronstein Variation
e4 e5 Nf3 Nc6 Bb5 a6 Bxc6 dxc6 O-O f6	C69	Partie espagnole (Ruy López) : Variante échange, Variante Gligoric	Ruy Lopez: Exchange Variation, Gligoric Variation
e4 e5 Nf3 Nc6 Bb5 f5 Nc3 fxe4 Nxe4 Be7	C63	Partie espagnole (Ruy López) : Défense Schliemann, Défense Kostić	Ruy Lopez: Schliemann Defense, Kostić Defense
e4 e5 Nf3 Nc6 Bb5 f5 Nc3 fxe4 Nxe4 Nf6	C63	Partie espagnole (Ruy López) : Défense Schliemann, Variante Tartakower	Ruy Lopez: Schliemann Defense, Tartakower Variation
e4 e5 Nf3 Nc6 Bc4 Bc5 Nc3 Nf6 O-O O-O	C50	Partie italienne : Giuoco Pianissimo	Italian Game: Giuoco Pianissimo
e4 e5 Nf3 Nc6 Bc4 Bc5 b4 Bxb4 c3 Ba5	C52	Partie italienne : Gambit Evans, ligne principale	Italian Game: Evans Gambit, Main Line
e4 e5 Nf3 Nc6 Bc4 Bc5 b4 Bxb4 c3 Bc5	C51	Partie italienne : Gambit Evans, Défense McDonnell	Italian Game: Evans Gambit, McDonnell Defense
e4 e5 Nf3 Nc6 Bc4 Bc5 b4 Bxb4 c3 Bd6	C51	Partie italienne : Gambit Evans, Variante Stone-Ware	Italian Game: Evans Gambit, Stone-Ware Variation
e4 e5 Nf3 Nc6 Bc4 Bc5 b4 Bxb4 c3 Be7	C51	Partie italienne : Gambit Evans, Variante Anderssen	Italian Game: Evans Gambit, Anderssen Variation
e4 e5 Nf3 Nc6 Bc4 Bc5 b4 Bxb4 c3 Bf8	C51	Partie italienne : Gambit Evans, Défense Mayet	Italian Game: Evans Gambit, Mayet Defense
e4 e5 Nf3 Nc6 Bc4 Bc5 c3 Nf6 d3 a6	C54	Partie italienne : Variante classique, Giuoco Pianissimo, avec a6	Italian Game: Classical Variation, Giuoco Pianissimo, with a6
e4 e5 Nf3 Nc6 Bc4 Bc5 c3 Nf6 d3 d5	C54	Partie italienne : Variante classique, avec d5	Italian Game: Classical Variation, with d5
e4 e5 Nf3 Nc6 Bc4 Bc5 c3 Nf6 d3 d6	C54	Partie italienne : Variante classique, Giuoco Pianissimo	Italian Game: Classical Variation, Giuoco Pianissimo
e4 e5 Nf3 Nc6 Bc4 Bc5 c3 Qe7 d4 Bb6	C53	Partie italienne : Variante classique, Variante centre Holding	Italian Game: Classical Variation, Center Holding Variation
e4 e5 Nf3 Nc6 Bc4 Bc5 d3 f5 Ng5 f4	C50	Partie italienne : Giuoco Pianissimo, Variante Dubois	Italian Game: Giuoco Pianissimo, Dubois Variation
e4 e5 Nf3 Nc6 Bc4 Nf6 Nc3 Nxe4 Nxe4 d5	C55	Partie italienne : Défense deux cavaliers	Italian Game: Two Knights Defense
e4 e5 Nf3 Nc6 Bc4 Nf6 Ng5 d5 exd5 Na5	C58	Partie italienne : Défense deux cavaliers, Défense Polerio	Italian Game: Two Knights Defense, Polerio Defense
e4 e5 Nf3 Nc6 Bc4 Nf6 Ng5 d5 exd5 Nb4	C57	Partie italienne : Défense deux cavaliers, Gambit Kloss	Italian Game: Two Knights Defense, Kloss Gambit
e4 e5 Nf3 Nc6 Bc4 Nf6 Ng5 d5 exd5 Nd4	C57	Partie italienne : Défense deux cavaliers, Variante Fritz	Italian Game: Two Knights Defense, Fritz Variation
e4 e5 Nf3 Nc6 Bc4 Nf6 Ng5 d5 exd5 b5	C57	Partie italienne : Défense deux cavaliers, Variante Ulvestad	Italian Game: Two Knights Defense, Ulvestad Variation
e4 e5 Nf3 Nc6 Bc4 Nf6 d3 h6 O-O d6	C55	Partie italienne : Défense deux cavaliers, moderne fou's ouverture	Italian Game: Two Knights Defense, Modern Bishop's Opening
e4 e5 Nf3 Nc6 Bc4 Nf6 d4 exd4 O-O Nxe4	C56	Partie italienne : Gambit Scotch, Double gambit accepté	Italian Game: Scotch Gambit, Double Gambit Accepted
e4 e5 Nf3 Nc6 Bc4 Nf6 d4 exd4 e5 Ng4	C44	Partie écossaise : Gambit Scotch, Variante aile roi	Scotch Game: Scotch Gambit, Kingside Variation
e4 e5 Nf3 Nc6 Nc3 Nf6 d4 Bb4 Nxe5 Qe7	C47	Partie des quatre cavaliers : Variante Scotch, Gambit Krause, Défense Leonhardt	Four Knights Game: Scotch Variation, Krause Gambit, Leonhardt Defense
e4 e5 Nf3 Nc6 Nc3 Nf6 d4 Bb4 d5 Nd4	C47	Partie des quatre cavaliers : Variante Scotch, Gambit Oxford	Four Knights Game: Scotch Variation, Oxford Gambit
e4 e5 Nf3 Nc6 Nc3 Nf6 d4 exd4 Nxd4 Nxe4	C47	Partie des quatre cavaliers : Variante Scotch, Défense Schmid	Four Knights Game: Scotch Variation, Schmid Defense
e4 e5 Nf3 Nc6 c3 Nf6 d4 Nxe4 d5 Bc5	C44	Ouverture Ponziani : Gambit Vukovic	Ponziani Opening: Vukovic Gambit
e4 e5 Nf3 Nc6 d4 exd4 Bc4 Nf6 O-O Bc5	C56	Partie italienne : Gambit Scotch, Attaque Max Lange	Italian Game: Scotch Gambit, Max Lange Attack
e4 e5 Nf3 Nc6 d4 exd4 Bc4 Nf6 O-O Be7	C56	Partie italienne : Gambit Scotch, Défense de Riviere	Italian Game: Scotch Gambit, de Riviere Defense
e4 e5 Nf3 Nc6 d4 exd4 Bc4 Nf6 O-O d6	C56	Partie italienne : Gambit Scotch, Défense Janowski	Italian Game: Scotch Gambit, Janowski Defense
e4 e5 Nf3 Nc6 d4 exd4 Nxd4 Bc5 Nb3 Bb4	C45	Partie écossaise : Variante Romanishin	Scotch Game: Romanishin Variation
e4 e5 Nf3 Nc6 d4 exd4 Nxd4 Bc5 Nxc6 Qf6	C45	Partie écossaise : Variante classique, Variante Intermezzo	Scotch Game: Classical Variation, Intermezzo Variation
e4 e5 Nf3 Nc6 d4 exd4 Nxd4 Qh4 Nc3 Bb4	C45	Partie écossaise : Défense moderne	Scotch Game: Modern Defense
e4 e5 Nf3 Nc6 d4 exd4 c3 dxc3 Nxc3 Bb4	C44	Partie écossaise : Gambit Göring, ligne principale	Scotch Game: Göring Gambit, Main Line
e4 e5 Nf3 Nf6 Nxe5 Nc6 Nxc6 dxc6 Nc3 Bc5	C42	Défense Petroff (russe) : Stafford gambit accepté	Petrov's Defense: Stafford Gambit Accepted
e4 e5 Nf3 Nf6 Nxe5 Nc6 Nxc6 dxc6 d3 Bc5	C42	Défense Petroff (russe) : Stafford gambit accepté	Petrov's Defense: Stafford Gambit Accepted
e4 e5 Nf3 Nf6 Nxe5 d6 Nf3 Nxe4 d4 Nf6	C42	Défense Petroff (russe) : Attaque classique, Variante Closed	Petrov's Defense: Classical Attack, Closed Variation
e4 e5 Nf3 f5 Bc4 fxe4 Nxe5 Qg5 d4 Qxg2	C40	Gambit letton : Attaque Mayet, Variante Poisoned Pawn	Latvian Gambit: Mayet Attack, Poisoned Pawn Variation
e4 e5 d4 exd4 Qxd4 Nc6 Qe3 Bb4 c3 Be7	C22	Partie du centre : Variante Charousek	Center Game: Charousek Variation
e4 e5 d4 exd4 c3 dxc3 Bc4 cxb2 Bxb2 Bb4	C21	Gambit danois accepté : Défense Copenhagen	Danish Gambit Accepted: Copenhagen Defense
e4 e5 d4 exd4 c3 dxc3 Bc4 cxb2 Bxb2 Nf6	C21	Gambit danois accepté : Défense classique	Danish Gambit Accepted: Classical Defense
e4 e5 d4 exd4 c3 dxc3 Bc4 cxb2 Bxb2 Qe7	C21	Gambit danois accepté : Défense Chigorin	Danish Gambit Accepted: Chigorin Defense
e4 e5 d4 exd4 c3 dxc3 Bc4 cxb2 Bxb2 d5	C21	Gambit danois accepté : Défense Schlechter	Danish Gambit Accepted: Schlechter Defense
e4 e5 f4 exf4 Bc4 d5 Bxd5 Qh4 Kf1 Bd6	C33	Gambit du roi accepté : Gambit fou's, Variante Boren-Svenonius	King's Gambit Accepted: Bishop's Gambit, Boren-Svenonius Variation
e4 e5 f4 exf4 Nf3 g5 Bc4 g4 O-O Qe7	C37	Gambit du roi accepté : Gambit Muzio, Contre-attaque Kling and Horwitz	King's Gambit Accepted: Muzio Gambit, Kling and Horwitz Counterattack
e4 e5 f4 exf4 Nf3 g5 Bc4 g4 O-O d5	C37	Gambit du roi accepté : Gambit Muzio, Défense Brentano	King's Gambit Accepted: Muzio Gambit, Brentano Defense
e4 e5 f4 exf4 Nf3 g5 h4 g4 Ne5 Be7	C39	Gambit du roi accepté : Kieseritzky, Défense Polerio	King's Gambit Accepted: Kieseritzky, Polerio Defense
e4 e5 f4 exf4 Nf3 g5 h4 g4 Ne5 Bg7	C39	Gambit du roi accepté : Gambit Kieseritzky, Défense Paulsen	King's Gambit Accepted: Kieseritzky Gambit, Paulsen Defense
e4 e5 f4 exf4 Nf3 g5 h4 g4 Ne5 Nc6	C39	Gambit du roi accepté : Gambit Kieseritzky, Défense Neumann	King's Gambit Accepted: Kieseritzky Gambit, Neumann Defense
e4 e5 f4 exf4 Nf3 g5 h4 g4 Ne5 Nf6	C39	Gambit du roi accepté : Gambit Kieseritzky, Défense Berlin	King's Gambit Accepted: Kieseritzky Gambit, Berlin Defense
e4 e5 f4 exf4 Nf3 g5 h4 g4 Ne5 Qe7	C39	Gambit du roi accepté : Gambit Kieseritzky, Défense Rosenthal	King's Gambit Accepted: Kieseritzky Gambit, Rosenthal Defense
e4 e5 f4 exf4 Nf3 g5 h4 g4 Ne5 d5	C39	Gambit du roi accepté : Gambit Kieseritzky, Défense Brentano	King's Gambit Accepted: Kieseritzky Gambit, Brentano Defense
e4 e5 f4 exf4 Nf3 g5 h4 g4 Ne5 d6	C39	Gambit du roi accepté : Gambit Kieseritzky, Défense Kolisch	King's Gambit Accepted: Kieseritzky Gambit, Kolisch Defense
e4 e5 f4 exf4 Nf3 g5 h4 g4 Ne5 h5	C39	Gambit du roi accepté : Gambit Kieseritzky, Long Whip	King's Gambit Accepted: Kieseritzky Gambit, Long Whip
e4 e5 f4 exf4 Nf3 g5 h4 g4 Ng5 Nf6	C39	Gambit du roi accepté : Allgaier, Défense Schlechter	King's Gambit Accepted: Allgaier, Schlechter Defense
e4 e6 d4 d5 Nc3 Bb4 Bd2 dxe4 Qg4 Qxd4	C15	Défense française : Variante Winawer, Variante Fingerslip, Gambit Kunin Double	French Defense: Winawer Variation, Fingerslip Variation, Kunin Double Gambit
e4 e6 d4 d5 Nc3 Bb4 Ne2 dxe4 a3 Bxc3	C15	Défense française : Variante Winawer, Alekhine gambit accepté	French Defense: Winawer Variation, Alekhine Gambit Accepted
e4 e6 d4 d5 Nc3 Bb4 e5 c5 a3 Ba5	C17	Défense française : Variante Winawer, Variante Retreat	French Defense: Winawer Variation, Retreat Variation
e4 e6 d4 d5 Nc3 Nf6 Bg5 Be7 e5 Ne4	C13	Défense française : Variante classique, Variante Tartakower	French Defense: Classical Variation, Tartakower Variation
e4 e6 d4 d5 Nc3 Nf6 Bg5 Be7 e5 Ng8	C13	Défense française : Variante classique, Variante Vistaneckis	French Defense: Classical Variation, Vistaneckis Variation
e4 e6 d4 d5 Nc3 Nf6 Bg5 dxe4 Nxe4 Be7	C13	Défense française : Variante classique	French Defense: Classical Variation
e4 e6 d4 d5 Nc3 a6 Nf3 Nf6 e5 Nfd7	C11	Défense française : Variante Steinitz	French Defense: Steinitz Variation
e4 e6 d4 d5 Nc3 dxe4 Nxe4 Bd7 Nf3 Bc6	C10	Défense française : Variante Rubinstein, Variante Fort Knox	French Defense: Rubinstein Variation, Fort Knox Variation
e4 e6 d4 d5 Nd2 Nc6 c3 dxe4 Nxe4 e5	C03	Défense française : Variante Tarrasch, Défense Guimard, Variante Thunderbunny	French Defense: Tarrasch Variation, Guimard Defense, Thunderbunny Variation
e4 e6 d4 d5 Nd2 c5 exd5 exd5 Ngf3 Nc6	C09	Défense française : Variante Tarrasch, Système Open, ligne principale	French Defense: Tarrasch Variation, Open System, Main Line
e4 e6 d4 d5 Nd2 c5 exd5 exd5 Ngf3 c4	C08	Défense française : Variante Tarrasch, Système Open, avancée ligne	French Defense: Tarrasch Variation, Open System, Advance Line
e4 e6 d4 d5 e5 c5 c3 Nc6 Nf3 Bd7	C02	Défense française : Variante avancée, Variante Euwe	French Defense: Advance Variation, Euwe Variation
e4 e6 d4 d5 e5 c5 c3 Qb6 Nf3 Bd7	C02	Défense française : Variante avancée, Variante Wade	French Defense: Advance Variation, Wade Variation
e4 e6 d4 d5 exd5 exd5 Nc3 Nf6 Bg5 Nc6	C01	Défense française : Variante échange, Variante Bogoljubow	French Defense: Exchange Variation, Bogoljubow Variation
e4 g6 Nf3 Bg7 d4 c5 Bc4 cxd4 Nxd4 Qa5	B06	Défense ptérodactyle : Western, Siroccopteryx	Pterodactyl Defense: Western, Siroccopteryx
e4 g6 d4 Bg7 Nc3 c5 Nf3 Qa5 Be2 d6	B06	Défense ptérodactyle : Sicilian, Quetzalcoatlus	Pterodactyl Defense: Sicilian, Quetzalcoatlus
e4 g6 d4 Bg7 Nc3 c5 d5 Bxc3 bxc3 Qa5	B06	Défense ptérodactyle : Eastern, Benoni Pteranodon	Pterodactyl Defense: Eastern, Benoni Pteranodon
e4 g6 d4 Bg7 Nc3 c5 dxc5 Bxc3 bxc3 Qa5	B06	Défense ptérodactyle : Eastern, Pteranodon	Pterodactyl Defense: Eastern, Pteranodon
e4 g6 d4 Bg7 Nc3 c6 f4 d5 e5 h5	B06	Défense moderne : Défense Gurgenidze	Modern Defense: Gurgenidze Defense
e4 g6 d4 Bg7 c4 c5 Nc3 d6 Be3 Qa5	B06	Défense ptérodactyle : Central, Anhanguera	Pterodactyl Defense: Central, Anhanguera
e4 g6 d4 Bg7 c4 c5 Nc3 d6 dxc5 Qa5	B06	Défense ptérodactyle : Central, Gambit Quetzalcoatlus	Pterodactyl Defense: Central, Quetzalcoatlus Gambit
e4 g6 d4 Bg7 c4 c5 Nf3 d6 Be2 Qa5	B06	Défense moderne : Variante Semi-Averbakh, Pterodactyl variante refusé	Modern Defense: Semi-Averbakh Variation, Pterodactyl Variation Declined
e4 g6 d4 Bg7 c4 c5 d5 d6 Nc3 Qa5	B06	Défense ptérodactyle : Central, Benoni Quetzalcoatlus	Pterodactyl Defense: Central, Benoni Quetzalcoatlus
e4 g6 d4 Bg7 c4 d5 exd5 c6 dxc6 Bxd4	B06	Défense moderne : Variante Dunworthy	Modern Defense: Dunworthy Variation
e4 g6 d4 Nh6 Nc3 f5 Bxh6 Bxh6 exf5 O-O	B06	Défense moderne : Gambit Masur	Modern Defense: Masur Gambit
g3 Nc6 Nc3 d5 d4 e5 dxe5 d4 Ne4 f5	A00	Ouverture hongroise : Gambit Asten	Hungarian Opening: Asten Gambit
g4 d5 Bg2 Bxg4 c4 d4 Bxb7 Nd7 Bxa8 Qxa8	A00	Ouverture Grob : Gambit Grob, Gambit Fritz, Contre-gambit Romford	Grob Opening: Grob Gambit, Fritz Gambit, Romford Countergambit
Nc3 d5 f4 d4 Ne4 f5 Nf2 Nf6 Nf3 c5 b4	A00	Ouverture Van Geet : Gambit Jendrossek	Van Geet Opening: Jendrossek Gambit
Nf3 Nf6 g3 d5 Bg2 c6 O-O Bf5 d3 e6 Nbd2	A07	Attaque indienne du roi, avec Bf5	King's Indian Attack, with Bf5
Nf3 Nf6 g3 d5 Bg2 c6 O-O Bf5 d3 e6 Nh4	A07	Attaque indienne du roi, avec Bf5	King's Indian Attack, with Bf5
Nf3 Nf6 g3 g6 b3 Bg7 Bb2 O-O Bg2 d6 O-O	A05	Ouverture Zukertort : Attaque Double fianchetto	Zukertort Opening: Double Fianchetto Attack
Nf3 d5 c4 c6 g3 Nf6 Bg2 e6 b3 Be7 Bb2	A14	Ouverture Réti : Variante Anglo-Slav	Réti Opening: Anglo-Slav Variation
Nh3 d5 g3 e5 f4 Bxh3 Bxh3 exf4 O-O fxg3 hxg3	A00	Ouverture Amar : Gambit Paris, Gambit Gent	Amar Opening: Paris Gambit, Gent Gambit
b4 Nf6 Bb2 g6 c4 Bg7 e3 d6 Nf3 O-O d4	A00	Ouverture polonaise (Orang-outan) : Variante King's indienne, Attaque Sokolsky	Polish Opening: King's Indian Variation, Sokolsky Attack
b4 e6 Bb2 Nf6 b5 a6 a4 axb5 axb5 Rxa1 Bxa1	A00	Ouverture polonaise (Orang-outan) : Rooks Swap ligne	Polish Opening: Rooks Swap Line
c4 Nf6 g3 c6 Nf3 d5 b3 Bf5 Bg2 e6 Bb2	A12	Ouverture Réti : Variante Anglo-Slav, Système London Defensive	Réti Opening: Anglo-Slav Variation, London Defensive System
c4 Nf6 g3 c6 Nf3 d5 b3 Bg4 Bg2 e6 Bb2	A12	Ouverture Réti : Variante Anglo-Slav, Système Torre	Réti Opening: Anglo-Slav Variation, Torre System
c4 Nf6 g3 g6 Bg2 Bg7 d4 d5 cxd5 Nxd5 Nf3	D71	Défense néo-Grünfeld : Variante échange	Neo-Grünfeld Defense: Exchange Variation
c4 c5 Nf3 Nc6 g3 g6 Bg2 Bg7 O-O d6 Nc3	A37	Ouverture anglaise : Variante symétrique, trois cavaliers, Variante fianchetto	English Opening: Symmetrical Variation, Three Knights, Fianchetto Variation
c4 c5 Nf3 Nc6 g3 g6 Bg2 Bg7 O-O e6 Nc3	A37	Ouverture anglaise : Variante symétrique, trois cavaliers, Variante fianchetto	English Opening: Symmetrical Variation, Three Knights, Fianchetto Variation
c4 c6 Nf3 d5 g3 Nf6 Bg2 Bf5 O-O e6 d3	A11	Ouverture Réti : Variante Anglo-Slav, avec g3	Réti Opening: Anglo-Slav Variation, with g3
c4 e5 Nc3 Nc6 g3 g6 Bg2 Bg7 d3 d6 e4	A26	Ouverture anglaise : Variante King's anglaise, Système Botvinnik	English Opening: King's English Variation, Botvinnik System
c4 e5 Nc3 Nf6 Nf3 Nc6 g3 Bc5 d3 d6 Bg2	A29	Ouverture anglaise : Variante King's anglaise, Variante quatre cavaliers, fianchetto ligne, avec .. d6	English Opening: King's English Variation, Four Knights Variation, Fianchetto Line, with .. d6
c4 e5 Nc3 Nf6 g3 Bb4 e4 O-O Nge2 Nc6 Bg2	A25	Ouverture anglaise : Variante King's anglaise, inversée Closed Sicilian	English Opening: King's English Variation, Reversed Closed Sicilian
c4 e5 g3 Nf6 Bg2 Nc6 Nc3 Bb4 e4 d6 Nge2	A25	Ouverture anglaise : Variante King's anglaise, inversée Closed Sicilian	English Opening: King's English Variation, Reversed Closed Sicilian
c4 e5 g3 Nf6 Bg2 d5 cxd5 Nxd5 Nf3 Nc6 d3	A29	Ouverture anglaise : Variante King's anglaise, Variante quatre cavaliers, fianchetto ligne	English Opening: King's English Variation, Four Knights Variation, Fianchetto Line
c4 e6 Nf3 d5 b3 Nf6 Bb2 Be7 e3 O-O d4	A13	Ouverture anglaise : Défense Agincourt	English Opening: Agincourt Defense
c4 e6 Nf3 d5 g3 Nf6 Bg2 Be7 O-O O-O b3	A14	Ouverture anglaise : Défense Agincourt, Neo-Catalan refusé	English Opening: Agincourt Defense, Neo-Catalan Declined
d4 Nf6 Bg5 Ne4 Bh4 d5 f3 Nf6 Nc3 Bf5 e4	A45	Attaque Trompowsky : Variante Edge, Gambit Hergert	Trompowsky Attack: Edge Variation, Hergert Gambit
d4 Nf6 Nc3 d5 Bg5 c5 Bxf6 gxf6 e4 dxe4 d5	D01	Attaque Richter-Veresov : Gambit Malich	Richter-Veresov Attack: Malich Gambit
d4 Nf6 Nf3 b6 g3 Bb7 Bg2 c5 c4 cxd4 Qxd4	A47	Système Marienbad : Variante Berg	Marienbad System: Berg Variation
d4 Nf6 Nf3 e6 c4 d5 Bg5 c6 Nbd2 Nbd7 e3	D30	Gambit dame refusé : Variante Capablanca	Queen's Gambit Declined: Capablanca Variation
d4 Nf6 Nf3 e6 e3 b6 Bd3 Bb7 O-O c5 c4	E14	Défense indienne de la dame, avec e3	Queen's Indian Defense, with e3
d4 Nf6 Nf3 g6 Bf4 Bg7 e3 d6 h3 c5 Be2	A48	Système Londres, avec Be2	London System, with Be2
d4 Nf6 Nf3 g6 Nc3 d5 Bf4 Bg7 e3 O-O Be2	A48	Partie du pion dame : Attaque Barry, Variante Grünfeld	Queen's Pawn Game: Barry Attack, Grünfeld Variation
d4 Nf6 Nf3 g6 g3 Bg7 Bg2 O-O O-O d5 c4	D77	Défense néo-Grünfeld : Variante classique	Neo-Grünfeld Defense: Classical Variation
d4 Nf6 c4 c5 d5 e6 Nc3 exd5 cxd5 d6 e4	A65	Défense Benoni : King's Pawn ligne	Benoni Defense: King's Pawn Line
d4 Nf6 c4 e6 Nc3 Bb4 Nf3 b6 e3 Ne4 Qc2	E43	Défense nimzo-indienne : Variante St. Petersburg	Nimzo-Indian Defense: St. Petersburg Variation
d4 Nf6 c4 e6 Nc3 Bb4 Nf3 c5 g3 O-O Bg2	E20	Défense nimzo-indienne : Variante Romanishin	Nimzo-Indian Defense: Romanishin Variation
d4 Nf6 c4 e6 Nc3 Bb4 a3 Bxc3 bxc3 c5 e3	E26	Défense nimzo-indienne : Variante Sämisch	Nimzo-Indian Defense: Sämisch Variation
d4 Nf6 c4 e6 Nc3 Bb4 e3 O-O Nf3 d5 a3	E51	Défense nimzo-indienne : Variante Normal, Sämisch différé	Nimzo-Indian Defense: Normal Variation, Sämisch Deferred
d4 Nf6 c4 e6 Nc3 Bb4 e3 O-O a3 Bxc3 bxc3	E28	Défense nimzo-indienne : Variante Sämisch	Nimzo-Indian Defense: Sämisch Variation
d4 Nf6 c4 e6 Nc3 Bb4 e3 b6 Bd3 Bb7 Nf3	E43	Défense nimzo-indienne : Variante St. Petersburg	Nimzo-Indian Defense: St. Petersburg Variation
d4 Nf6 c4 e6 Nc3 d5 Bg5 Be7 e3 O-O Rc1	D54	Gambit dame refusé : Variante Neo-Orthodox	Queen's Gambit Declined: Neo-Orthodox Variation
d4 Nf6 c4 e6 Nc3 d5 cxd5 exd5 Bg5 c6 Qc2	D36	Gambit dame refusé : Variante échange, Variante Reshevsky	Queen's Gambit Declined: Exchange Variation, Reshevsky Variation
d4 Nf6 c4 e6 Nf3 b6 g3 Bb7 Bg2 Be7 Nc3	E17	Défense indienne de la dame : Système Anti-Queen's indienne	Queen's Indian Defense: Anti-Queen's Indian System
d4 Nf6 c4 e6 Nf3 b6 g3 Bb7 Bg2 Be7 O-O	E17	Défense indienne de la dame : Variante classique	Queen's Indian Defense: Classical Variation
d4 Nf6 c4 e6 Nf3 d5 Nc3 Be7 Bg5 O-O Qc2	D37	Gambit dame refusé : Variante Miles	Queen's Gambit Declined: Miles Variation
d4 Nf6 c4 e6 Nf3 d5 Nc3 Be7 Bg5 O-O e3	D55	Gambit dame refusé : Variante moderne, Normal ligne	Queen's Gambit Declined: Modern Variation, Normal Line
d4 Nf6 c4 e6 Nf3 d5 Nc3 Nbd7 cxd5 exd5 Bf4	D35	Gambit dame refusé : Variante échange, Variante Sämisch	Queen's Gambit Declined: Exchange Variation, Sämisch Variation
d4 Nf6 c4 e6 Nf3 d5 Nc3 c5 cxd5 Nxd5 e3	D41	Gambit dame refusé : Défense Semi-Tarrasch, Variante Pillsbury	Queen's Gambit Declined: Semi-Tarrasch Defense, Pillsbury Variation
d4 Nf6 c4 e6 Nf3 d5 Nc3 c5 cxd5 Nxd5 e4	D41	Gambit dame refusé : Défense Semi-Tarrasch, Variante échange	Queen's Gambit Declined: Semi-Tarrasch Defense, Exchange Variation
d4 Nf6 c4 e6 Nf3 d5 Nc3 c5 cxd5 Nxd5 g3	D41	Gambit dame refusé : Défense Semi-Tarrasch	Queen's Gambit Declined: Semi-Tarrasch Defense
d4 Nf6 c4 e6 Nf3 d5 e3 b6 Nc3 Bd6 Bd3	E14	Défense indienne de la dame, avec e3	Queen's Indian Defense, with e3
d4 Nf6 c4 e6 g3 Bb4 Bd2 Be7 Bg2 d5 Nf3	E11	Défense bogo-indienne : Variante Retreat	Bogo-Indian Defense: Retreat Variation
d4 Nf6 c4 e6 g3 d5 Bg2 dxc4 Qa4 Nbd7 Qxc4	E03	Ouverture catalane : Défense Open	Catalan Opening: Open Defense
d4 Nf6 c4 g6 Nc3 Bg7 Nf3 O-O e3 d6 Be2	E61	Défense indienne du roi : Variante Semi-classique	King's Indian Defense: Semi-Classical Variation
d4 Nf6 c4 g6 Nc3 Bg7 e4 d6 Be2 O-O Be3	E73	Défense indienne du roi : Système Semi-Averbakh	King's Indian Defense: Semi-Averbakh System
d4 Nf6 c4 g6 Nc3 Bg7 e4 d6 Be2 O-O Bg5	E73	Défense indienne du roi : Variante Averbakh	King's Indian Defense: Averbakh Variation
d4 Nf6 c4 g6 Nc3 Bg7 e4 d6 Be2 O-O f4	E77	Défense indienne du roi : Attaque Four Pawns	King's Indian Defense: Four Pawns Attack
d4 Nf6 c4 g6 Nc3 Bg7 e4 d6 Nf3 O-O Be2	E91	Défense indienne du roi : Variante Orthodox	King's Indian Defense: Orthodox Variation
d4 Nf6 c4 g6 Nc3 Bg7 e4 d6 Nf3 O-O Be3	E90	Défense indienne du roi : Variante Larsen	King's Indian Defense: Larsen Variation
d4 Nf6 c4 g6 Nc3 Bg7 e4 d6 Nf3 O-O Bg5	E90	Défense indienne du roi : Variante Zinnowitz	King's Indian Defense: Zinnowitz Variation
d4 Nf6 c4 g6 Nc3 Bg7 e4 d6 f3 O-O Bg5	E81	Défense indienne du roi : Attaque Steiner	King's Indian Defense: Steiner Attack
d4 Nf6 c4 g6 Nc3 Bg7 e4 d6 f3 O-O Nge2	E81	Défense indienne du roi : Variante Sämisch, Variante Bobotsov-Korchnoi-Petrosian	King's Indian Defense: Sämisch Variation, Bobotsov-Korchnoi-Petrosian Variation
d4 Nf6 c4 g6 Nc3 Bg7 e4 d6 h3 O-O Be3	E71	Défense indienne du roi : Système Karpov	King's Indian Defense: Karpov System
d4 Nf6 c4 g6 Nc3 d5 Bf4 Bg7 e3 O-O Rc1	D83	Défense Grünfeld : Attaque Brinckmann, Gambit Grünfeld, Variante Capablanca	Grünfeld Defense: Brinckmann Attack, Grünfeld Gambit, Capablanca Variation
d4 Nf6 c4 g6 Nc3 d5 Nf3 Bg7 Bf4 O-O e3	D93	Défense Grünfeld : Variante trois cavaliers, Variante hongroise	Grünfeld Defense: Three Knights Variation, Hungarian Variation
d4 Nf6 c4 g6 Nc3 d5 Nf3 Bg7 e3 O-O Bd2	D94	Défense Grünfeld : Variante Opocensky	Grünfeld Defense: Opocensky Variation
d4 Nf6 c4 g6 Nc3 d5 Nf3 Bg7 e3 O-O Bd3	D94	Défense Grünfeld : Variante trois cavaliers, Variante Paris	Grünfeld Defense: Three Knights Variation, Paris Variation
d4 Nf6 c4 g6 Nc3 d5 Nf3 Bg7 e3 O-O Qb3	D95	Défense Grünfeld : Variante trois cavaliers, Variante Vienna	Grünfeld Defense: Three Knights Variation, Vienna Variation
d4 Nf6 c4 g6 Nc3 d5 Nf3 Bg7 e3 O-O b4	D94	Défense Grünfeld : Variante Makogonov	Grünfeld Defense: Makogonov Variation
d4 Nf6 c4 g6 Nc3 d5 f3 c5 cxd5 Nxd5 Na4	D80	Défense Grünfeld : Variante Lutikov, Attaque Murrey	Grünfeld Defense: Lutikov Variation, Murrey Attack
d4 d5 Nf3 Nf6 Bf4 c5 e3 Nc6 Nbd2 e6 c3	D02	Partie du pion dame : Système London	Queen's Pawn Game: London System
d4 d5 Nf3 Nf6 Bg5 e6 Nbd2 Be7 c3 Nbd7 e3	D03	Partie du pion dame : Attaque Torre	Queen's Pawn Game: Torre Attack
d4 d5 Nf3 Nf6 Bg5 e6 e3 c5 Nbd2 Nc6 c3	D03	Partie du pion dame : Attaque Torre	Queen's Pawn Game: Torre Attack
d4 d5 Nf3 Nf6 Bg5 e6 e3 c5 c3 Nbd7 Nbd2	D03	Partie du pion dame : Attaque Torre	Queen's Pawn Game: Torre Attack
d4 d5 Nf3 Nf6 Bg5 e6 e3 c5 c3 Nc6 Bd3	D03	Partie du pion dame : Attaque Torre	Queen's Pawn Game: Torre Attack
d4 d5 Nf3 Nf6 e3 e6 b3 c5 Bb2 Nc6 Bd3	D05	Partie du pion dame : Système Colle	Queen's Pawn Game: Colle System
d4 d5 Nf3 Nf6 e3 e6 b3 c5 Bb2 Nc6 Nbd2	D05	Partie du pion dame : Système Colle	Queen's Pawn Game: Colle System
d4 d5 Nf3 Nf6 g3 c6 Bg2 Bg4 O-O Nbd7 c4	D11	Défense slave : moderne ligne	Slav Defense: Modern Line
d4 d5 c4 c5 Nf3 Nf6 Nc3 e6 e3 Nc6 Bd3	D40	Gambit dame refusé : Défense Semi-Tarrasch, avec e3	Queen's Gambit Declined: Semi-Tarrasch Defense, with e3
d4 d5 c4 c6 Nc3 Nf6 e3 e6 Nf3 Nbd7 Bd3	D46	Défense semi-slave : ligne principale	Semi-Slav Defense: Main Line
d4 d5 c4 c6 Nc3 Nf6 e3 e6 Nf3 Nbd7 Qc2	D45	Défense semi-slave : Variante Stoltz	Semi-Slav Defense: Stoltz Variation
d4 d5 c4 c6 Nf3 Nf6 Nc3 dxc4 a4 Bf5 Ne5	D17	Défense slave : Variante tchèque, Attaque Krause	Slav Defense: Czech Variation, Krause Attack
d4 d5 c4 c6 Nf3 Nf6 Nc3 dxc4 a4 Bf5 Nh4	D17	Défense slave : Variante tchèque, Attaque Bled	Slav Defense: Czech Variation, Bled Attack
d4 d5 c4 c6 Nf3 Nf6 Nc3 dxc4 a4 Bf5 e3	D18	Défense slave : Variante tchèque, Système classique	Slav Defense: Czech Variation, Classical System
d4 d5 c4 c6 Nf3 Nf6 Nc3 dxc4 e4 b5 e5	D15	Défense slave : Gambit Geller	Slav Defense: Geller Gambit
d4 d5 c4 c6 Nf3 Nf6 Nc3 e6 Bg5 Nbd7 e3	D52	Gambit dame refusé	Queen's Gambit Declined
d4 d5 c4 c6 Nf3 Nf6 Nc3 e6 Bg5 dxc4 e4	D44	Défense semi-slave : Variante Botvinnik	Semi-Slav Defense: Botvinnik Variation
d4 d5 c4 c6 Nf3 Nf6 Nc3 e6 Bg5 h6 Bh4	D43	Défense semi-slave : Gambit Anti-Moscow	Semi-Slav Defense: Anti-Moscow Gambit
d4 d5 c4 c6 Nf3 Nf6 e3 Bf5 cxd5 cxd5 Nc3	D13	Défense slave : Variante échange, Variante Schallopp	Slav Defense: Exchange Variation, Schallopp Variation
d4 d5 c4 c6 Nf3 Nf6 g3 Bg4 Bg2 e6 O-O	D11	Défense slave : moderne ligne	Slav Defense: Modern Line
d4 d5 c4 dxc4 Nf3 Nf6 e3 e6 Bxc4 c5 O-O	D26	Gambit dame accepté : Défense classique, Normal ligne	Queen's Gambit Accepted: Classical Defense, Normal Line
d4 d5 c4 dxc4 Nf3 a6 e3 Bg4 Bxc4 e6 d5	D22	Gambit dame accepté : Défense Alekhine, Variante Alatortsev	Queen's Gambit Accepted: Alekhine Defense, Alatortsev Variation
d4 d5 c4 dxc4 e3 e5 Bxc4 exd4 Qb3 Qe7 Kf1	D20	Gambit dame accepté : Variante ancienne, Gambit Korchnoi	Queen's Gambit Accepted: Old Variation, Korchnoi Gambit
d4 d5 c4 dxc4 e3 e5 Bxc4 exd4 Qb3 Qe7 Nd2	D20	Gambit dame accepté : Variante ancienne, Gambit Novikov	Queen's Gambit Accepted: Old Variation, Novikov Gambit
d4 d5 c4 dxc4 e3 e5 Bxc4 exd4 Qb3 Qe7 Nf3	D20	Gambit dame accepté : Variante ancienne, Gambit Christensen	Queen's Gambit Accepted: Old Variation, Christensen Gambit
d4 d5 c4 dxc4 e3 e5 Bxc4 exd4 Qb3 Qe7 a3	D20	Gambit dame accepté : Variante ancienne, Gambit Billinger	Queen's Gambit Accepted: Old Variation, Billinger Gambit
d4 d5 c4 e6 Nc3 Nf6 Bg5 Nbd7 Nf3 c6 e4	D51	Gambit dame refusé : Variante Alekhine	Queen's Gambit Declined: Alekhine Variation
d4 d5 c4 e6 Nc3 Nf6 Bg5 Nbd7 e3 c6 a3	D51	Gambit dame refusé : Variante Capablanca, Variante Anti-Cambridge Springs	Queen's Gambit Declined: Capablanca Variation, Anti-Cambridge Springs Variation
d4 d5 c4 e6 Nc3 Nf6 Bg5 c5 Nf3 cxd4 Qxd4	D50	Gambit dame refusé : Variante Pseudo-Tarrasch, Variante Primitive Pillsbury	Queen's Gambit Declined: Pseudo-Tarrasch Variation, Primitive Pillsbury Variation
d4 d5 c4 e6 Nc3 c5 cxd5 exd5 Nf3 Nc6 g3	D33	Défense Tarrasch : Système Rubinstein	Tarrasch Defense: Rubinstein System
d4 d5 c4 e6 Nc3 c6 Nf3 Nf6 e3 Nbd7 Ne5	D45	Défense semi-slave : Système Rubinstein	Semi-Slav Defense: Rubinstein System
d4 d5 c4 e6 Nc3 c6 e4 dxe4 Nxe4 Bb4 Bd2	D31	Défense semi-slave : Gambit Marshall, ligne principale	Semi-Slav Defense: Marshall Gambit, Main Line
d4 d5 c4 e6 Nc3 c6 e4 dxe4 Nxe4 Bb4 Nc3	D31	Défense semi-slave : Gambit Marshall, Variante Forgotten	Semi-Slav Defense: Marshall Gambit, Forgotten Variation
d4 d5 c4 e6 Nf3 Nf6 Nc3 dxc4 Bg5 Be7 e4	D53	Gambit dame refusé	Queen's Gambit Declined
d4 d5 e4 dxe4 Nc3 Nf6 f3 exf3 Nxf3 e6 Bd3	D00	Gambit Blackmar-Diemer accepté : Défense Euwe, Gambit Duthilleul	Blackmar-Diemer Gambit Accepted: Euwe Defense, Duthilleul Gambit
e4 Nc6 Nf3 Nf6 e5 Ng4 d4 d6 h3 Nh6 Bb5	B00	Défense Nimzowitsch : Défense El Columpio, Variante Pin	Nimzowitsch Defense: El Columpio Defense, Pin Variation
e4 Nc6 Nf3 Nf6 e5 Ng4 d4 d6 h3 Nh6 e6	B00	Défense Nimzowitsch : Défense El Columpio, Gambit El Columpio	Nimzowitsch Defense: El Columpio Defense, El Columpio Gambit
e4 Nc6 Nf3 Nf6 e5 Ng4 d4 d6 h3 Nh6 exd6	B00	Défense Nimzowitsch : Défense El Columpio, Variante échange	Nimzowitsch Defense: El Columpio Defense, Exchange Variation
e4 Nf6 e5 Nd5 c4 Nb6 c5 Nd5 Bc4 e6 Nc3	B02	Défense Alekhine : Variante Hunt, Gambit Lasker Simul	Alekhine Defense: Hunt Variation, Lasker Simul Gambit
e4 Nf6 e5 Nd5 d4 d6 Nf3 Bg4 c4 Nb6 d5	B05	Défense Alekhine : Variante moderne, Attaque Vitolins	Alekhine Defense: Modern Variation, Vitolins Attack
e4 Nf6 e5 Nd5 d4 d6 c4 Nb6 Nf3 Bg4 Be2	B03	Défense Alekhine : Variante moderne, Gambit Alekhine	Alekhine Defense: Modern Variation, Alekhine Gambit
e4 c5 Nc3 Nc6 f4 g6 Nf3 Bg7 Bc4 e6 f5	B23	Défense sicilienne : Attaque Grand Prix, Variante Schofman	Sicilian Defense: Grand Prix Attack, Schofman Variation
e4 c5 Nc3 Nc6 g3 g6 Bg2 Bg7 d3 d6 Be3	B26	Défense sicilienne : Closed	Sicilian Defense: Closed
e4 c5 Nc3 Nc6 g3 g6 Bg2 Bg7 d3 d6 f4	B25	Défense sicilienne : Closed	Sicilian Defense: Closed
e4 c5 Nf3 Nc6 Bb5 g6 O-O Bg7 Re1 e5 b4	B31	Défense sicilienne : Attaque Nyezhmetdinov-Rossolimo, Variante Gurgenidze	Sicilian Defense: Nyezhmetdinov-Rossolimo Attack, Gurgenidze Variation
e4 c5 Nf3 Nc6 Bb5 g6 O-O Bg7 c3 Nf6 Qa4	B31	Défense sicilienne : Attaque Nyezhmetdinov-Rossolimo, Variante fianchetto, Attaque Totsky	Sicilian Defense: Nyezhmetdinov-Rossolimo Attack, Fianchetto Variation, Totsky Attack
e4 c5 Nf3 Nc6 Bb5 g6 O-O Bg7 c3 Nf6 d4	B31	Défense sicilienne : Attaque Nyezhmetdinov-Rossolimo, Variante fianchetto, Gambit Lutikov	Sicilian Defense: Nyezhmetdinov-Rossolimo Attack, Fianchetto Variation, Lutikov Gambit
e4 c5 Nf3 Nc6 Bb5 g6 O-O Bg7 c3 e5 d4	B31	Défense sicilienne : Attaque Nyezhmetdinov-Rossolimo, Variante fianchetto, Gambit Gufeld	Sicilian Defense: Nyezhmetdinov-Rossolimo Attack, Fianchetto Variation, Gufeld Gambit
e4 c5 Nf3 Nc6 d4 cxd4 Nxd4 Nf6 Nc3 d6 Nde2	B56	Défense sicilienne : Variante Spielmann	Sicilian Defense: Spielmann Variation
e4 c5 Nf3 Nc6 d4 cxd4 Nxd4 Nf6 Nc3 e5 Nb3	B33	Défense sicilienne : Variante Lasker-Pelikan, Variante Schlechter	Sicilian Defense: Lasker-Pelikan Variation, Schlechter Variation
e4 c5 Nf3 Nc6 d4 cxd4 Nxd4 Nf6 Nc3 e5 Nf3	B33	Défense sicilienne : Variante Lasker-Pelikan, Variante Retreat	Sicilian Defense: Lasker-Pelikan Variation, Retreat Variation
e4 c5 Nf3 Nc6 d4 cxd4 Nxd4 Nf6 Nc3 e5 Nxc6	B33	Défense sicilienne : Variante Lasker-Pelikan, Variante échange	Sicilian Defense: Lasker-Pelikan Variation, Exchange Variation
e4 c5 Nf3 Nc6 d4 cxd4 Nxd4 g6 c4 Bg7 Be3	B38	Défense sicilienne : Accelerated Dragon, Maróczy Bind	Sicilian Defense: Accelerated Dragon, Maróczy Bind
e4 c5 Nf3 d6 Bb5 Nc6 O-O Bd7 Qe2 g6 e5	B51	Défense sicilienne : Variante Moscow, Gambit Dorfman	Sicilian Defense: Moscow Variation, Dorfman Gambit
e4 c5 Nf3 d6 d4 cxd4 Nxd4 Nf6 Nc3 Nc6 Bc4	B57	Défense sicilienne : Variante classique, Attaque Sozin	Sicilian Defense: Classical Variation, Sozin Attack
e4 c5 Nf3 d6 d4 cxd4 Nxd4 Nf6 Nc3 Nc6 Be2	B58	Défense sicilienne : Variante classique	Sicilian Defense: Classical Variation
e4 c5 Nf3 d6 d4 cxd4 Nxd4 Nf6 Nc3 Nc6 Bg5	B60	Défense sicilienne : Variante Richter-Rauzer	Sicilian Defense: Richter-Rauzer Variation
e4 c5 Nf3 d6 d4 cxd4 Nxd4 Nf6 Nc3 Nc6 g3	B56	Défense sicilienne : Variante classique, Variante fianchetto	Sicilian Defense: Classical Variation, Fianchetto Variation
e4 c5 Nf3 d6 d4 cxd4 Nxd4 Nf6 Nc3 a6 Bc4	B90	Défense sicilienne : Variante Najdorf, Attaque Lipnitsky	Sicilian Defense: Najdorf Variation, Lipnitsky Attack
e4 c5 Nf3 d6 d4 cxd4 Nxd4 Nf6 Nc3 a6 Bd3	B90	Défense sicilienne : Variante Najdorf, Variante Yates	Sicilian Defense: Najdorf Variation, Yates Variation
e4 c5 Nf3 d6 d4 cxd4 Nxd4 Nf6 Nc3 a6 Be2	B92	Défense sicilienne : Variante Najdorf, Variante Opocensky	Sicilian Defense: Najdorf Variation, Opocensky Variation
e4 c5 Nf3 d6 d4 cxd4 Nxd4 Nf6 Nc3 a6 Be3	B90	Défense sicilienne : Variante Najdorf, Attaque anglaise	Sicilian Defense: Najdorf Variation, English Attack
e4 c5 Nf3 d6 d4 cxd4 Nxd4 Nf6 Nc3 a6 Bg5	B94	Défense sicilienne : Variante Najdorf	Sicilian Defense: Najdorf Variation
e4 c5 Nf3 d6 d4 cxd4 Nxd4 Nf6 Nc3 a6 Rg1	B90	Défense sicilienne : Variante Najdorf, Attaque Petronić	Sicilian Defense: Najdorf Variation, Petronić Attack
e4 c5 Nf3 d6 d4 cxd4 Nxd4 Nf6 Nc3 a6 f4	B93	Défense sicilienne : Variante Najdorf, Variante Amsterdam	Sicilian Defense: Najdorf Variation, Amsterdam Variation
e4 c5 Nf3 d6 d4 cxd4 Nxd4 Nf6 Nc3 a6 g3	B91	Défense sicilienne : Variante Najdorf, Variante Zagreb	Sicilian Defense: Najdorf Variation, Zagreb Variation
e4 c5 Nf3 d6 d4 cxd4 Nxd4 Nf6 Nc3 a6 g4	B90	Défense sicilienne : Variante Najdorf, Gambit Dekker	Sicilian Defense: Najdorf Variation, Dekker Gambit
e4 c5 Nf3 d6 d4 cxd4 Nxd4 Nf6 Nc3 a6 h3	B90	Défense sicilienne : Variante Najdorf, Attaque Adams	Sicilian Defense: Najdorf Variation, Adams Attack
e4 c5 Nf3 d6 d4 cxd4 Nxd4 Nf6 Nc3 e5 Bb5	B56	Défense sicilienne : Attaque Venice	Sicilian Defense: Venice Attack
e4 c5 Nf3 d6 d4 cxd4 Nxd4 Nf6 Nc3 g6 Be2	B70	Défense sicilienne : Variante Dragon, Variante classique	Sicilian Defense: Dragon Variation, Classical Variation
e4 c5 Nf3 d6 d4 cxd4 Nxd4 Nf6 Nc3 g6 Be3	B72	Défense sicilienne : Variante Dragon	Sicilian Defense: Dragon Variation
e4 c5 Nf3 d6 d4 cxd4 Nxd4 Nf6 Nc3 g6 f4	B71	Défense sicilienne : Variante Dragon, Variante Levenfish	Sicilian Defense: Dragon Variation, Levenfish Variation
e4 c5 Nf3 d6 d4 cxd4 Nxd4 Nf6 Nc3 g6 g3	B70	Défense sicilienne : Variante Dragon, Variante fianchetto	Sicilian Defense: Dragon Variation, Fianchetto Variation
e4 c5 Nf3 d6 d4 cxd4 Nxd4 Nf6 f3 e5 Bb5	B55	Défense sicilienne : Variante Prins, Attaque Venice	Sicilian Defense: Prins Variation, Venice Attack
e4 c5 Nf3 e6 Nc3 a6 g3 b5 d4 cxd4 Nxd4	B40	Défense sicilienne : Variante Kan, Attaque aile, Variante fianchetto	Sicilian Defense: Kan Variation, Wing Attack, Fianchetto Variation
e4 c5 Nf3 e6 d4 cxd4 Nxd4 Nc6 Nc3 Nf6 Nxc6	B45	Défense sicilienne : Variante quatre cavaliers, Variante échange	Sicilian Defense: Four Knights Variation, Exchange Variation
e4 c5 Nf3 e6 d4 cxd4 Nxd4 Nc6 Nc3 Qc7 Be3	B48	Défense sicilienne : Variante Taimanov, Variante Bastrikov, Attaque anglaise	Sicilian Defense: Taimanov Variation, Bastrikov Variation, English Attack
e4 c5 Nf3 e6 d4 cxd4 Nxd4 Nf6 Nc3 Bb4 e5	B40	Défense sicilienne : Variante Pin, Variante Koch	Sicilian Defense: Pin Variation, Koch Variation
e4 c5 Nf3 e6 d4 cxd4 Nxd4 Nf6 Nc3 d6 Bb5	B80	Défense sicilienne : Variante Scheveningen, Variante Vitolins	Sicilian Defense: Scheveningen Variation, Vitolins Variation
e4 c5 Nf3 e6 d4 cxd4 Nxd4 Nf6 Nc3 d6 Bc4	B86	Défense sicilienne : Attaque Sozin	Sicilian Defense: Sozin Attack
e4 c5 Nf3 e6 d4 cxd4 Nxd4 Nf6 Nc3 d6 Be2	B83	Défense sicilienne : Variante Scheveningen, Variante classique	Sicilian Defense: Scheveningen Variation, Classical Variation
e4 c5 Nf3 e6 d4 cxd4 Nxd4 Nf6 Nc3 d6 f4	B82	Défense sicilienne : Variante Scheveningen, Attaque Matanovic	Sicilian Defense: Scheveningen Variation, Matanovic Attack
e4 c5 Nf3 e6 d4 cxd4 Nxd4 Nf6 Nc3 d6 g3	B80	Défense sicilienne : Variante Scheveningen, Variante fianchetto	Sicilian Defense: Scheveningen Variation, Fianchetto Variation
e4 c5 Nf3 e6 d4 cxd4 Nxd4 Nf6 Nc3 d6 g4	B81	Défense sicilienne : Variante Scheveningen, Attaque Keres	Sicilian Defense: Scheveningen Variation, Keres Attack
e4 c5 Nf3 g6 d4 Bg7 dxc5 Qa5 Nc3 Bxc3 bxc3	B27	Défense ptérodactyle : Sicilian, Pteranodon	Pterodactyl Defense: Sicilian, Pteranodon
e4 c5 c3 Nf6 e5 Nd5 Nf3 Nc6 Bc4 Nb6 Bb3	B22	Défense sicilienne : Variante Alapin, Attaque Stoltz	Sicilian Defense: Alapin Variation, Stoltz Attack
e4 c6 d4 d5 Nc3 dxe4 Nxe4 Nd7 Nf3 Ngf6 Ng3	B17	Défense Caro-Kann : Variante Karpov, Variante moderne, Attaque Kasparov	Caro-Kann Defense: Karpov Variation, Modern Variation, Kasparov Attack
e4 c6 d4 d5 Nc3 dxe4 Nxe4 Nf6 Ng5 h6 Nxf7	B15	Défense Caro-Kann : Gambit Alien	Caro-Kann Defense: Alien Gambit
e4 c6 d4 d5 Nc3 dxe4 Nxe4 Nf6 Nxf6 exf6 Bc4	B15	Défense Caro-Kann : Variante Forgacs	Caro-Kann Defense: Forgacs Variation
e4 c6 d4 d5 Nd2 dxe4 Nxe4 Bf5 Ng3 Bg6 Nh3	B18	Défense Caro-Kann : Variante classique, Variante Flohr	Caro-Kann Defense: Classical Variation, Flohr Variation
e4 c6 d4 d5 Nd2 dxe4 Nxe4 Bf5 Ng3 Bg6 f4	B18	Défense Caro-Kann : Variante classique, Attaque Maróczy	Caro-Kann Defense: Classical Variation, Maróczy Attack
e4 c6 d4 d5 Nd2 dxe4 Nxe4 Bf5 Ng3 Bg6 h4	B18	Défense Caro-Kann : Variante classique, ligne principale	Caro-Kann Defense: Classical Variation, Main Line
e4 c6 d4 d5 exd5 cxd5 Bd3 Nc6 c3 Nf6 Bf4	B13	Défense Caro-Kann : Variante échange, Variante Rubinstein	Caro-Kann Defense: Exchange Variation, Rubinstein Variation
e4 c6 d4 d5 f3 dxe4 fxe4 e5 Nf3 exd4 Bc4	B12	Défense Caro-Kann : Variante Maróczy, Gambit Maróczy	Caro-Kann Defense: Maróczy Variation, Maróczy Gambit
e4 d5 exd5 Nf6 d4 Bg4 f3 Bf5 Bb5 Nbd7 Nc3	B01	Défense scandinave : Gambit portugaise, Variante Melbourne Shuffle	Scandinavian Defense: Portuguese Gambit, Melbourne Shuffle Variation
e4 d5 exd5 Nf6 d4 Bg4 f3 Bf5 Bb5 Nbd7 c4	B01	Défense scandinave : Gambit portugaise, Variante Jadoul	Scandinavian Defense: Portuguese Gambit, Jadoul Variation
e4 d5 exd5 Qxd5 Nc3 Qa5 d4 Nf6 Nf3 Bg4 h3	B01	Défense scandinave : Variante Lasker	Scandinavian Defense: Lasker Variation
e4 d6 d4 Nf6 Nc3 g6 f4 Bg7 Nf3 O-O Bd3	B09	Défense Pirc : Attaque autrichienne, Variante Weiss	Pirc Defense: Austrian Attack, Weiss Variation
e4 d6 d4 Nf6 Nc3 g6 f4 Bg7 Nf3 O-O Be3	B09	Défense Pirc : Attaque autrichienne, Variante Kurajica	Pirc Defense: Austrian Attack, Kurajica Variation
e4 d6 d4 Nf6 Nc3 g6 f4 Bg7 Nf3 O-O e5	B09	Défense Pirc : Attaque autrichienne, Attaque Unzicker	Pirc Defense: Austrian Attack, Unzicker Attack
e4 e5 Nc3 Nc6 f4 exf4 Nf3 g5 Bc4 g4 O-O	C25	Partie viennoise : Gambit Hamppe-Muzio	Vienna Game: Hamppe-Muzio Gambit
e4 e5 Nc3 Nc6 f4 exf4 Nf3 g5 h4 g4 Ng5	C25	Vienna gambit, Défense avec Max Lange : Gambit Hamppe-Allgaier	Vienna Gambit, with Max Lange Defense: Hamppe-Allgaier Gambit
e4 e5 Nc3 Nf6 Bc4 Nxe4 Qh5 Nd6 Bb3 Nc6 d4	C27	Partie viennoise : Gambit Adams'	Vienna Game: Adams' Gambit
e4 e5 Nc3 Nf6 f4 d5 fxe5 Nxe4 Nf3 Bg4 Qe2	C29	Partie viennoise : Gambit Vienna, Variante Kaufmann	Vienna Game: Vienna Gambit, Kaufmann Variation
e4 e5 Nc3 Nf6 f4 d5 fxe5 Nxe4 Qf3 f5 d4	C29	Partie viennoise : Variante Heyde	Vienna Game: Heyde Variation
e4 e5 Nc3 Nf6 g3 Bc5 Bg2 Nc6 Nge2 d5 exd5	C26	Partie viennoise : Variante Paulsen, Gambit Pollock	Vienna Game: Paulsen Variation, Pollock Gambit
e4 e5 Nf3 Nc6 Bb5 Nf6 O-O Nxe4 d4 Be7 dxe5	C67	Partie espagnole (Ruy López) : Défense Berlin, Variante Minckwitz	Ruy Lopez: Berlin Defense, Minckwitz Variation
e4 e5 Nf3 Nc6 Bb5 Nf6 O-O Nxe4 d4 Nd6 Ba4	C67	Partie espagnole (Ruy López) : Défense Open Berlin, Variante Showalter	Ruy Lopez: Open Berlin Defense, Showalter Variation
e4 e5 Nf3 Nc6 Bb5 Nf6 O-O Nxe4 d4 Nd6 dxe5	C67	Partie espagnole (Ruy López) : Défense Open Berlin, Variante l'Hermet	Ruy Lopez: Open Berlin Defense, l'Hermet Variation
e4 e5 Nf3 Nc6 Bb5 a6 Ba4 Nf6 O-O Be7 Bxc6	C85	Partie espagnole (Ruy López) : Closed, retardé échange	Ruy Lopez: Closed, Delayed Exchange
e4 e5 Nf3 Nc6 Bb5 a6 Ba4 Nf6 O-O Be7 Nc3	C84	Partie espagnole (Ruy López) : Closed, Attaque Morphy	Ruy Lopez: Closed, Morphy Attack
e4 e5 Nf3 Nc6 Bb5 a6 Ba4 Nf6 O-O Be7 Qe2	C86	Partie espagnole (Ruy López) : Closed, Attaque Worrall	Ruy Lopez: Closed, Worrall Attack
e4 e5 Nf3 Nc6 Bb5 a6 Ba4 Nf6 O-O Be7 d3	C84	Partie espagnole (Ruy López) : Closed, Variante Martinez	Ruy Lopez: Closed, Martinez Variation
e4 e5 Nf3 Nc6 Bb5 a6 Ba4 Nf6 O-O Be7 d4	C84	Partie espagnole (Ruy López) : Closed, Attaque centre	Ruy Lopez: Closed, Center Attack
e4 e5 Nf3 Nc6 Bb5 a6 Ba4 Nf6 O-O Nxe4 Nc3	C80	Partie espagnole (Ruy López) : Open, Variante Knorre	Ruy Lopez: Open, Knorre Variation
e4 e5 Nf3 Nc6 Bb5 a6 Ba4 Nf6 O-O Nxe4 Qe2	C80	Partie espagnole (Ruy López) : Défense Morphy, Variante Tartakower	Ruy Lopez: Morphy Defense, Tartakower Variation
e4 e5 Nf3 Nc6 Bb5 a6 Ba4 Nf6 O-O Nxe4 d4	C80	Partie espagnole (Ruy López) : Open	Ruy Lopez: Open
e4 e5 Nf3 Nc6 Bb5 a6 Ba4 Nf6 d3 d6 c4	C77	Partie espagnole (Ruy López) : Défense Morphy, Variante Duras	Ruy Lopez: Morphy Defense, Duras Variation
e4 e5 Nf3 Nc6 Bb5 a6 Ba4 b5 Bb3 Na5 Bxf7	C70	Partie espagnole (Ruy López) : Défense Morphy, Variante norvégienne, Gambit Nightingale	Ruy Lopez: Morphy Defense, Norwegian Variation, Nightingale Gambit
e4 e5 Nf3 Nc6 Bb5 a6 Ba4 d6 Bxc6 bxc6 d4	C73	Partie espagnole (Ruy López) : Défense Morphy, Défense moderne Steinitz	Ruy Lopez: Morphy Defense, Modern Steinitz Defense
e4 e5 Nf3 Nc6 Bb5 a6 Bxc6 dxc6 Nc3 f6 d3	C68	Partie espagnole (Ruy López) : Variante échange, Variante Romanovsky	Ruy Lopez: Exchange Variation, Romanovsky Variation
e4 e5 Nf3 Nc6 Bb5 d6 d4 Bd7 Nc3 Nf6 Bxc6	C62	Partie espagnole (Ruy López) : Défense Steinitz, Attaque Nimzowitsch	Ruy Lopez: Steinitz Defense, Nimzowitsch Attack
e4 e5 Nf3 Nc6 Bc4 Bc5 Nc3 Nf6 O-O O-O d3	C50	Partie italienne : Giuoco Pianissimo	Italian Game: Giuoco Pianissimo
e4 e5 Nf3 Nc6 Bc4 Bc5 O-O Nf6 d3 a5 c3	C54	Partie italienne : Variante classique, Giuoco Pianissimo, avec a5	Italian Game: Classical Variation, Giuoco Pianissimo, with a5
e4 e5 Nf3 Nc6 Bc4 Bc5 O-O Nf6 d3 h6 c3	C54	Partie italienne : Variante classique, Giuoco Pianissimo	Italian Game: Classical Variation, Giuoco Pianissimo
e4 e5 Nf3 Nc6 Bc4 Bc5 b4 Bb6 a4 a6 Nc3	C51	Partie italienne : Evans gambit refusé, Variante Showalter	Italian Game: Evans Gambit Declined, Showalter Variation
e4 e5 Nf3 Nc6 Bc4 Bc5 b4 Bxb4 c3 Ba5 O-O	C52	Partie italienne : Gambit Evans, Variante Slow	Italian Game: Evans Gambit, Slow Variation
e4 e5 Nf3 Nc6 Bc4 Bc5 c3 Nf6 d3 d6 b4	C54	Partie italienne : Variante classique, Giuoco Pianissimo, Variante Albin	Italian Game: Classical Variation, Giuoco Pianissimo, Albin Variation
e4 e5 Nf3 Nc6 Bc4 Bc5 c3 Nf6 d4 exd4 O-O	C56	Partie italienne : Gambit Scotch, Gambit Walbrodt-Baird	Italian Game: Scotch Gambit, Walbrodt-Baird Gambit
e4 e5 Nf3 Nc6 Bc4 Bc5 c3 Nf6 d4 exd4 b4	C54	Partie italienne : Variante classique, Gambit Greco, Dubov italienne	Italian Game: Classical Variation, Greco Gambit, Dubov Italian
e4 e5 Nf3 Nc6 Bc4 Bc5 c3 Nf6 d4 exd4 cxd4	C54	Partie italienne : Variante classique, Gambit Greco, Traditional ligne	Italian Game: Classical Variation, Greco Gambit, Traditional Line
e4 e5 Nf3 Nc6 Bc4 Bc5 c3 Nf6 d4 exd4 e5	C54	Partie italienne : Variante classique, Gambit Greco, moderne ligne	Italian Game: Classical Variation, Greco Gambit, Modern Line
e4 e5 Nf3 Nc6 Bc4 Bc5 c3 Qe7 d4 Bb6 Bg5	C53	Partie italienne : Variante classique, Variante Mestel	Italian Game: Classical Variation, Mestel Variation
e4 e5 Nf3 Nc6 Bc4 Bc5 d3 Nf6 Nc3 d6 Bg5	C50	Partie italienne : Giuoco Pianissimo, Variante Canal	Italian Game: Giuoco Pianissimo, Canal Variation
e4 e5 Nf3 Nc6 Bc4 Nf6 Ng5 Bc5 Bxf7 Ke7 d4	C57	Partie italienne : Défense deux cavaliers, Variante Traxler, Gambit Trencianske-Teplice	Italian Game: Two Knights Defense, Traxler Variation, Trencianske-Teplice Gambit
e4 e5 Nf3 Nc6 Bc4 Nf6 Ng5 d5 exd5 Na5 Bb5	C58	Partie italienne : Défense deux cavaliers, Défense Polerio, fou Check ligne	Italian Game: Two Knights Defense, Polerio Defense, Bishop Check Line
e4 e5 Nf3 Nc6 Bc4 Nf6 Ng5 d5 exd5 Na5 d3	C58	Partie italienne : Défense deux cavaliers, Défense Polerio, Variante Kieseritzky	Italian Game: Two Knights Defense, Polerio Defense, Kieseritzky Variation
e4 e5 Nf3 Nc6 Bc4 Nf6 Ng5 d5 exd5 Nxd5 Nxf7	C57	Partie italienne : Défense deux cavaliers, Attaque Fried Liver	Italian Game: Two Knights Defense, Fried Liver Attack
e4 e5 Nf3 Nc6 Bc4 Nf6 Ng5 d5 exd5 Nxd5 d4	C57	Partie italienne : Défense deux cavaliers, Attaque Lolli	Italian Game: Two Knights Defense, Lolli Attack
e4 e5 Nf3 Nc6 Bc4 Nf6 O-O Bc5 Nc3 d6 d3	C50	Partie italienne : Giuoco Pianissimo	Italian Game: Giuoco Pianissimo
e4 e5 Nf3 Nc6 Bc4 Nf6 d4 exd4 O-O Nxe4 Nc3	C56	Partie italienne : Gambit Scotch, Gambit Nakhmanson	Italian Game: Scotch Gambit, Nakhmanson Gambit
e4 e5 Nf3 Nc6 Nc3 Nf6 Bb5 Bb4 O-O O-O Bxc6	C49	Partie des quatre cavaliers : Variante espagnole, Variante Nimzowitsch	Four Knights Game: Spanish Variation, Nimzowitsch Variation
e4 e5 Nf3 Nc6 Nc3 Nf6 Bb5 Bb4 O-O O-O d3	C49	Partie des quatre cavaliers : Variante espagnole, Double espagnole	Four Knights Game: Spanish Variation, Double Spanish
e4 e5 Nf3 Nc6 c3 d5 Bb5 dxe4 Nxe5 Qd5 Qa4	C44	Ouverture Ponziani : Variante espagnole, Attaque Harrwitz, Gambit Nikitin	Ponziani Opening: Spanish Variation, Harrwitz Attack, Nikitin Gambit
e4 e5 Nf3 Nc6 d4 exd4 Bc4 Bc5 Ng5 Nh6 Qh5	C44	Partie écossaise : Attaque Vitzthum	Scotch Game: Vitzthum Attack
e4 e5 Nf3 Nc6 d4 exd4 Bc4 Nf6 O-O Bc5 e5	C56	Partie italienne : Défense deux cavaliers, Attaque Max Lange	Italian Game: Two Knights Defense, Max Lange Attack
e4 e5 Nf3 Nc6 d4 exd4 Nxd4 Bc5 Be3 Qf6 Nb5	C45	Partie écossaise : Attaque Blumenfeld	Scotch Game: Blumenfeld Attack
e4 e5 Nf3 Nc6 d4 exd4 Nxd4 Nf6 Nxc6 bxc6 Nd2	C45	Partie écossaise : Variante Tartakower	Scotch Game: Tartakower Variation
e4 e5 Nf3 Nc6 d4 exd4 Nxd4 Nf6 Nxc6 bxc6 e5	C45	Partie écossaise : Variante Mieses	Scotch Game: Mieses Variation
e4 e5 Nf3 Nc6 d4 exd4 Nxd4 Nxd4 Qxd4 d6 Bd3	C45	Partie écossaise : Variante Ghulam-Kassim	Scotch Game: Ghulam-Kassim Variation
e4 e5 Nf3 Nc6 d4 exd4 Nxd4 Qh4 Nb5 Bb4 Bd2	C45	Partie écossaise	Scotch Game
e4 e5 Nf3 Nf6 Nc3 Nc6 Bb5 Nd4 Nxe5 Qe7 f4	C48	Partie des quatre cavaliers : Variante espagnole, Variante Rubinstein	Four Knights Game: Spanish Variation, Rubinstein Variation
e4 e5 Nf3 d6 d4 Nd7 Bc4 c6 O-O Be7 dxe5	C41	Défense Philidor : Variante Hanham, Variante Steiner	Philidor Defense: Hanham Variation, Steiner Variation
e4 e5 Nf3 d6 d4 Nf6 Nc3 Nbd7 Bc4 Be7 Bxf7	C41	Défense Philidor : Variante Lion, fou Sacrifice	Philidor Defense: Lion Variation, Bishop Sacrifice
e4 e5 Nf3 d6 d4 f5 Bc4 exd4 Ng5 Nh6 Nxh7	C41	Défense Philidor : Contre-gambit Lopez, Variante Jaenisch	Philidor Defense: Lopez Countergambit, Jaenisch Variation
e4 e5 Nf3 d6 d4 f5 dxe5 fxe4 Ng5 d5 e6	C41	Défense Philidor : Contre-gambit Philidor, Attaque del Rio	Philidor Defense: Philidor Countergambit, del Rio Attack
e4 e5 Nf3 f5 Nxe5 Qf6 d4 d6 Nc4 fxe4 Be2	C40	Gambit letton accepté : Attaque Bronstein	Latvian Gambit Accepted: Bronstein Attack
e4 e5 Nf3 f5 Nxe5 Qf6 d4 d6 Nc4 fxe4 Ne3	C40	Gambit letton accepté : Attaque Nimzowitsch	Latvian Gambit Accepted: Nimzowitsch Attack
e4 e5 Nf3 f6 Nxe5 fxe5 Qh5 g6 Qxe5 Qe7 Qxh8	C40	Partie du pion roi : Défense Damiano, Gambit Damiano	King's Pawn Game: Damiano Defense, Damiano Gambit
e4 e5 f4 Bc5 Nf3 d6 c3 Bg4 fxe5 dxe5 Qa4	C30	Gambit du roi refusé : Variante classique, Attaque Euwe	King's Gambit Declined: Classical Variation, Euwe Attack
e4 e5 f4 d5 exd5 e4 d3 Nf6 dxe4 Nxe4 Qe2	C32	Gambit du roi refusé : Contre-gambit Falkbeer, Gambit Charousek	King's Gambit Declined: Falkbeer Countergambit, Charousek Gambit
e4 e5 f4 exf4 Bc4 Qh4 Kf1 d5 Bxd5 g5 g3	C33	Gambit du roi accepté : Gambit fou's, Attaque Chigorin's	King's Gambit Accepted: Bishop's Gambit, Chigorin's Attack
e4 e5 f4 exf4 Bc4 Qh4 Kf1 g5 Nc3 Bg7 g3	C33	Gambit du roi accepté : Gambit fou's, Attaque McDonnell	King's Gambit Accepted: Bishop's Gambit, McDonnell Attack
e4 e5 f4 exf4 Nf3 g5 Bc4 Bg7 d4 d6 c3	C38	Gambit du roi accepté : Gambit Mayet	King's Gambit Accepted: Mayet Gambit
e4 e5 f4 exf4 Nf3 g5 Bc4 g4 d4 gxf3 Bxf4	C37	Gambit du roi accepté : Gambit Kotov	King's Gambit Accepted: Kotov Gambit
e4 e5 f4 exf4 Nf3 g5 Bc4 g4 d4 gxf3 Qxf3	C37	Gambit du roi accepté : Gambit Ghulam-Kassim	King's Gambit Accepted: Ghulam-Kassim Gambit
e4 e5 f4 exf4 Nf3 g5 d4 g4 Ne5 Qh4 g3	C37	Gambit du roi accepté : Gambit Rosentreter, Gambit Bird	King's Gambit Accepted: Rosentreter Gambit, Bird Gambit
e4 e5 f4 exf4 Nf3 g5 h4 g4 Ne5 Nf6 d4	C39	Gambit du roi accepté : Gambit Kieseritzky, Défense Berlin, Variante Rubinstein	King's Gambit Accepted: Kieseritzky Gambit, Berlin Defense, Rubinstein Variation
e4 e5 f4 exf4 Nf3 g5 h4 g4 Ng5 h6 Nxf7	C39	Gambit du roi accepté : Gambit Kieseritzky, Gambit Cotter	King's Gambit Accepted: Kieseritzky Gambit, Cotter Gambit
e4 e5 f4 f5 exf5 exf4 Nf3 d5 d4 Bd6 Bd3	C30	Gambit du roi refusé : Contre-gambit Panteldakis, Variante symétrique	King's Gambit Declined: Panteldakis Countergambit, Symmetrical Variation
e4 e5 f4 f5 exf5 exf4 Qh5 g6 fxg6 Qe7 Kd1	C30	Gambit du roi refusé : Contre-gambit Panteldakis, Pawn Sacrifice ligne	King's Gambit Declined: Panteldakis Countergambit, Pawn Sacrifice Line
e4 e6 d4 d5 Nc3 Bb4 Bd3 c5 exd5 Qxd5 Bd2	C15	Défense française : Variante Winawer, Variante Kondratiyev	French Defense: Winawer Variation, Kondratiyev Variation
e4 e6 d4 d5 Nc3 Bb4 a3 Bxc3 bxc3 dxe4 f3	C15	Défense française : Variante Winawer, Gambit Winckelmann-Reimer	French Defense: Winawer Variation, Winckelmann-Reimer Gambit
e4 e6 d4 d5 Nc3 Bb4 e5 c5 Bd2 Ne7 f4	C17	Défense française : Variante Winawer, Variante Bogoljubow, Défense Icelandic	French Defense: Winawer Variation, Bogoljubow Variation, Icelandic Defense
e4 e6 d4 d5 Nc3 Bb4 e5 c5 a3 Bxc3 bxc3	C18	Défense française : Variante Winawer, Variante avancée	French Defense: Winawer Variation, Advance Variation
e4 e6 d4 d5 Nc3 Bb4 exd5 exd5 Bd3 Ne7 Qh5	C15	Défense française : Variante Winawer, Variante échange, Attaque Canal	French Defense: Winawer Variation, Exchange Variation, Canal Attack
e4 e6 d4 d5 Nc3 Nf6 Bg5 Bb4 e5 h6 Bc1	C12	Défense française : Variante McCutcheon, Variante Dr. Olland	French Defense: McCutcheon Variation, Dr. Olland Variation
e4 e6 d4 d5 Nc3 Nf6 Bg5 Bb4 e5 h6 Be3	C12	Défense française : Variante McCutcheon, Variante Janowski	French Defense: McCutcheon Variation, Janowski Variation
e4 e6 d4 d5 Nc3 Nf6 Bg5 Bb4 e5 h6 Bh4	C12	Défense française : Variante McCutcheon, Variante Bernstein	French Defense: McCutcheon Variation, Bernstein Variation
e4 e6 d4 d5 Nc3 Nf6 Bg5 Bb4 e5 h6 exf6	C12	Défense française : Variante McCutcheon, Variante Chigorin	French Defense: McCutcheon Variation, Chigorin Variation
e4 e6 d4 d5 Nc3 Nf6 Bg5 Be7 e5 Nfd7 h4	C13	Défense française : Attaque Alekhine-Chatard	French Defense: Alekhine-Chatard Attack
e4 e6 d4 d5 Nc3 Nf6 e5 Nfd7 f4 c5 Nf3	C11	Défense française : Variante Steinitz	French Defense: Steinitz Variation
e4 e6 d4 d5 Nc3 a6 Nf3 Nf6 e5 Nfd7 Bg5	C14	Défense française : Variante classique	French Defense: Classical Variation
e4 e6 d4 d5 Nc3 a6 Nf3 Nf6 e5 Nfd7 Ne2	C11	Défense française : Variante Steinitz	French Defense: Steinitz Variation
e4 e6 d4 d5 Nc3 a6 Nf3 Nf6 e5 Nfd7 a3	C11	Défense française : Variante Steinitz	French Defense: Steinitz Variation
e4 e6 d4 d5 e5 c5 c3 Nc6 Nf3 Qb6 Bd3	C02	Défense française : Variante avancée, Gambit Milner-Barry	French Defense: Advance Variation, Milner-Barry Gambit
e4 e6 d4 d5 e5 c5 c3 Nc6 Nf3 Qb6 a3	C02	Défense française : Variante avancée, ligne principale	French Defense: Advance Variation, Main Line
Nf3 Nf6 g3 d5 Bg2 c6 O-O Bf5 d3 h6 c4 dxc4	A07	Attaque indienne du roi, avec Bf5	King's Indian Attack, with Bf5
Nf3 Nf6 g3 d5 Bg2 c6 O-O Bf5 d3 h6 c4 e6	A11	Ouverture Réti : Variante Anglo-Slav, avec g3	Réti Opening: Anglo-Slav Variation, with g3
Nf3 d5 g3 Nf6 Bg2 e6 O-O Be7 c4 O-O b3 c5	A14	Ouverture anglaise : Défense Agincourt, Neo-Catalan refusé	English Opening: Agincourt Defense, Neo-Catalan Declined
c4 Nf6 Nc3 d5 cxd5 Nxd5 Nf3 g6 g3 Bg7 Bg2 e5	A16	Ouverture anglaise : Défense Anglo-Grünfeld, Variante Korchnoi	English Opening: Anglo-Grünfeld Defense, Korchnoi Variation
c4 c5 Nc3 Nc6 g3 g6 Bg2 Bg7 Nf3 e5 O-O Nge7	A37	Ouverture anglaise : Variante symétrique, Botvinnik système inversée, avec Nf3	English Opening: Symmetrical Variation, Botvinnik System Reversed, with Nf3
c4 c5 Nc3 Nc6 g3 g6 Bg2 Bg7 Nf3 e5 O-O d6	A37	Ouverture anglaise : Variante symétrique, Botvinnik système inversée, avec Nf3	English Opening: Symmetrical Variation, Botvinnik System Reversed, with Nf3
c4 c5 Nf3 Nc6 Nc3 Nf6 e3 e6 d4 d5 cxd5 exd5	D32	Défense Tarrasch : Variante symétrique	Tarrasch Defense: Symmetrical Variation
c4 c5 Nf3 Nf6 Nc3 d5 cxd5 Nxd5 g3 Nc6 Bg2 Nc7	A34	Ouverture anglaise : Variante symétrique, Variante Rubinstein	English Opening: Symmetrical Variation, Rubinstein Variation
c4 e5 Nc3 Nc6 g3 g6 Bg2 Bg7 e3 d6 Nge2 Be6	A25	Ouverture anglaise : Variante King's anglaise, Variante Bremen-Hort	English Opening: King's English Variation, Bremen-Hort Variation
c4 e5 Nc3 Nc6 g3 g6 Bg2 Bg7 e3 d6 Nge2 Nh6	A25	Ouverture anglaise : Closed, Variante Taimanov	English Opening: Closed, Taimanov Variation
c4 e5 Nc3 Nf6 Nf3 Nc6 g3 Bc5 d3 d6 Bg2 a6	A29	Ouverture anglaise : Variante King's anglaise, Variante quatre cavaliers, fianchetto ligne, avec .. d6, a6	English Opening: King's English Variation, Four Knights Variation, Fianchetto Line, with .. d6, a6
c4 e5 Nc3 Nf6 Nf3 Nc6 g3 Bc5 d3 d6 Bg2 h6	A29	Ouverture anglaise : Variante King's anglaise, Variante quatre cavaliers, fianchetto ligne, avec .. d6, h6	English Opening: King's English Variation, Four Knights Variation, Fianchetto Line, with .. d6, h6
c4 e5 Nc3 Nf6 Nf3 Nc6 g3 d5 cxd5 Nxd5 Bg2 Bc5	A29	Ouverture anglaise : Variante King's anglaise, Variante quatre cavaliers, fianchetto ligne, avec Bc5	English Opening: King's English Variation, Four Knights Variation, Fianchetto Line, with Bc5
c4 e5 Nc3 Nf6 Nf3 Nc6 g3 d5 cxd5 Nxd5 Bg2 Nb6	A29	Ouverture anglaise : Variante King's anglaise, Variante quatre cavaliers, fianchetto ligne, avec Nb6	English Opening: King's English Variation, Four Knights Variation, Fianchetto Line, with Nb6
c4 e5 Nc3 Nf6 g3 Nc6 Bg2 d6 d3 Be7 Nf3 O-O	A29	Ouverture anglaise : Variante King's anglaise, Variante quatre cavaliers, fianchetto ligne, avec .. d6, Be7	English Opening: King's English Variation, Four Knights Variation, Fianchetto Line, with .. d6, Be7
c4 e5 g3 Nf6 Bg2 Nc6 Nc3 Bb4 e4 d6 Nge2 Bg4	A25	Ouverture anglaise : Variante King's anglaise, inversée Closed Sicilian	English Opening: King's English Variation, Reversed Closed Sicilian
c4 e6 Nf3 Nf6 Nc3 c5 d4 Nc6 g3 cxd4 Nxd4 Qb6	A33	Ouverture anglaise : Variante symétrique, Variante Anti-Benoni, Variante Geller	English Opening: Symmetrical Variation, Anti-Benoni Variation, Geller Variation
c4 e6 Nf3 Nf6 Nc3 c5 g3 b6 Bg2 Bb7 O-O Be7	A30	Ouverture anglaise : Variante symétrique, Défense Hedgehog	English Opening: Symmetrical Variation, Hedgehog Defense
c4 e6 Nf3 d5 g3 Nf6 Bg2 Be7 d4 O-O O-O c6	E06	Ouverture catalane : Closed	Catalan Opening: Closed
c4 e6 Nf3 d5 g3 Nf6 Bg2 c5 b3 Nc6 O-O Be7	A13	Ouverture anglaise : Défense Agincourt, Défense Tarrasch	English Opening: Agincourt Defense, Tarrasch Defense
d4 Nf6 Nf3 b6 e3 Bb7 Bd3 e6 Nbd2 c5 b3 Be7	A47	Pseudo-défense indienne de la dame	Pseudo Queen's Indian Defense
d4 Nf6 Nf3 e6 e3 b6 Bd3 Bb7 O-O c5 c4 Be7	E14	Défense indienne de la dame, avec e3	Queen's Indian Defense, with e3
d4 Nf6 Nf3 e6 e3 b6 Bd3 Bb7 O-O c5 c4 g6	E14	Défense indienne de la dame, avec e3	Queen's Indian Defense, with e3
d4 Nf6 Nf3 g6 c4 Bg7 Nc3 O-O e3 d6 Be2 Nc6	E60	Défense indienne du roi : Variante Semi-classique, Variante Hollywood	King's Indian Defense: Semi-Classical Variation, Hollywood Variation
d4 Nf6 Nf3 g6 g3 Bg7 Bg2 O-O O-O d5 c4 Nc6	D77	Défense néo-Grünfeld : Variante classique, Variante Polgar	Neo-Grünfeld Defense: Classical Variation, Polgar Variation
d4 Nf6 Nf3 g6 g3 Bg7 Bg2 O-O O-O d5 c4 dxc4	D77	Défense néo-Grünfeld : Variante classique, Défense moderne	Neo-Grünfeld Defense: Classical Variation, Modern Defense
d4 Nf6 c4 e6 Nc3 Bb4 Bg5 h6 Bh4 c5 d5 b5	E30	Défense nimzo-indienne : Variante Leningrad, Gambit Averbakh	Nimzo-Indian Defense: Leningrad Variation, Averbakh Gambit
d4 Nf6 c4 e6 Nc3 Bb4 Bg5 h6 Bh4 c5 d5 d6	E31	Défense nimzo-indienne : Variante Leningrad, Défense Benoni	Nimzo-Indian Defense: Leningrad Variation, Benoni Defense
d4 Nf6 c4 e6 Nc3 Bb4 Qc2 O-O a3 Bxc3 Qxc3 b5	E32	Défense nimzo-indienne : Variante classique, Gambit Vitolins-Adorjan	Nimzo-Indian Defense: Classical Variation, Vitolins-Adorjan Gambit
d4 Nf6 c4 e6 Nc3 Bb4 Qc2 O-O a3 Bxc3 Qxc3 b6	E32	Défense nimzo-indienne : Variante classique, Défense Keres	Nimzo-Indian Defense: Classical Variation, Keres Defense
d4 Nf6 c4 e6 Nc3 Bb4 Qc2 O-O e3 d5 Nf3 c5	E38	Défense nimzo-indienne : Variante classique, Variante Berlin	Nimzo-Indian Defense: Classical Variation, Berlin Variation
d4 Nf6 c4 e6 Nc3 Bb4 Qc2 d5 a3 Bxc3 Qxc3 Nc6	E36	Défense nimzo-indienne : Variante classique, Variante Noa, Variante Botvinnik	Nimzo-Indian Defense: Classical Variation, Noa Variation, Botvinnik Variation
d4 Nf6 c4 e6 Nc3 Bb4 Qc2 d5 a3 Bxc3 Qxc3 Ne4	E36	Défense nimzo-indienne : Variante classique, Variante Noa, ligne principale	Nimzo-Indian Defense: Classical Variation, Noa Variation, Main Line
d4 Nf6 c4 e6 Nc3 Bb4 Qc2 d5 a3 Bxc3 Qxc3 c5	E36	Défense nimzo-indienne : Variante classique, Gambit Romanishin	Nimzo-Indian Defense: Classical Variation, Romanishin Gambit
d4 Nf6 c4 e6 Nc3 Bb4 a3 Bxc3 bxc3 c5 e3 b6	E26	Défense nimzo-indienne : Variante Sämisch, Variante O'Kelly	Nimzo-Indian Defense: Sämisch Variation, O'Kelly Variation
d4 Nf6 c4 e6 Nc3 Bb4 e3 O-O Bd3 d5 Nf3 b6	E52	Défense nimzo-indienne : Variante Normal, Défense Schlechter	Nimzo-Indian Defense: Normal Variation, Schlechter Defense
d4 Nf6 c4 e6 Nc3 Bb4 e3 O-O Bd3 d5 Nf3 c5	E53	Défense nimzo-indienne : Variante Normal, Système Gligoric	Nimzo-Indian Defense: Normal Variation, Gligoric System
d4 Nf6 c4 e6 Nc3 Bb4 e3 O-O Ne2 d5 a3 Bd6	E46	Défense nimzo-indienne : Variante Simagin	Nimzo-Indian Defense: Simagin Variation
d4 Nf6 c4 e6 Nc3 Bb4 e3 b6 Bd3 Bb7 Nf3 Ne4	E43	Défense nimzo-indienne : Variante St. Petersburg, avec Ne4	Nimzo-Indian Defense: St. Petersburg Variation, with Ne4
d4 Nf6 c4 e6 Nc3 Bb4 e3 b6 Bd3 Bb7 Nf3 O-O	E43	Défense nimzo-indienne : Variante St. Petersburg	Nimzo-Indian Defense: St. Petersburg Variation
d4 Nf6 c4 e6 Nc3 Bb4 e3 b6 Ne2 c5 a3 Ba5	E44	Défense nimzo-indienne : Variante St. Petersburg, Variante Romanishin-Psakhis	Nimzo-Indian Defense: St. Petersburg Variation, Romanishin-Psakhis Variation
d4 Nf6 c4 e6 Nf3 Bb4 Bd2 a5 g3 b6 Bg2 Bb7	E16	Défense indienne de la dame : Variante Yates	Queen's Indian Defense: Yates Variation
d4 Nf6 c4 e6 Nf3 b6 Nc3 Bb4 Bg5 h6 Bh4 Bb7	E13	Défense indienne de la dame : Variante Kasparov	Queen's Indian Defense: Kasparov Variation
d4 Nf6 c4 e6 Nf3 b6 a3 Bb7 Nc3 d5 cxd5 Nxd5	E12	Défense indienne de la dame : Variante Kasparov-Petrosian, Variante moderne	Queen's Indian Defense: Kasparov-Petrosian Variation, Modern Variation
d4 Nf6 c4 e6 Nf3 b6 a3 Bb7 Nc3 d5 cxd5 exd5	E12	Défense indienne de la dame : Variante Kasparov-Petrosian, Variante classique	Queen's Indian Defense: Kasparov-Petrosian Variation, Classical Variation
d4 Nf6 c4 e6 Nf3 b6 g3 Ba6 b3 Bb4 Bd2 Be7	E15	Défense indienne de la dame : Variante fianchetto, Variante Check, Intermezzo ligne	Queen's Indian Defense: Fianchetto Variation, Check Variation, Intermezzo Line
d4 Nf6 c4 e6 Nf3 b6 g3 Ba6 b3 Bb4 Bd2 Qe7	E15	Défense indienne de la dame : Variante fianchetto, Variante Check, moderne ligne	Queen's Indian Defense: Fianchetto Variation, Check Variation, Modern Line
d4 Nf6 c4 e6 Nf3 b6 g3 Bb7 Bg2 Bb4 Bd2 Be7	E16	Défense indienne de la dame : Variante Riumin	Queen's Indian Defense: Riumin Variation
d4 Nf6 c4 e6 Nf3 c5 d5 b5 Bg5 exd5 cxd5 h6	E10	Contre-gambit Blumenfeld : Variante Spielmann	Blumenfeld Countergambit: Spielmann Variation
d4 Nf6 c4 e6 Nf3 c5 d5 b5 dxe6 fxe6 cxb5 d5	E10	Contre-gambit Blumenfeld accepté	Blumenfeld Countergambit Accepted
d4 Nf6 c4 e6 Nf3 c5 d5 exd5 cxd5 d6 Nc3 g6	A61	Défense Benoni	Benoni Defense
d4 Nf6 c4 e6 Nf3 d5 Nc3 Bb4 Bg5 Nbd7 e3 c5	D38	Gambit dame refusé : Variante Westphalian	Queen's Gambit Declined: Westphalian Variation
d4 Nf6 c4 e6 Nf3 d5 Nc3 Be7 Bf4 O-O e3 Nbd7	D37	Gambit dame refusé : Attaque Harrwitz, Défense deux cavaliers	Queen's Gambit Declined: Harrwitz Attack, Two Knights Defense
d4 Nf6 c4 e6 Nf3 d5 Nc3 Be7 Bg5 O-O e3 Nbd7	D60	Gambit dame refusé : Défense Orthodox	Queen's Gambit Declined: Orthodox Defense
d4 Nf6 c4 e6 Nf3 d5 Nc3 Be7 Bg5 O-O e3 h6	D55	Gambit dame refusé : Variante Neo-Orthodox	Queen's Gambit Declined: Neo-Orthodox Variation
d4 Nf6 c4 e6 Nf3 d5 Nc3 Nbd7 Bg5 h6 Bh4 dxc4	D37	Gambit dame refusé : Défense cavalier, Gambit Alekhine	Queen's Gambit Declined: Knight Defense, Alekhine Gambit
d4 Nf6 c4 e6 Nf3 d5 e3 Be7 Nc3 O-O b3 b6	E14	Défense indienne de la dame, avec e3	Queen's Indian Defense, with e3
d4 Nf6 c4 e6 Nf3 d5 e3 Be7 b3 O-O Bd3 b6	E14	Défense indienne de la dame, avec e3	Queen's Indian Defense, with e3
d4 Nf6 c4 e6 Nf3 d5 e3 b6 Nc3 Bd6 cxd5 exd5	D35	Gambit dame refusé : Variante échange	Queen's Gambit Declined: Exchange Variation
d4 Nf6 c4 e6 Nf3 d5 g3 Be7 Bg2 O-O O-O dxc4	E05	Ouverture catalane : Défense Open, classique ligne	Catalan Opening: Open Defense, Classical Line
d4 Nf6 c4 e6 g3 Bb4 Bd2 Be7 Bg2 d5 Nf3 O-O	E11	Défense bogo-indienne : Variante Retreat	Bogo-Indian Defense: Retreat Variation
d4 Nf6 c4 e6 g3 d5 Bg2 Be7 Nf3 O-O O-O Nbd7	E07	Ouverture catalane : Closed	Catalan Opening: Closed
d4 Nf6 c4 e6 g3 d5 Bg2 dxc4 Nf3 Nc6 Qa4 Bb4	E04	Ouverture catalane : Défense Open, Variante moderne Sharp	Catalan Opening: Open Defense, Modern Sharp Variation
d4 Nf6 c4 g6 Nc3 Bg7 Nf3 O-O e3 d6 Be2 c6	E60	Défense indienne du roi : Variante Semi-classique, Variante Benoni	King's Indian Defense: Semi-Classical Variation, Benoni Variation
d4 Nf6 c4 g6 Nc3 Bg7 e4 d6 Be2 O-O Bg5 Na6	E73	Défense indienne du roi : Variante Averbakh, Défense moderne	King's Indian Defense: Averbakh Variation, Modern Defense
d4 Nf6 c4 g6 Nc3 Bg7 e4 d6 Be2 O-O Bg5 Nbd7	E73	Défense indienne du roi : Variante Averbakh, Défense Geller	King's Indian Defense: Averbakh Variation, Geller Defense
d4 Nf6 c4 g6 Nc3 Bg7 e4 d6 Be2 O-O Bg5 Nc6	E73	Défense indienne du roi : Variante Averbakh, Défense Nc6	King's Indian Defense: Averbakh Variation, Nc6 Defense
d4 Nf6 c4 g6 Nc3 Bg7 e4 d6 Be2 O-O Bg5 a6	E73	Défense indienne du roi : Variante Averbakh, Défense espagnole	King's Indian Defense: Averbakh Variation, Spanish Defense
d4 Nf6 c4 g6 Nc3 Bg7 e4 d6 Be2 O-O Bg5 c5	E74	Défense indienne du roi : Variante Averbakh, Défense Benoni	King's Indian Defense: Averbakh Variation, Benoni Defense
d4 Nf6 c4 g6 Nc3 Bg7 e4 d6 Be2 O-O Bg5 h6	E73	Défense indienne du roi : Variante Averbakh, Défense Flexible	King's Indian Defense: Averbakh Variation, Flexible Defense
d4 Nf6 c4 g6 Nc3 Bg7 e4 d6 Nf3 O-O Be2 Na6	E91	Défense indienne du roi : Variante Kazakh	King's Indian Defense: Kazakh Variation
d4 Nf6 c4 g6 Nc3 Bg7 e4 d6 Nf3 O-O Be2 e5	E92	Défense indienne du roi : Variante Orthodox	King's Indian Defense: Orthodox Variation
d4 Nf6 c4 g6 Nc3 Bg7 e4 d6 f3 O-O Be3 Nc6	E83	Défense indienne du roi : Variante Sämisch, Défense Yates	King's Indian Defense: Sämisch Variation, Yates Defense
d4 Nf6 c4 g6 Nc3 Bg7 e4 d6 f3 O-O Be3 b6	E82	Défense indienne du roi : Variante Sämisch, Double fianchetto	King's Indian Defense: Sämisch Variation, Double Fianchetto
d4 Nf6 c4 g6 Nc3 Bg7 e4 d6 f3 O-O Be3 c5	E81	Défense indienne du roi : Variante Sämisch, Gambit Sämisch	King's Indian Defense: Sämisch Variation, Sämisch Gambit
d4 Nf6 c4 g6 Nc3 Bg7 e4 d6 f3 O-O Be3 e5	E85	Défense indienne du roi : Variante Sämisch, Variante Orthodox	King's Indian Defense: Sämisch Variation, Orthodox Variation
d4 Nf6 c4 g6 Nc3 d5 Bg5 Ne4 Nxe4 dxe4 Qd2 c5	D80	Défense Grünfeld : Variante Lundin	Grünfeld Defense: Lundin Variation
d4 Nf6 c4 g6 Nc3 d5 Nf3 Bg7 e3 O-O Qb3 e6	D95	Défense Grünfeld : Variante Botvinnik	Grünfeld Defense: Botvinnik Variation
d4 Nf6 c4 g6 Nf3 Bg7 g3 O-O Bg2 c6 O-O d5	D78	Défense néo-Grünfeld : Variante classique, Défense Original	Neo-Grünfeld Defense: Classical Variation, Original Defense
d4 Nf6 c4 g6 Nf3 Bg7 g3 d6 Bg2 O-O O-O c5	E64	Défense indienne du roi : Variante fianchetto, Système Yugoslav	King's Indian Defense: Fianchetto Variation, Yugoslav System
d4 Nf6 c4 g6 g3 Bg7 Bg2 O-O Nc3 d6 Nf3 Nbd7	E67	Défense indienne du roi : Variante fianchetto, Défense Debrecen	King's Indian Defense: Fianchetto Variation, Debrecen Defense
d4 Nf6 c4 g6 g3 Bg7 Bg2 O-O Nc3 d6 Nf3 Nc6	E62	Défense indienne du roi : Variante fianchetto, Variante Carlsbad	King's Indian Defense: Fianchetto Variation, Carlsbad Variation
d4 Nf6 c4 g6 g3 Bg7 Bg2 O-O Nc3 d6 Nf3 c5	E64	Défense indienne du roi : Variante fianchetto, Variante Yugoslav, Rare ligne	King's Indian Defense: Fianchetto Variation, Yugoslav Variation, Rare Line
d4 d5 Nf3 Nf6 Bg5 e6 e3 c5 c3 Nbd7 Nbd2 Bd6	D03	Partie du pion dame : Attaque Torre	Queen's Pawn Game: Torre Attack
d4 d5 Nf3 Nf6 Bg5 e6 e3 c5 c3 Nbd7 Nbd2 Be7	D03	Partie du pion dame : Attaque Torre	Queen's Pawn Game: Torre Attack
d4 d5 Nf3 Nf6 c4 c6 Nc3 e6 e3 Ne4 Bd3 f5	D45	Défense semi-slave : Défense Stonewall	Semi-Slav Defense: Stonewall Defense
d4 d5 c4 c6 Nc3 Nf6 e3 e6 Nf3 Nbd7 Bd3 Bb4	D46	Défense semi-slave : Variante Romih	Semi-Slav Defense: Romih Variation
d4 d5 c4 c6 Nc3 Nf6 e3 e6 Nf3 Nbd7 Bd3 Bd6	D46	Défense semi-slave : Défense Chigorin	Semi-Slav Defense: Chigorin Defense
d4 d5 c4 c6 Nc3 Nf6 e3 e6 Nf3 Nbd7 Bd3 Be7	D46	Défense semi-slave : Variante Bogoljubow	Semi-Slav Defense: Bogoljubow Variation
d4 d5 c4 c6 Nf3 Nf6 Nc3 dxc4 a4 Bf5 Ne5 e6	D17	Défense slave : Variante tchèque, Variante Wiesbaden	Slav Defense: Czech Variation, Wiesbaden Variation
d4 d5 c4 c6 Nf3 Nf6 Nc3 dxc4 a4 Bf5 e3 Na6	D18	Défense slave : Variante tchèque, Variante Lasker	Slav Defense: Czech Variation, Lasker Variation
d4 d5 c4 c6 Nf3 Nf6 Nc3 e6 Bg5 Nbd7 e3 Qa5	D52	Gambit dame refusé : Défense Cambridge Springs	Queen's Gambit Declined: Cambridge Springs Defense
d4 d5 c4 c6 Nf3 Nf6 Nc3 e6 Bg5 h6 Bxf6 Qxf6	D43	Défense semi-slave : Variante Moscow	Semi-Slav Defense: Moscow Variation
d4 d5 c4 c6 Nf3 Nf6 e3 e6 Nbd2 Nbd7 Bd3 c5	D30	Gambit dame refusé : Variante Semmering	Queen's Gambit Declined: Semmering Variation
d4 d5 c4 c6 Nf3 Nf6 e3 e6 Nbd2 Ne4 Bd3 f5	D30	Gambit dame refusé : Variante Stonewall	Queen's Gambit Declined: Stonewall Variation
d4 d5 c4 c6 cxd5 cxd5 Nc3 Nf6 Nf3 Nc6 Bf4 Bf5	D14	Défense slave : Variante échange, symétrique ligne	Slav Defense: Exchange Variation, Symmetrical Line
d4 d5 c4 dxc4 Nf3 Nf6 e3 e6 Bxc4 Be7 O-O O-O	D26	Gambit dame accepté : Variante Normal, Système Traditional	Queen's Gambit Accepted: Normal Variation, Traditional System
d4 d5 c4 dxc4 Nf3 Nf6 e3 e6 Bxc4 Be7 O-O a6	D26	Gambit dame accepté : Variante Normal, Système Traditional	Queen's Gambit Accepted: Normal Variation, Traditional System
d4 d5 c4 dxc4 Nf3 Nf6 e3 e6 Bxc4 c5 O-O Nc6	D26	Gambit dame accepté : Défense classique, Variante Steinitz, Variante Development	Queen's Gambit Accepted: Classical Defense, Steinitz Variation, Development Variation
d4 d5 c4 dxc4 Nf3 Nf6 e3 e6 Bxc4 c5 O-O a6	D27	Gambit dame accepté : Défense classique, ligne principale	Queen's Gambit Accepted: Classical Defense, Main Line
d4 d5 c4 dxc4 Nf3 Nf6 e3 e6 Bxc4 c5 O-O cxd4	D26	Gambit dame accepté : Défense classique, Variante Steinitz, Variante échange	Queen's Gambit Accepted: Classical Defense, Steinitz Variation, Exchange Variation
d4 d5 c4 e6 Nc3 Be7 Nf3 Nf6 Bf4 O-O e3 b6	D37	Gambit dame refusé : Attaque Harrwitz, Défense fianchetto	Queen's Gambit Declined: Harrwitz Attack, Fianchetto Defense
d4 d5 c4 e6 Nc3 Nf6 Nf3 Be7 Bf4 O-O e3 c6	D37	Gambit dame refusé : Attaque Harrwitz, Défense Orthodox	Queen's Gambit Declined: Harrwitz Attack, Orthodox Defense
d4 d5 c4 e6 Nc3 c5 cxd5 exd5 Nf3 Nc6 Bg5 Be7	D32	Gambit dame refusé : Défense Tarrasch	Queen's Gambit Declined: Tarrasch Defense
d4 d5 c4 e6 Nc3 c5 cxd5 exd5 Nf3 Nc6 g3 Nf6	D33	Défense Tarrasch : Variante Prague	Tarrasch Defense: Prague Variation
d4 d5 c4 e6 Nc3 c5 cxd5 exd5 Nf3 Nc6 g3 c4	D33	Défense Tarrasch : Variante suédoise	Tarrasch Defense: Swedish Variation
d4 d5 c4 e6 Nc3 c5 cxd5 exd5 dxc5 d4 Na4 b5	D32	Défense Tarrasch : Gambit Tarrasch	Tarrasch Defense: Tarrasch Gambit
d4 d5 c4 e6 Nf3 Nf6 Nc3 Nc6 Bg5 Be7 e3 O-O	D53	Gambit dame refusé	Queen's Gambit Declined
d4 f5 c4 Nf6 g3 e6 Bg2 Be7 Nf3 O-O O-O Ne4	A92	Défense hollandaise : Variante Alekhine	Dutch Defense: Alekhine Variation
d4 f5 c4 Nf6 g3 e6 Bg2 Be7 Nf3 O-O O-O d5	A92	Défense hollandaise : Variante Stonewall	Dutch Defense: Stonewall Variation
d4 f5 c4 Nf6 g3 e6 Bg2 Be7 Nf3 O-O O-O d6	A96	Défense hollandaise : Variante classique	Dutch Defense: Classical Variation
d4 f5 c4 e6 Nf3 Nf6 g3 c6 Bg2 d5 O-O Bd6	A90	Défense hollandaise : Variante Stonewall, Variante moderne	Dutch Defense: Stonewall Variation, Modern Variation
d4 g6 c4 Bg7 Nc3 c5 d5 d6 e4 Bxc3 bxc3 Qa5	A40	Défense ptérodactyle : Central, Benoni Beefeater Pterodactyl	Pterodactyl Defense: Central, Benoni Beefeater Pterodactyl
e4 Nf6 e5 Nd5 c4 Nb6 c5 Nd5 Bc4 e6 Nc3 d6	B02	Défense Alekhine : Attaque Two Pawns, Variante Mikenas	Alekhine Defense: Two Pawns Attack, Mikenas Variation
e4 a6 d4 b5 Nf3 Bb7 Bd3 d6 O-O g6 c3 Bg7	B00	Défense Saint-Georges : Variante San Jorge	St. George Defense: San Jorge Variation
e4 c5 Nc3 Nc6 g3 g6 Bg2 Bg7 d3 d6 Nge2 e5	B25	Défense sicilienne : Closed, Défense Botvinnik, avec Nge2	Sicilian Defense: Closed, Botvinnik Defense, with Nge2
e4 c5 Nc3 Nc6 g3 g6 Bg2 Bg7 d3 d6 f4 e5	B25	Défense sicilienne : Closed, Défense Botvinnik, avec f4	Sicilian Defense: Closed, Botvinnik Defense, with f4
e4 c5 Nf3 Nc6 Nc3 e5 Bc4 Be7 d3 d6 Nd2 Bg5	B30	Défense sicilienne : Closed, Variante Anti-Sveshnikov, Kharlov-Kramnik ligne	Sicilian Defense: Closed, Anti-Sveshnikov Variation, Kharlov-Kramnik Line
e4 c5 Nf3 Nc6 d4 cxd4 Nxd4 Nf6 Nc3 d6 Bc4 Qb6	B57	Défense sicilienne : Variante classique, Variante Anti-Sozin	Sicilian Defense: Classical Variation, Anti-Sozin Variation
e4 c5 Nf3 Nc6 d4 cxd4 Nxd4 Nf6 Nc3 d6 Bc4 e6	B88	Défense sicilienne : Attaque Sozin, Variante Leonhardt	Sicilian Defense: Sozin Attack, Leonhardt Variation
e4 c5 Nf3 Nc6 d4 cxd4 Nxd4 Nf6 Nc3 d6 Bg5 g6	B60	Défense sicilienne : Variante Richter-Rauzer, Variante Dragon	Sicilian Defense: Richter-Rauzer Variation, Dragon Variation
e4 c5 Nf3 Nf6 e5 Nd5 Nc3 e6 Nxd5 exd5 d4 Nc6	B29	Défense sicilienne : Variante Nimzowitsch, ligne principale	Sicilian Defense: Nimzowitsch Variation, Main Line
e4 c5 Nf3 d6 c3 Nf6 Be2 Nc6 d4 cxd4 cxd4 Nxe4	B50	Défense sicilienne : Variante retardé Alapin, Gambit Basman-Palatnik	Sicilian Defense: Delayed Alapin Variation, Basman-Palatnik Gambit
e4 c5 Nf3 d6 d4 cxd4 Nxd4 Nf6 Nc3 Nc6 Be2 e5	B58	Défense sicilienne : Variante Boleslavsky	Sicilian Defense: Boleslavsky Variation
e4 c5 Nf3 d6 d4 cxd4 Nxd4 Nf6 Nc3 Nc6 Bg5 Bd7	B60	Défense sicilienne : Variante Richter-Rauzer, Variante moderne	Sicilian Defense: Richter-Rauzer Variation, Modern Variation
e4 c5 Nf3 d6 d4 cxd4 Nxd4 Nf6 Nc3 Nc6 Bg5 e6	B62	Défense sicilienne : Variante Richter-Rauzer	Sicilian Defense: Richter-Rauzer Variation
e4 c5 Nf3 d6 d4 cxd4 Nxd4 Nf6 Nc3 a6 Be2 e6	B84	Défense sicilienne : Variante Scheveningen, Variante classique	Sicilian Defense: Scheveningen Variation, Classical Variation
e4 c5 Nf3 d6 d4 cxd4 Nxd4 Nf6 Nc3 a6 Be3 Ng4	B90	Défense sicilienne : Variante Najdorf, Attaque anglaise, Anti-anglaise	Sicilian Defense: Najdorf Variation, English Attack, Anti-English
e4 c5 Nf3 d6 d4 cxd4 Nxd4 Nf6 Nc3 a6 Bg5 e6	B95	Défense sicilienne : Variante Najdorf	Sicilian Defense: Najdorf Variation
e4 c5 Nf3 d6 d4 cxd4 Nxd4 Nf6 Nc3 g6 f4 Nbd7	B71	Défense sicilienne : Variante Dragon, Variante Levenfish, ligne principale	Sicilian Defense: Dragon Variation, Levenfish Variation, Main Line
e4 c5 Nf3 e6 d4 cxd4 Nxd4 Nc6 Nc3 Nf6 Ndb5 Bc5	B45	Défense sicilienne : Variante quatre cavaliers, Variante Cobra	Sicilian Defense: Four Knights Variation, Cobra Variation
e4 c5 Nf3 e6 d4 cxd4 Nxd4 Nc6 Nc3 Nf6 Ndb5 d6	B45	Défense sicilienne : Variante quatre cavaliers, Sveshnikov Transfer	Sicilian Defense: Four Knights Variation, Sveshnikov Transfer
e4 c5 Nf3 e6 d4 cxd4 Nxd4 Nc6 Nc3 d6 Be2 Nf6	B83	Défense sicilienne : Variante Scheveningen, Variante moderne	Sicilian Defense: Scheveningen Variation, Modern Variation
e4 c5 Nf3 e6 d4 cxd4 Nxd4 Nf6 Nc3 Bb4 Bd3 e5	B40	Défense sicilienne : Variante Pin, Variante Jaffe	Sicilian Defense: Pin Variation, Jaffe Variation
e4 c5 Nf3 g6 d4 Bg7 dxc5 Qa5 Nc3 Bxc3 bxc3 Qxc3	B27	Défense sicilienne : Hyperaccelerated Pterodactyl, Variante échange	Sicilian Defense: Hyperaccelerated Pterodactyl, Exchange Variation
e4 c5 c3 d5 exd5 Qxd5 d4 cxd4 cxd4 Nc6 Nf3 Bg4	B22	Défense sicilienne : Variante Alapin, Défense Barmen, Central échange	Sicilian Defense: Alapin Variation, Barmen Defense, Central Exchange
e4 c5 d4 cxd4 c3 dxc3 Nxc3 Nc6 Nf3 d6 Bc4 e6	B21	Défense sicilienne : Smith-Morra gambit accepté, Formation Scheveningen	Sicilian Defense: Smith-Morra Gambit Accepted, Scheveningen Formation
e4 c5 d4 cxd4 c3 dxc3 Nxc3 Nc6 Nf3 e6 Bc4 Bb4	B21	Défense sicilienne : Smith-Morra gambit accepté, Défense Pin	Sicilian Defense: Smith-Morra Gambit Accepted, Pin Defense
e4 c5 d4 cxd4 c3 dxc3 Nxc3 Nc6 Nf3 e6 Bc4 Bc5	B21	Défense sicilienne : Smith-Morra gambit accepté, Défense Morphy	Sicilian Defense: Smith-Morra Gambit Accepted, Morphy Defense
e4 c5 d4 cxd4 c3 dxc3 Nxc3 Nc6 Nf3 e6 Bc4 Qc7	B21	Défense sicilienne : Smith-Morra gambit accepté, Variante Siberian	Sicilian Defense: Smith-Morra Gambit Accepted, Siberian Variation
e4 c5 d4 cxd4 c3 dxc3 Nxc3 Nc6 Nf3 e6 Bc4 a6	B21	Défense sicilienne : Smith-Morra gambit accepté, Formation Paulsen	Sicilian Defense: Smith-Morra Gambit Accepted, Paulsen Formation
e4 c5 d4 cxd4 c3 dxc3 Nxc3 e6 Bc4 a6 Nf3 Ne7	B21	Défense sicilienne : Smith-Morra gambit accepté, Formation Taimanov	Sicilian Defense: Smith-Morra Gambit Accepted, Taimanov Formation
e4 c6 d4 d5 Nd2 dxe4 Nxe4 Nd7 Bc4 Ngf6 Nxf6 Nxf6	B17	Défense Caro-Kann : Variante Karpov, Attaque Tiviakov-Fischer	Caro-Kann Defense: Karpov Variation, Tiviakov-Fischer Attack
e4 c6 d4 d5 exd5 cxd5 c4 Nf6 Nc3 Nc6 Bg5 Qa5	B13	Défense Caro-Kann : Attaque Panov, Défense moderne, Czerniak ligne	Caro-Kann Defense: Panov Attack, Modern Defense, Czerniak Line
e4 c6 d4 d5 exd5 cxd5 c4 Nf6 Nc3 Nc6 Bg5 Qb6	B13	Défense Caro-Kann : Attaque Panov, Défense moderne, Reifir-Spielmann ligne	Caro-Kann Defense: Panov Attack, Modern Defense, Reifir-Spielmann Line
e4 c6 d4 d5 exd5 cxd5 c4 Nf6 Nc3 Nc6 Bg5 e6	B13	Défense Caro-Kann : Attaque Panov, Défense moderne, Carlsbad ligne	Caro-Kann Defense: Panov Attack, Modern Defense, Carlsbad Line
e4 c6 d4 d5 exd5 cxd5 c4 Nf6 Nc3 Nc6 Nf3 Bg4	B13	Défense Caro-Kann : Attaque Panov, Défense moderne, Mieses ligne	Caro-Kann Defense: Panov Attack, Modern Defense, Mieses Line
e4 c6 d4 d5 exd5 cxd5 c4 Nf6 Nc3 e6 Nf3 Bb4	B14	Défense Caro-Kann : Attaque Panov, ligne principale	Caro-Kann Defense: Panov Attack, Main Line
e4 c6 d4 d5 exd5 cxd5 c4 Nf6 Nc3 g6 cxd5 Bg7	B14	Défense Caro-Kann : Attaque Panov, Défense fianchetto, Gambit fianchetto	Caro-Kann Defense: Panov Attack, Fianchetto Defense, Fianchetto Gambit
e4 d6 d4 Nf6 Nc3 g6 Nf3 Bg7 Be2 O-O O-O Bg4	B08	Défense Pirc : Variante classique, Système calme, Défense Parma	Pirc Defense: Classical Variation, Quiet System, Parma Defense
e4 d6 d4 Nf6 Nc3 g6 Nf3 Bg7 Be2 O-O O-O Nc6	B08	Défense Pirc : Variante classique, Système calme, Chigorin ligne	Pirc Defense: Classical Variation, Quiet System, Chigorin Line
e4 d6 d4 Nf6 Nc3 g6 Nf3 Bg7 Be2 O-O O-O c6	B08	Défense Pirc : Variante classique, Système calme, Défense tchèque	Pirc Defense: Classical Variation, Quiet System, Czech Defense
e4 e5 Bc4 Nf6 d4 exd4 Nf3 d5 exd5 Bb4 c3 Qe7	C24	Ouverture du fou : Gambit Urusov, Variante Panov	Bishop's Opening: Urusov Gambit, Panov Variation
e4 e5 Nc3 Nc6 f4 exf4 Nf3 g5 Bc4 g4 O-O gxf3	C25	Vienna gambit, Défense avec Max Lange : Gambit Hamppe-Muzio	Vienna Gambit, with Max Lange Defense: Hamppe-Muzio Gambit
e4 e5 Nc3 Nc6 f4 exf4 Nf3 g5 h4 g4 Ng5 d6	C25	Vienna gambit, Défense avec Max Lange : Gambit Hamppe-Allgaier, Variante Alapin	Vienna Gambit, with Max Lange Defense: Hamppe-Allgaier Gambit, Alapin Variation
e4 e5 Nc3 Nf6 f4 d5 exd5 e4 d3 Bb4 Bd2 e3	C31	Gambit du roi refusé : Contre-gambit Falkbeer, Gambit Charousek, Défense Morphy	King's Gambit Declined: Falkbeer Countergambit, Charousek Gambit, Morphy Defense
e4 e5 Nf3 Nc6 Bb5 Nf6 O-O Bc5 c3 O-O d4 Bb6	C64	Partie espagnole (Ruy López) : Défense classique, Variante Benelux	Ruy Lopez: Classical Defense, Benelux Variation
e4 e5 Nf3 Nc6 Bb5 Nf6 O-O Nxe4 d4 Be7 Qe2 d5	C67	Partie espagnole (Ruy López) : Défense Berlin, Variante Trifunovic	Ruy Lopez: Berlin Defense, Trifunovic Variation
e4 e5 Nf3 Nc6 Bb5 Nf6 O-O d6 d4 Bd7 Nc3 Be7	C66	Partie espagnole (Ruy López) : Défense Berlin, Variante Hedgehog	Ruy Lopez: Berlin Defense, Hedgehog Variation
e4 e5 Nf3 Nc6 Bb5 Nf6 O-O d6 d4 Bd7 Nc3 exd4	C66	Partie espagnole (Ruy López) : Défense Berlin, Variante Closed Wolf	Ruy Lopez: Berlin Defense, Closed Wolf Variation
e4 e5 Nf3 Nc6 Bb5 a6 Ba4 Nf6 O-O Be7 Re1 d6	C87	Partie espagnole (Ruy López) : Closed, Variante Averbakh	Ruy Lopez: Closed, Averbakh Variation
e4 e5 Nf3 Nc6 Bb5 a6 Ba4 Nf6 O-O Nxe4 Re1 d5	C80	Partie espagnole (Ruy López) : Open, Gambit Skipworth	Ruy Lopez: Open, Skipworth Gambit
e4 e5 Nf3 Nc6 Bb5 a6 Ba4 Nf6 O-O Nxe4 d4 exd4	C80	Partie espagnole (Ruy López) : Open, Variante Riga	Ruy Lopez: Open, Riga Variation
e4 e5 Nf3 Nc6 Bb5 a6 Ba4 Nf6 O-O b5 Bb3 Bb7	C78	Partie espagnole (Ruy López) : Défense Morphy, Variante Arkhangelsk	Ruy Lopez: Morphy Defense, Arkhangelsk Variation
e4 e5 Nf3 Nc6 Bb5 a6 Ba4 Nf6 O-O b5 Bb3 Bc5	C78	Partie espagnole (Ruy López) : Défense Morphy, Variante Neo-Arkhangelsk	Ruy Lopez: Morphy Defense, Neo-Arkhangelsk Variation
e4 e5 Nf3 Nc6 Bb5 a6 Ba4 Nf6 O-O b5 Bb3 d6	C78	Partie espagnole (Ruy López) : Défense Morphy	Ruy Lopez: Morphy Defense
e4 e5 Nf3 Nc6 Bb5 a6 Ba4 d6 Bxc6 bxc6 d4 f6	C73	Partie espagnole (Ruy López) : Défense Morphy, Défense moderne Steinitz	Ruy Lopez: Morphy Defense, Modern Steinitz Defense
e4 e5 Nf3 Nc6 Bb5 a6 Ba4 d6 c3 Bd7 d4 Nge7	C75	Partie espagnole (Ruy López) : Défense Morphy, Défense moderne Steinitz	Ruy Lopez: Morphy Defense, Modern Steinitz Defense
e4 e5 Nf3 Nc6 Bb5 a6 Bxc6 dxc6 O-O Bg4 h3 h5	C69	Partie espagnole (Ruy López) : Variante échange, Gambit Alapin	Ruy Lopez: Exchange Variation, Alapin Gambit
e4 e5 Nf3 Nc6 Bb5 g6 c3 a6 Ba4 d6 d4 Bd7	C76	Partie espagnole (Ruy López) : Défense Morphy, Défense moderne Steinitz, Variante fianchetto	Ruy Lopez: Morphy Defense, Modern Steinitz Defense, Fianchetto Variation
e4 e5 Nf3 Nc6 Bc4 Bc5 O-O Nf6 d3 O-O c3 d5	C54	Partie italienne : Variante classique, Giuoco Pianissimo	Italian Game: Classical Variation, Giuoco Pianissimo
e4 e5 Nf3 Nc6 Bc4 Bc5 O-O Nf6 d3 O-O c3 d6	C54	Partie italienne : Variante classique, Giuoco Pianissimo	Italian Game: Classical Variation, Giuoco Pianissimo
e4 e5 Nf3 Nc6 Bc4 Bc5 O-O Nf6 d3 d6 c3 a6	C54	Partie italienne : Variante classique, Giuoco Pianissimo	Italian Game: Classical Variation, Giuoco Pianissimo
e4 e5 Nf3 Nc6 Bc4 Bc5 O-O Nf6 d3 d6 c3 h6	C54	Partie italienne : Variante classique, Giuoco Pianissimo, avec h6	Italian Game: Classical Variation, Giuoco Pianissimo, with h6
e4 e5 Nf3 Nc6 Bc4 Bc5 b4 Bb6 b5 Na5 Nxe5 Nh6	C51	Partie italienne : Evans gambit refusé, Variante Lange	Italian Game: Evans Gambit Declined, Lange Variation
e4 e5 Nf3 Nc6 Bc4 Bc5 b4 Bb6 b5 Na5 Nxe5 Qg5	C51	Partie italienne : Evans gambit refusé, Variante Hirschbach	Italian Game: Evans Gambit Declined, Hirschbach Variation
e4 e5 Nf3 Nc6 Bc4 Bc5 b4 Bxb4 c3 Ba5 O-O d6	C52	Partie italienne : Gambit Evans	Italian Game: Evans Gambit
e4 e5 Nf3 Nc6 Bc4 Bc5 b4 Bxb4 c3 Ba5 d4 Nf6	C52	Partie italienne : Gambit Evans, Variante Laroche	Italian Game: Evans Gambit, Laroche Variation
e4 e5 Nf3 Nc6 Bc4 Bc5 b4 Bxb4 c3 Ba5 d4 b5	C52	Partie italienne : Gambit Evans, Contre-gambit Leonhardt	Italian Game: Evans Gambit, Leonhardt Countergambit
e4 e5 Nf3 Nc6 Bc4 Bc5 b4 Bxb4 c3 Ba5 d4 d6	C52	Partie italienne : Gambit Evans, Défense Bronstein	Italian Game: Evans Gambit, Bronstein Defense
e4 e5 Nf3 Nc6 Bc4 Bc5 b4 Bxb4 c3 Ba5 d4 exd4	C52	Partie italienne : Gambit Evans, Défense Pierce	Italian Game: Evans Gambit, Pierce Defense
e4 e5 Nf3 Nc6 Bc4 Bc5 b4 Bxb4 c3 Be7 d4 Na5	C51	Partie italienne : Gambit Evans, Variante Anderssen, Cordel ligne	Italian Game: Evans Gambit, Anderssen Variation, Cordel Line
e4 e5 Nf3 Nc6 Bc4 Bc5 c3 Nf6 d3 d6 Nbd2 a6	C54	Partie italienne : Variante classique, Giuoco Pianissimo, avec a6	Italian Game: Classical Variation, Giuoco Pianissimo, with a6
e4 e5 Nf3 Nc6 Bc4 Bc5 c3 Nf6 d4 exd4 e5 d5	C54	Partie italienne : Variante classique, Gambit Greco, moderne ligne	Italian Game: Classical Variation, Greco Gambit, Modern Line
e4 e5 Nf3 Nc6 Bc4 Bc5 c3 d6 d4 exd4 cxd4 Bb6	C53	Partie italienne : Variante classique, Variante La Bourdonnais	Italian Game: Classical Variation, La Bourdonnais Variation
e4 e5 Nf3 Nc6 Bc4 Be7 d4 exd4 c3 Nf6 e5 Ne4	C50	Partie italienne : Défense hongroise, Variante Tartakower	Italian Game: Hungarian Defense, Tartakower Variation
e4 e5 Nf3 Nc6 Bc4 Nf6 Ng5 d5 exd5 Nxd5 d4 Bb4	C57	Partie italienne : Défense deux cavaliers, Variante Pincus	Italian Game: Two Knights Defense, Pincus Variation
e4 e5 Nf3 Nc6 Bc4 Nf6 d4 exd4 e5 d5 Bb5 Ne4	C56	Partie italienne : Gambit Scotch, Attaque Max Lange	Italian Game: Scotch Gambit, Max Lange Attack
e4 e5 Nf3 Nc6 Nc3 Nf6 Bb5 Bb4 O-O O-O d3 Bxc3	C49	Partie des quatre cavaliers : Variante espagnole	Four Knights Game: Spanish Variation
e4 e5 Nf3 Nc6 Nc3 Nf6 Bb5 Bb4 O-O O-O d3 d6	C49	Partie des quatre cavaliers : Variante espagnole, Variante symétrique	Four Knights Game: Spanish Variation, Symmetrical Variation
e4 e5 Nf3 Nc6 Nc3 Nf6 Bb5 Nd4 Ba4 Bc5 Nxe5 O-O	C48	Partie des quatre cavaliers : Variante espagnole, Variante Rubinstein, Gambit Marshall	Four Knights Game: Spanish Variation, Rubinstein Variation, Marshall Gambit
e4 e5 Nf3 Nc6 Nc3 Nf6 Bb5 Nd4 Nxe5 Bc5 O-O O-O	C48	Partie des quatre cavaliers : Variante espagnole, Variante Rubinstein, Variante Marshall	Four Knights Game: Spanish Variation, Rubinstein Variation, Marshall Variation
e4 e5 Nf3 Nc6 Nc3 Nf6 d4 exd4 Nd5 Nxe4 Qe2 f5	C47	Partie des quatre cavaliers : Variante Scotch, Gambit Belgrade, Défense moderne	Four Knights Game: Scotch Variation, Belgrade Gambit, Modern Defense
e4 e5 Nf3 Nc6 d4 exd4 Bc4 Bc5 O-O d6 c3 Bg4	C44	Partie écossaise : Gambit Scotch, Variante Cochrane-Anderssen	Scotch Game: Scotch Gambit, Cochrane-Anderssen Variation
e4 e5 Nf3 Nc6 d4 exd4 Bc4 Nf6 O-O Bc5 e5 Ng4	C56	Partie italienne : Gambit Scotch, Attaque Max Lange, Défense Spielmann	Italian Game: Scotch Gambit, Max Lange Attack, Spielmann Defense
e4 e5 Nf3 Nc6 d4 exd4 Nxd4 Bc5 Be3 Qf6 c3 Qg6	C45	Partie écossaise : Variante classique, Variante Millennium	Scotch Game: Classical Variation, Millennium Variation
e4 e5 Nf3 Nc6 d4 exd4 c3 dxc3 Bc4 Nf6 Nxc3 Bb4	C44	Partie écossaise : Gambit Göring, Variante Bardeleben	Scotch Game: Göring Gambit, Bardeleben Variation
e4 e5 Nf3 Nf6 Nxe5 d6 Nf3 Nxe4 d4 d5 Bd3 Bd6	C42	Défense Petroff (russe) : Attaque classique, Variante Marshall	Petrov's Defense: Classical Attack, Marshall Variation
e4 e5 Nf3 Nf6 Nxe5 d6 Nf3 Nxe4 d4 d5 Bd3 Nc6	C42	Défense Petroff (russe) : Attaque classique, Variante Mason-Showalter	Petrov's Defense: Classical Attack, Mason-Showalter Variation
e4 e5 Nf3 Nf6 d4 exd4 e5 Ne4 Qe2 Nc5 Nxd4 Nc6	C43	Défense Petroff (russe) : Attaque moderne, Variante Bardeleben	Petrov's Defense: Modern Attack, Bardeleben Variation
e4 e5 Nf3 d6 d4 Nf6 Nc3 Nbd7 Bc4 Be7 O-O h6	C41	Défense Philidor : Variante Lion, Lion's Claw, avec Bc4 and h6	Philidor Defense: Lion Variation, Lion's Claw, with Bc4 and h6
e4 e5 Nf3 d6 d4 Nf6 Nc3 Nbd7 Be2 Be7 O-O c6	C41	Défense Philidor : Variante Lion, Lion's Claw, avec Be2 and c6	Philidor Defense: Lion Variation, Lion's Claw, with Be2 and c6
e4 e5 Nf3 f5 Nxe5 Nf6 Bc4 fxe4 Nf7 Qe7 Nxh8 d5	C40	Gambit letton : Gambit Corkscrew	Latvian Gambit: Corkscrew Gambit
e4 e5 Qe2 Nc6 c3 Nf6 Nf3 Bc5 d4 exd4 cxd4 Nxd4	C20	Ouverture du pion roi : Gambit Van Hooydoon	King's Pawn Opening: Van Hooydoon Gambit
e4 e5 Qh5 Nc6 Bc4 Nh6 d3 g6 Qf3 f6 Ne2 d5	C20	Partie du pion roi : Attaque Wayward Queen, Gambit Mellon	King's Pawn Game: Wayward Queen Attack, Mellon Gambit
e4 e5 f4 exf4 Bc4 Qh4 Kf1 Ne7 Nc3 g5 d4 Bg7	C33	Gambit du roi accepté : Gambit fou's, Défense classique	King's Gambit Accepted: Bishop's Gambit, Classical Defense
e4 e5 f4 exf4 Bc4 f5 Qe2 Qh4 Kd1 fxe4 Nc3 Kd8	C33	Gambit du roi accepté : Contre-gambit Lopez-Gianutio, Variante Hein	King's Gambit Accepted: Lopez-Gianutio Countergambit, Hein Variation
e4 e5 f4 exf4 Nf3 d6 Bc4 h6 d4 g5 h4 Bg7	C34	Gambit du roi accepté : Gambit Greco	King's Gambit Accepted: Greco Gambit
e4 e5 f4 exf4 Nf3 g5 Bc4 g4 Ne5 Qh4 Kf1 Nc6	C37	Gambit du roi accepté : Gambit Salvio, Variante Viennese	King's Gambit Accepted: Salvio Gambit, Viennese Variation
e4 e5 f4 exf4 Nf3 g5 Bc4 g4 Ne5 Qh4 Kf1 Nf6	C37	Gambit du roi accepté : Gambit Salvio, Défense Santa Maria	King's Gambit Accepted: Salvio Gambit, Santa Maria Defense
e4 e5 f4 exf4 Nf3 g5 Bc4 g4 Ne5 Qh4 Kf1 Nh6	C37	Gambit du roi accepté : Gambit Salvio, Défense Silberschmidt	King's Gambit Accepted: Salvio Gambit, Silberschmidt Defense
e4 e5 f4 exf4 Nf3 g5 Bc4 g4 Ne5 Qh4 Kf1 f3	C37	Gambit du roi accepté : Gambit Salvio, Gambit Cochrane	King's Gambit Accepted: Salvio Gambit, Cochrane Gambit
e4 e5 f4 exf4 Nf3 g5 Bc4 g4 O-O gxf3 Qxf3 Nc6	C37	Gambit du roi accepté : Gambit Muzio, Défense Holloway	King's Gambit Accepted: Muzio Gambit, Holloway Defense
e4 e5 f4 exf4 Nf3 g5 Bc4 g4 O-O gxf3 Qxf3 Qe7	C37	Gambit du roi accepté : Muzio gambit accepté, Défense From's	King's Gambit Accepted: Muzio Gambit Accepted, From's Defense
e4 e5 f4 exf4 Nf3 g5 Bc4 g4 O-O gxf3 Qxf3 Qf6	C37	Gambit du roi accepté : Gambit Muzio, Défense Sarratt	King's Gambit Accepted: Muzio Gambit, Sarratt Defense
e4 e5 f4 exf4 Nf3 g5 h4 g4 Ne5 Nf6 Nxg4 d5	C39	Gambit du roi accepté : Gambit Kieseritzky, Défense Berlin, Variante de Riviere	King's Gambit Accepted: Kieseritzky Gambit, Berlin Defense, de Riviere Variation
e4 e6 d4 a6 Nf3 b5 Bd3 c5 c3 Bb7 O-O Nf6	C00	Défense française : Défense St. George, Traditional ligne	French Defense: St. George Defense, Traditional Line
e4 e6 d4 d5 Nc3 Bb4 Ne2 dxe4 a3 Bxc3 Nxc3 Nc6	C15	Défense française : Variante Winawer, Gambit Alekhine, Variante Kan	French Defense: Winawer Variation, Alekhine Gambit, Kan Variation
e4 e6 d4 d5 Nc3 Bb4 e5 c5 a3 Ba5 b4 cxd4	C17	Défense française : Variante Winawer, Variante Retreat, Armenian ligne	French Defense: Winawer Variation, Retreat Variation, Armenian Line
e4 e6 d4 d5 Nc3 Bb4 e5 c5 a3 Bxc3 bxc3 Ne7	C18	Défense française : Variante Winawer, Variante avancée	French Defense: Winawer Variation, Advance Variation
e4 e6 d4 d5 Nc3 Bb4 e5 c5 a3 Bxc3 bxc3 Qa5	C18	Défense française : Variante Winawer, Variante Portisch-Hook	French Defense: Winawer Variation, Portisch-Hook Variation
e4 e6 d4 d5 Nc3 Bb4 e5 c5 a3 Bxc3 bxc3 Qc7	C18	Défense française : Variante Winawer, Variante classique	French Defense: Winawer Variation, Classical Variation
e4 e6 d4 d5 Nc3 Bb4 e5 c5 a3 cxd4 axb4 dxc3	C17	Défense française : Variante Winawer, Variante Maróczy-Wallis	French Defense: Winawer Variation, Maróczy-Wallis Variation
e4 e6 d4 d5 Nc3 Nf6 Bg5 Bb4 e5 h6 Bd2 Bxc3	C12	Défense française : Variante McCutcheon, Variante Lasker	French Defense: McCutcheon Variation, Lasker Variation
e4 e6 d4 d5 Nc3 Nf6 Bg5 Bb4 e5 h6 Bd2 Nfd7	C12	Défense française : Variante McCutcheon, Variante Tartakower	French Defense: McCutcheon Variation, Tartakower Variation
e4 e6 d4 d5 Nc3 Nf6 Bg5 Be7 e5 Nfd7 Bxe7 Qxe7	C14	Défense française : Variante classique	French Defense: Classical Variation
e4 e6 d4 d5 Nc3 Nf6 Bg5 Be7 e5 Nfd7 h4 O-O	C13	Défense française : Attaque Alekhine-Chatard, Variante Spielmann	French Defense: Alekhine-Chatard Attack, Spielmann Variation
e4 e6 d4 d5 Nc3 Nf6 Bg5 Be7 e5 Nfd7 h4 a6	C13	Défense française : Attaque Alekhine-Chatard, Variante Maróczy	French Defense: Alekhine-Chatard Attack, Maróczy Variation
e4 e6 d4 d5 Nc3 Nf6 Bg5 Be7 e5 Nfd7 h4 c5	C13	Défense française : Attaque Alekhine-Chatard, Variante Breyer	French Defense: Alekhine-Chatard Attack, Breyer Variation
e4 e6 d4 d5 Nc3 Nf6 Bg5 Be7 e5 Nfd7 h4 f6	C13	Défense française : Attaque Alekhine-Chatard, Variante Teichmann	French Defense: Alekhine-Chatard Attack, Teichmann Variation
e4 e6 d4 d5 Nc3 Nf6 Bg5 Be7 e5 Ng8 Be3 b6	C13	Défense française : Variante classique, Variante Frankfurt	French Defense: Classical Variation, Frankfurt Variation
e4 e6 d4 d5 Nc3 Nf6 Bg5 dxe4 Nxe4 Be7 Bxf6 gxf6	C11	Défense française : Variante classique, Variante Burn, Morozevich ligne	French Defense: Classical Variation, Burn Variation, Morozevich Line
e4 e6 d4 d5 Nc3 Nf6 e5 Nfd7 f4 c5 dxc5 Nc6	C11	Défense française : Variante Steinitz	French Defense: Steinitz Variation
e4 e6 d4 d5 Nd2 Nf6 e5 Nfd7 Bd3 c5 c3 Nc6	C05	Défense française : Variante Tarrasch, Variante Closed	French Defense: Tarrasch Variation, Closed Variation
e4 e6 d4 d5 Nd2 Nf6 e5 Nfd7 Bd3 c5 c3 b6	C05	Défense française : Variante Tarrasch, Variante Botvinnik	French Defense: Tarrasch Variation, Botvinnik Variation
e4 e6 d4 d5 Nd2 c5 exd5 Qxd5 Ngf3 cxd4 Bc4 Qd8	C07	Défense française : Variante Tarrasch, Variante Eliskases	French Defense: Tarrasch Variation, Eliskases Variation
e4 e6 d4 d5 e5 c5 c3 Nc6 Nf3 Qb6 a3 Nh6	C02	Défense française : Variante avancée, Variante Lputian	French Defense: Advance Variation, Lputian Variation
e4 g6 d4 Bg7 Nc3 d6 Nf3 c6 Bg5 Qb6 Qd2 Qxb2	B06	Défense moderne : Variante deux cavaliers, Variante Suttles, Gambit Tal	Modern Defense: Two Knights Variation, Suttles Variation, Tal Gambit
g4 d5 h3 e5 Bg2 c6 d4 e4 c4 Bd6 Nc3 Ne7	A00	Ouverture Grob : Défense Keene, ligne principale	Grob Opening: Keene Defense, Main Line
Nf3 d5 c4 e6 g3 Nf6 Bg2 Be7 O-O O-O b3 c6 Bb2	A14	Ouverture Réti : Variante Anglo-Slav, Variante Bogoljubow, Stonewall ligne	Réti Opening: Anglo-Slav Variation, Bogoljubow Variation, Stonewall Line
Nf3 d5 g3 Nf6 Bg2 e6 O-O Be7 c4 O-O b3 c5 e3	A14	Ouverture anglaise : Défense Agincourt, Neo-Catalan refusé	English Opening: Agincourt Defense, Neo-Catalan Declined
a3 e5 b3 d5 c3 Nf6 d3 Nc6 e3 Bd6 f3 O-O g3	A00	Formation : Attaque Hippopotamus	Formation: Hippopotamus Attack
a3 e5 g3 d5 Bg2 Nf6 d3 Nc6 Nd2 Bd6 e3 O-O h3	A00	Formation : Attaque Shy	Formation: Shy Attack
c4 Nf6 Nf3 c5 Nc3 Nc6 g3 g6 Bg2 Bg7 O-O O-O d4	A39	Ouverture anglaise : Variante symétrique, Variante Mecking	English Opening: Symmetrical Variation, Mecking Variation
c4 Nf6 Nf3 g6 g3 Bg7 Bg2 O-O O-O c5 Nc3 Nc6 d3	A38	Ouverture anglaise : Variante symétrique, Variante Duchamp	English Opening: Symmetrical Variation, Duchamp Variation
c4 c5 Nc3 Nc6 g3 g6 Bg2 Bg7 Nf3 Nf6 O-O O-O b3	A38	Ouverture anglaise : Variante symétrique, Double fianchetto	English Opening: Symmetrical Variation, Double Fianchetto
c4 c5 Nc3 Nc6 g3 g6 Bg2 Bg7 Nf3 e5 O-O Nge7 a3	A37	Ouverture anglaise : Variante symétrique, Botvinnik système inversée, avec Nf3	English Opening: Symmetrical Variation, Botvinnik System Reversed, with Nf3
c4 c5 Nc3 Nc6 g3 g6 Bg2 Bg7 Nf3 e5 O-O Nge7 d3	A37	Ouverture anglaise : Variante symétrique, Botvinnik système inversée, avec Nf3	English Opening: Symmetrical Variation, Botvinnik System Reversed, with Nf3
c4 e5 Nc3 Nf6 Nf3 Nc6 e3 Bb4 Qc2 O-O Nd5 Re8 Qf5	A28	Ouverture anglaise : Variante King's anglaise, Variante quatre cavaliers, calme ligne	English Opening: King's English Variation, Four Knights Variation, Quiet Line
c4 e5 Nc3 Nf6 Nf3 Nc6 g3 Bc5 d3 d6 Bg2 O-O O-O	A29	Ouverture anglaise : Variante King's anglaise, Variante quatre cavaliers, fianchetto ligne, avec .. d6	English Opening: King's English Variation, Four Knights Variation, Fianchetto Line, with .. d6
d4 Nf6 Bg5 Ne4 Bh4 c6 Nd2 Qa5 c3 Nxd2 Qxd2 d5 e4	A45	Attaque Trompowsky : Variante Edge, Gambit Hergert	Trompowsky Attack: Edge Variation, Hergert Gambit
d4 Nf6 Nf3 e6 e3 b6 Bd3 Bb7 O-O Be7 c4 O-O Nc3	E14	Défense indienne de la dame, avec e3	Queen's Indian Defense, with e3
d4 Nf6 c4 c5 d5 b5 cxb5 a6 Nc3 axb5 e4 b4 Nb5	A57	Gambit Benko : Variante Zaitsev, Attaque Nescafe Frappe	Benko Gambit: Zaitsev Variation, Nescafe Frappe Attack
d4 Nf6 c4 c5 d5 b5 cxb5 a6 bxa6 Bxa6 Nc3 d6 e4	A59	Gambit Benko accepté : Yugoslav	Benko Gambit Accepted: Yugoslav
d4 Nf6 c4 c5 d5 b5 cxb5 a6 bxa6 g6 Nc3 Bxa6 f4	A58	Gambit Benko accepté : Variante Central Storming	Benko Gambit Accepted: Central Storming Variation
d4 Nf6 c4 c5 d5 e6 Nc3 exd5 cxd5 d6 e4 g6 f4	A66	Défense Benoni : Variante Pawn Storm	Benoni Defense: Pawn Storm Variation
d4 Nf6 c4 e6 Nc3 Bb4 Qc2 d5 a3 Bxc3 Qxc3 Ne4 Qc2	E37	Défense nimzo-indienne : Variante classique, Variante Noa	Nimzo-Indian Defense: Classical Variation, Noa Variation
d4 Nf6 c4 e6 Nc3 Bb4 e3 O-O Bd3 d5 Nf3 Nc6 O-O	E48	Défense nimzo-indienne : Défense Ragozin	Nimzo-Indian Defense: Ragozin Defense
d4 Nf6 c4 e6 Nc3 Bb4 e3 O-O Bd3 d5 a3 Bxc3 bxc3	E49	Défense nimzo-indienne : Variante Normal, Système Botvinnik	Nimzo-Indian Defense: Normal Variation, Botvinnik System
d4 Nf6 c4 e6 Nc3 Bb4 e3 b6 Bd3 Bb7 Nf3 O-O O-O	E43	Défense nimzo-indienne : Variante St. Petersburg	Nimzo-Indian Defense: St. Petersburg Variation
d4 Nf6 c4 e6 Nc3 Bb4 e3 c5 Ne2 cxd4 exd4 O-O a3	E42	Défense nimzo-indienne : Système Rubinstein, Variante Rubinstein, ligne principale	Nimzo-Indian Defense: Rubinstein System, Rubinstein Variation, Main Line
d4 Nf6 c4 e6 Nc3 Bb4 e3 c5 Ne2 cxd4 exd4 O-O c5	E42	Défense nimzo-indienne : Système Rubinstein, Variante Rubinstein, Attaque Sherbakov	Nimzo-Indian Defense: Rubinstein System, Rubinstein Variation, Sherbakov Attack
d4 Nf6 c4 e6 Nc3 Bb4 f3 d5 a3 Bxc3 bxc3 c5 cxd5	E25	Défense nimzo-indienne : Variante Sämisch	Nimzo-Indian Defense: Sämisch Variation
d4 Nf6 c4 e6 Nc3 d5 Nf3 Be7 Bf4 O-O e3 Nbd7 c5	D37	Gambit dame refusé : Attaque Harrwitz, Défense deux cavaliers, Blockade ligne	Queen's Gambit Declined: Harrwitz Attack, Two Knights Defense, Blockade Line
d4 Nf6 c4 e6 Nf3 Bb4 Nbd2 b6 a3 Bxd2 Qxd2 Bb7 e3	E14	Défense indienne de la dame, avec e3	Queen's Indian Defense, with e3
d4 Nf6 c4 e6 Nf3 b6 Nc3 Bb7 a3 d5 cxd5 Nxd5 e4	E12	Défense indienne de la dame : Variante Kasparov-Petrosian, Gambit Polovodin	Queen's Indian Defense: Kasparov-Petrosian Variation, Polovodin Gambit
d4 Nf6 c4 e6 Nf3 b6 a3 Bb7 Nc3 d5 cxd5 Nxd5 Bd2	E12	Défense indienne de la dame : Variante Kasparov-Petrosian, Attaque Romanishin	Queen's Indian Defense: Kasparov-Petrosian Variation, Romanishin Attack
d4 Nf6 c4 e6 Nf3 b6 a3 Bb7 Nc3 d5 cxd5 Nxd5 Qa4	E12	Défense indienne de la dame : Variante Kasparov-Petrosian, Attaque Rashkovsky	Queen's Indian Defense: Kasparov-Petrosian Variation, Rashkovsky Attack
d4 Nf6 c4 e6 Nf3 b6 a3 Bb7 Nc3 d5 cxd5 Nxd5 Qc2	E12	Défense indienne de la dame : Variante Kasparov-Petrosian, Attaque Kasparov	Queen's Indian Defense: Kasparov-Petrosian Variation, Kasparov Attack
d4 Nf6 c4 e6 Nf3 b6 a3 Bb7 Nc3 d5 cxd5 Nxd5 e3	E12	Défense indienne de la dame : Variante Kasparov-Petrosian, Attaque Petrosian	Queen's Indian Defense: Kasparov-Petrosian Variation, Petrosian Attack
d4 Nf6 c4 e6 Nf3 b6 g3 Bb7 Bg2 Be7 Nc3 Ne4 Bd2	E17	Défense indienne de la dame : Variante Opocensky	Queen's Indian Defense: Opocensky Variation
d4 Nf6 c4 e6 Nf3 b6 g3 Bb7 Bg2 Be7 O-O O-O Nc3	E18	Défense indienne de la dame : Variante classique, Variante Traditional	Queen's Indian Defense: Classical Variation, Traditional Variation
d4 Nf6 c4 e6 Nf3 b6 g3 Bb7 Bg2 Be7 O-O O-O Re1	E17	Défense indienne de la dame : Variante fianchetto, Variante Kramnik	Queen's Indian Defense: Fianchetto Variation, Kramnik Variation
d4 Nf6 c4 e6 Nf3 b6 g3 Bb7 Bg2 Be7 O-O O-O b3	E17	Défense indienne de la dame : Variante Euwe	Queen's Indian Defense: Euwe Variation
d4 Nf6 c4 e6 Nf3 b6 g3 Bb7 Bg2 c5 d5 exd5 Ng5	E15	Défense indienne de la dame : Variante Buerger	Queen's Indian Defense: Buerger Variation
d4 Nf6 c4 e6 Nf3 b6 g3 Bb7 Bg2 c5 d5 exd5 Nh4	E15	Défense indienne de la dame : Variante fianchetto, Variante Rubinstein	Queen's Indian Defense: Fianchetto Variation, Rubinstein Variation
d4 Nf6 c4 e6 Nf3 c5 d5 exd5 cxd5 d6 Nc3 g6 Bg5	A61	Défense Benoni : Variante Uhlmann	Benoni Defense: Uhlmann Variation
d4 Nf6 c4 e6 Nf3 c5 d5 exd5 cxd5 d6 Nc3 g6 Nd2	A61	Défense Benoni : Variante cavalier's Tour	Benoni Defense: Knight's Tour Variation
d4 Nf6 c4 e6 Nf3 c5 d5 exd5 cxd5 d6 Nc3 g6 e4	A70	Défense Benoni : Variante classique	Benoni Defense: Classical Variation
d4 Nf6 c4 e6 Nf3 c5 d5 exd5 cxd5 d6 Nc3 g6 g3	A61	Défense Benoni : Variante fianchetto	Benoni Defense: Fianchetto Variation
d4 Nf6 c4 e6 Nf3 d5 Nc3 Be7 Bg5 O-O e3 Nbd7 Bd3	D60	Gambit dame refusé : Défense Orthodox, Variante Botvinnik	Queen's Gambit Declined: Orthodox Defense, Botvinnik Variation
d4 Nf6 c4 e6 Nf3 d5 Nc3 Be7 Bg5 O-O e3 Nbd7 Rc1	D63	Gambit dame refusé : Défense Orthodox, ligne principale	Queen's Gambit Declined: Orthodox Defense, Main Line
d4 Nf6 c4 e6 Nf3 d5 Nc3 Be7 Bg5 O-O e3 h6 Bxf6	D55	Gambit dame refusé : Variante Anti-Tartakower	Queen's Gambit Declined: Anti-Tartakower Variation
d4 Nf6 c4 e6 Nf3 d5 Nc3 Be7 Bg5 h6 Bh4 O-O e3	D55	Gambit dame refusé : Variante Neo-Orthodox, ligne principale	Queen's Gambit Declined: Neo-Orthodox Variation, Main Line
d4 Nf6 c4 e6 Nf3 d5 Nc3 c5 cxd5 Nxd5 e3 Nc6 Bd3	D42	Gambit dame refusé : Défense Semi-Tarrasch, ligne principale	Queen's Gambit Declined: Semi-Tarrasch Defense, Main Line
d4 Nf6 c4 e6 Nf3 d5 Nc3 c5 cxd5 Nxd5 e4 Nxc3 bxc3	D41	Gambit dame refusé : Défense Semi-Tarrasch, Variante échange	Queen's Gambit Declined: Semi-Tarrasch Defense, Exchange Variation
d4 Nf6 c4 e6 Nf3 d5 Nc3 c5 cxd5 Nxd5 g3 Nc6 Bg2	D41	Gambit dame refusé : Défense Semi-Tarrasch	Queen's Gambit Declined: Semi-Tarrasch Defense
d4 Nf6 c4 e6 g3 Bb4 Bd2 Be7 Bg2 d5 Nf3 O-O O-O	E11	Défense bogo-indienne : Variante Retreat	Bogo-Indian Defense: Retreat Variation
d4 Nf6 c4 e6 g3 d5 Bg2 Be7 Nf3 O-O O-O Nbd7 Qc2	E08	Ouverture catalane : Closed	Catalan Opening: Closed
d4 Nf6 c4 e6 g3 d5 Bg2 dxc4 Qa4 Nbd7 Qxc4 a6 Qc2	E03	Ouverture catalane : Défense Open, Variante Alekhine	Catalan Opening: Open Defense, Alekhine Variation
d4 Nf6 c4 g6 Nc3 Bg7 e4 d6 Be2 O-O Bg5 c5 d5	E74	Défense indienne du roi : Variante Averbakh, Défense Benoni, Variante avancée	King's Indian Defense: Averbakh Variation, Benoni Defense, Advance Variation
d4 Nf6 c4 g6 Nc3 Bg7 e4 d6 Be2 O-O Bg5 c5 dxc5	E74	Défense indienne du roi : Variante Averbakh, Défense Benoni, Variante échange	King's Indian Defense: Averbakh Variation, Benoni Defense, Exchange Variation
d4 Nf6 c4 g6 Nc3 Bg7 e4 d6 Nf3 O-O Be2 e5 Be3	E92	Défense indienne du roi : Variante Orthodox, Système Gligoric-Taimanov	King's Indian Defense: Orthodox Variation, Gligoric-Taimanov System
d4 Nf6 c4 g6 Nc3 Bg7 e4 d6 Nf3 O-O Be2 e5 O-O	E94	Défense indienne du roi : Variante Orthodox	King's Indian Defense: Orthodox Variation
d4 Nf6 c4 g6 Nc3 Bg7 e4 d6 Nf3 O-O Be2 e5 d5	E92	Défense indienne du roi : Variante Petrosian	King's Indian Defense: Petrosian Variation
d4 Nf6 c4 g6 Nc3 Bg7 e4 d6 Nf3 O-O Be2 e5 dxe5	E92	Défense indienne du roi : Variante échange	King's Indian Defense: Exchange Variation
d4 Nf6 c4 g6 Nc3 Bg7 e4 d6 f3 O-O Be3 e5 d5	E87	Défense indienne du roi : Variante Sämisch, Variante Closed	King's Indian Defense: Sämisch Variation, Closed Variation
d4 Nf6 c4 g6 Nc3 Bg7 e4 d6 f3 O-O Bg5 c5 d5	A65	Défense Benoni : King's Pawn ligne, avec Bg5	Benoni Defense: King's Pawn Line, with Bg5
d4 Nf6 c4 g6 Nc3 Bg7 e4 d6 f4 O-O Nf3 c5 Be2	E78	Défense indienne du roi : Attaque Four Pawns, Attaque Fluid	King's Indian Defense: Four Pawns Attack, Fluid Attack
d4 Nf6 c4 g6 Nc3 Bg7 e4 d6 f4 O-O Nf3 c5 d5	E76	Défense indienne du roi : Attaque Four Pawns, Attaque Dynamic	King's Indian Defense: Four Pawns Attack, Dynamic Attack
d4 Nf6 c4 g6 Nc3 Bg7 e4 d6 g3 O-O Bg2 e5 Nge2	E72	Défense indienne du roi : Système Pomar	King's Indian Defense: Pomar System
d4 Nf6 c4 g6 Nc3 d5 Nf3 Bg7 Qb3 dxc4 Qxc4 O-O e4	D97	Défense Grünfeld : Variante russe	Grünfeld Defense: Russian Variation
d4 Nf6 c4 g6 Nc3 d5 cxd5 Nxd5 e4 Nxc3 bxc3 Bg7 Bc4	D86	Défense Grünfeld : Variante échange, Variante classique	Grünfeld Defense: Exchange Variation, Classical Variation
d4 Nf6 c4 g6 Nc3 d5 cxd5 Nxd5 e4 Nxc3 bxc3 Bg7 Nf3	D85	Défense Grünfeld : Variante échange, Variante moderne échange	Grünfeld Defense: Exchange Variation, Modern Exchange Variation
d4 Nf6 c4 g6 Nf3 Bg7 g3 O-O Bg2 d5 cxd5 Nxd5 O-O	D74	Défense néo-Grünfeld : Variante retardé échange	Neo-Grünfeld Defense: Delayed Exchange Variation
d4 Nf6 c4 g6 Nf3 Bg7 g3 O-O Bg2 d6 O-O c5 Nc3	E65	Défense indienne du roi : Variante fianchetto, Variante Yugoslav	King's Indian Defense: Fianchetto Variation, Yugoslav Variation
d4 Nf6 c4 g6 g3 d5 Bg2 Bg7 cxd5 Nxd5 e4 Nb6 Ne2	D72	Défense néo-Grünfeld : avec g3	Neo-Grünfeld Defense: with g3
d4 d5 Nf3 Nf6 c4 c6 e3 e6 Nc3 Nbd7 Qc2 Bd6 b3	D45	Défense semi-slave : Variante Stoltz	Semi-Slav Defense: Stoltz Variation
d4 d5 Nf3 Nf6 c4 e6 Nc3 Be7 Bg5 O-O e3 Nbd7 Qb3	D60	Gambit dame refusé : Défense Orthodox, Variante Rauzer	Queen's Gambit Declined: Orthodox Defense, Rauzer Variation
d4 d5 Nf3 Nf6 e3 e6 Bd3 Bd6 O-O O-O b3 Nbd7 Bb2	D05	Ouverture Rubinstein : Défense Semi-Slav	Rubinstein Opening: Semi-Slav Defense
d4 d5 c4 c6 Nc3 Nf6 e3 e6 Nf3 Nbd7 Bd3 Bd6 Qc2	D46	Défense semi-slave : Défense Chigorin	Semi-Slav Defense: Chigorin Defense
d4 d5 c4 c6 Nc3 Nf6 e3 e6 Nf3 Nbd7 Bd3 dxc4 Bxc4	D47	Défense semi-slave : Variante Semi-Meran	Semi-Slav Defense: Semi-Meran Variation
d4 d5 c4 c6 Nc3 Nf6 e3 e6 Nf3 Nbd7 Qc2 b6 b3	D45	Défense semi-slave : Variante Stoltz	Semi-Slav Defense: Stoltz Variation
d4 d5 c4 c6 Nf3 Nf6 Nc3 dxc4 a4 Bf5 Ne5 Na6 e4	D17	Défense slave : Variante tchèque, Attaque Krause, Gambit Fazekas	Slav Defense: Czech Variation, Krause Attack, Fazekas Gambit
d4 d5 c4 c6 Nf3 Nf6 Nc3 e6 Bg5 Nbd7 e3 Qa5 cxd5	D52	Gambit dame refusé : Défense Cambridge Springs	Queen's Gambit Declined: Cambridge Springs Defense
d4 d5 c4 c6 Nf3 Nf6 Nc3 e6 Bg5 h6 Bxf6 Qxf6 Qb3	D43	Défense semi-slave : Variante Hastings	Semi-Slav Defense: Hastings Variation
d4 d5 c4 c6 Nf3 Nf6 Nc3 e6 e3 Nbd7 Qc2 Bd6 e4	D45	Défense semi-slave : Variante Stoltz, Variante centre	Semi-Slav Defense: Stoltz Variation, Center Variation
d4 d5 c4 c6 Nf3 Nf6 Nc3 e6 e3 Nbd7 Qc2 Bd6 g4	D45	Défense semi-slave : Variante Stoltz, Attaque Shabalov	Semi-Slav Defense: Stoltz Variation, Shabalov Attack
d4 d5 c4 dxc4 Nf3 Nf6 Nc3 c5 d5 e6 e4 exd5 e5	D24	Gambit dame accepté : Défense Gunsberg, Gambit Prianishenmo	Queen's Gambit Accepted: Gunsberg Defense, Prianishenmo Gambit
d4 d5 c4 dxc4 Nf3 Nf6 e3 e6 Bxc4 Be7 O-O O-O Nc3	D26	Gambit dame accepté : Variante Normal, Système Traditional	Queen's Gambit Accepted: Normal Variation, Traditional System
d4 d5 c4 dxc4 Nf3 Nf6 e3 e6 Bxc4 c5 O-O a6 Nc3	D27	Gambit dame accepté : Défense classique, ligne principale	Queen's Gambit Accepted: Classical Defense, Main Line
d4 d5 c4 dxc4 Nf3 Nf6 e3 e6 Bxc4 c5 O-O a6 Qe2	D28	Gambit dame accepté : Défense classique, Système Alekhine	Queen's Gambit Accepted: Classical Defense, Alekhine System
d4 d5 c4 dxc4 Nf3 Nf6 e3 e6 Bxc4 c5 O-O a6 a4	D27	Gambit dame accepté : Défense classique, Variante Rubinstein	Queen's Gambit Accepted: Classical Defense, Rubinstein Variation
d4 d5 c4 dxc4 e3 Nf6 Bxc4 e6 Nf3 c5 O-O a6 e4	D27	Gambit dame accepté : Défense classique, Gambit russe	Queen's Gambit Accepted: Classical Defense, Russian Gambit
d4 d5 c4 e6 Nc3 Nf6 Bg5 Be7 Nf3 c6 e3 dxc4 Bxc4	D53	Gambit dame refusé	Queen's Gambit Declined
d4 d5 c4 e6 Nc3 Nf6 Bg5 Be7 e3 O-O Nf3 Nbd7 Qc2	D61	Gambit dame refusé : Défense Orthodox, Variante Rubinstein	Queen's Gambit Declined: Orthodox Defense, Rubinstein Variation
d4 d5 c4 e6 Nc3 Nf6 Bg5 Nbd7 Nf3 c6 Rc1 Qa5 Bd2	D51	Gambit dame refusé : Variante Rochlin	Queen's Gambit Declined: Rochlin Variation
d4 d5 c4 e6 Nc3 Nf6 Bg5 Nbd7 e3 c6 Nf3 Qa5 Bxf6	D52	Gambit dame refusé : Défense Cambridge Springs, Variante Capablanca	Queen's Gambit Declined: Cambridge Springs Defense, Capablanca Variation
d4 d5 c4 e6 Nc3 c5 cxd5 exd5 Nf3 Nc6 g3 c4 e4	D33	Défense Tarrasch : Variante suédoise, Central Break	Tarrasch Defense: Swedish Variation, Central Break
d4 d5 e4 dxe4 Nc3 Nf6 f3 exf3 Nxf3 g6 Bc4 Bg7 Ne5	D00	Gambit Blackmar-Diemer accepté : Défense Bogoljubow, Attaque Nimzowitsch	Blackmar-Diemer Gambit Accepted: Bogoljubow Defense, Nimzowitsch Attack
d4 d5 e4 dxe4 Nc3 Nf6 f3 exf3 Nxf3 g6 Bc4 Bg7 h4	D00	Gambit Blackmar-Diemer accepté : Défense Bogoljubow, Attaque Mad Dog	Blackmar-Diemer Gambit Accepted: Bogoljubow Defense, Mad Dog Attack
d4 f5 c4 Nf6 g3 e6 Bg2 Be7 Nf3 O-O O-O d5 Nc3	A92	Défense hollandaise : Variante Stonewall	Dutch Defense: Stonewall Variation
d4 f5 c4 Nf6 g3 e6 Bg2 Be7 Nf3 O-O O-O d5 b3	A93	Défense hollandaise : Variante Stonewall, Variante Botvinnik	Dutch Defense: Stonewall Variation, Botvinnik Variation
e4 Nf6 e5 Nd5 c4 Nb6 c5 Nd5 Nc3 Nxc3 dxc3 d6 Bg5	B02	Défense Alekhine : Variante Hunt, Gambit Matsukevich	Alekhine Defense: Hunt Variation, Matsukevich Gambit
e4 Nf6 e5 Nd5 d4 d6 Nf3 g6 Bc4 Nb6 Bb3 Bg7 a4	B04	Défense Alekhine : Variante moderne, Variante Keres	Alekhine Defense: Modern Variation, Keres Variation
e4 Nf6 e5 Nd5 d4 d6 c4 Nb6 f4 dxe5 fxe5 Nc6 Be3	B03	Défense Alekhine : Attaque Four Pawns, ligne principale	Alekhine Defense: Four Pawns Attack, Main Line
e4 c5 Nc3 Nc6 g3 g6 Bg2 Bg7 d3 e6 Be3 Nd4 Nce2	B24	Défense sicilienne : Closed, Variante Smyslov	Sicilian Defense: Closed, Smyslov Variation
e4 c5 Nf3 Nc6 d4 cxd4 Nxd4 Nf6 Nc3 d6 Bc4 e6 Be3	B89	Défense sicilienne : Attaque Sozin, ligne principale	Sicilian Defense: Sozin Attack, Main Line
e4 c5 Nf3 Nc6 d4 cxd4 Nxd4 Nf6 Nc3 d6 Be2 e5 Nb3	B59	Défense sicilienne : Variante Boleslavsky	Sicilian Defense: Boleslavsky Variation
e4 c5 Nf3 Nc6 d4 cxd4 Nxd4 Nf6 Nc3 d6 Be2 e5 Nxc6	B58	Défense sicilienne : Variante Boleslavsky, Variante Louma	Sicilian Defense: Boleslavsky Variation, Louma Variation
e4 c5 Nf3 Nc6 d4 cxd4 Nxd4 Nf6 Nc3 d6 Bg5 Bd7 Qd2	B61	Défense sicilienne : Variante Richter-Rauzer, Variante moderne	Sicilian Defense: Richter-Rauzer Variation, Modern Variation
e4 c5 Nf3 Nc6 d4 cxd4 Nxd4 Nf6 Nc3 d6 Bg5 e6 Nb3	B62	Défense sicilienne : Variante Richter-Rauzer, Variante Podebrady	Sicilian Defense: Richter-Rauzer Variation, Podebrady Variation
e4 c5 Nf3 Nc6 d4 cxd4 Nxd4 g6 Nc3 Bg7 Be3 Nf6 Bc4	B35	Défense sicilienne : Accelerated Dragon, Variante moderne Bc4	Sicilian Defense: Accelerated Dragon, Modern Bc4 Variation
e4 c5 Nf3 d6 Bb5 Bd7 Bxd7 Qxd7 O-O Nc6 c3 Nf6 d4	B52	Défense sicilienne : Variante Moscow, Gambit Haag	Sicilian Defense: Moscow Variation, Haag Gambit
e4 c5 Nf3 d6 d4 cxd4 Nxd4 Nf6 Nc3 Nc6 Bg5 e6 Bb5	B62	Défense sicilienne : Variante Richter-Rauzer, Variante Vitolins	Sicilian Defense: Richter-Rauzer Variation, Vitolins Variation
e4 c5 Nf3 d6 d4 cxd4 Nxd4 Nf6 Nc3 Nc6 Bg5 e6 Nxc6	B62	Défense sicilienne : Variante Richter-Rauzer, Variante échange	Sicilian Defense: Richter-Rauzer Variation, Exchange Variation
e4 c5 Nf3 d6 d4 cxd4 Nxd4 Nf6 Nc3 Nc6 Bg5 e6 Qd2	B63	Défense sicilienne : Variante Richter-Rauzer, Variante Traditional	Sicilian Defense: Richter-Rauzer Variation, Traditional Variation
e4 c5 Nf3 d6 d4 cxd4 Nxd4 Nf6 Nc3 Nc6 Bg5 e6 Qd3	B62	Défense sicilienne : Variante Richter-Rauzer	Sicilian Defense: Richter-Rauzer Variation
e4 c5 Nf3 d6 d4 cxd4 Nxd4 Nf6 Nc3 a6 Be3 e6 Qd2	B80	Défense sicilienne : Variante Scheveningen, Attaque anglaise, avec Qd2	Sicilian Defense: Scheveningen Variation, English Attack, with Qd2
e4 c5 Nf3 d6 d4 cxd4 Nxd4 Nf6 Nc3 a6 Be3 e6 f3	B90	Défense sicilienne : Variante Scheveningen, Attaque anglaise, avec f3	Sicilian Defense: Scheveningen Variation, English Attack, with f3
e4 c5 Nf3 d6 d4 cxd4 Nxd4 Nf6 Nc3 a6 Be3 e6 g4	B90	Défense sicilienne : Variante Scheveningen, Attaque retardé Keres	Sicilian Defense: Scheveningen Variation, Delayed Keres Attack
e4 c5 Nf3 d6 d4 cxd4 Nxd4 Nf6 Nc3 a6 Bg5 e6 f4	B96	Défense sicilienne : Variante Najdorf	Sicilian Defense: Najdorf Variation
e4 c5 Nf3 d6 d4 cxd4 Nxd4 Nf6 Nc3 g6 Be3 Bg7 Be2	B72	Défense sicilienne : Variante Dragon, Variante classique	Sicilian Defense: Dragon Variation, Classical Variation
e4 c5 Nf3 d6 d4 cxd4 Nxd4 Nf6 Nc3 g6 Be3 Bg7 f3	B75	Défense sicilienne : Variante Dragon, Attaque Yugoslav, précoce Deviations	Sicilian Defense: Dragon Variation, Yugoslav Attack, Early Deviations
e4 c5 Nf3 e6 c3 d5 exd5 exd5 Bb5 Nc6 O-O Bd6 d4	B22	Défense sicilienne : Variante retardé Alapin	Sicilian Defense: Delayed Alapin Variation
e4 c5 Nf3 e6 d4 cxd4 Nxd4 Nc6 Nc3 Nf6 Ndb5 Bb4 Nd6	B45	Défense sicilienne : Variante quatre cavaliers, Attaque American	Sicilian Defense: Four Knights Variation, American Attack
e4 c5 Nf3 e6 d4 cxd4 Nxd4 Nc6 Nc3 Qc7 Be3 a6 Be2	B49	Défense sicilienne : Variante Taimanov, Variante Bastrikov	Sicilian Defense: Taimanov Variation, Bastrikov Variation
e4 c5 Nf3 e6 d4 cxd4 Nxd4 a6 Nc3 b5 Bd3 Qb6 Nf3	B43	Défense sicilienne : Variante Kan, Attaque aile, Attaque Spraggett	Sicilian Defense: Kan Variation, Wing Attack, Spraggett Attack
e4 c5 b4 cxb4 a3 d5 exd5 Qxd5 Nf3 e5 c4 Qe6 Bd3	B20	Défense sicilienne : Gambit aile, Gambit Nanu	Sicilian Defense: Wing Gambit, Nanu Gambit
e4 c6 d4 d5 Nd2 dxe4 Nxe4 Bf5 Ng5 Bg6 N1f3 h6 Ne6	B18	Défense Caro-Kann : Gambit Martian	Caro-Kann Defense: Martian Gambit
e4 c6 d4 d5 e5 Bf5 Nc3 e6 g4 Bg6 Nge2 c5 h4	B12	Défense Caro-Kann : Variante avancée, Attaque Van der Wiel	Caro-Kann Defense: Advance Variation, Van der Wiel Attack
e4 c6 d4 d5 exd5 cxd5 c4 Nf6 Nc3 Nc6 Nf3 e6 c5	B14	Défense Caro-Kann : Attaque Panov	Caro-Kann Defense: Panov Attack
e4 d5 exd5 Qxd5 Nc3 Qa5 d4 Nf6 Nf3 Bf5 Ne5 c6 g4	B01	Défense scandinave : Variante Grünfeld	Scandinavian Defense: Grünfeld Variation
e4 d5 exd5 Qxd5 Nc3 Qa5 d4 e5 dxe5 Nc6 Nf3 Bb4 Bd2	B01	Défense scandinave : Contre-attaque Anderssen, Attaque Orthodox	Scandinavian Defense: Anderssen Counterattack, Orthodox Attack
e4 d6 d4 Nf6 Nc3 Nbd7 Nf3 e5 Bc4 Be7 dxe5 dxe5 Bxf7	C41	Défense Philidor : Variante Lion, retardé fou Sacrifice	Philidor Defense: Lion Variation, Delayed Bishop Sacrifice
e4 d6 d4 Nf6 Nc3 g6 f4 Bg7 Nf3 O-O e5 Nfd7 h4	B09	Défense Pirc : Attaque autrichienne, Attaque Unzicker, Variante Bronstein	Pirc Defense: Austrian Attack, Unzicker Attack, Bronstein Variation
e4 e5 Nc3 Nf6 Bc4 Nxe4 Qh5 Nd6 Bb3 Be7 Nf3 Nc6 Nxe5	C27	Partie viennoise : Variante Stanley, Variante Alekhine	Vienna Game: Stanley Variation, Alekhine Variation
e4 e5 Nf3 Nc6 Bb5 Nf6 O-O Bc5 c3 O-O d4 Bb6 Bg5	C64	Partie espagnole (Ruy López) : Variante classique, moderne ligne principale	Ruy Lopez: Classical Variation, Modern Main Line
e4 e5 Nf3 Nc6 Bb5 Nf6 O-O d6 d4 Bd7 Nc3 Be7 Bg5	C66	Partie espagnole (Ruy López) : Défense Berlin, Variante Closed Bernstein	Ruy Lopez: Berlin Defense, Closed Bernstein Variation
e4 e5 Nf3 Nc6 Bb5 Nf6 O-O d6 d4 Bd7 Nc3 Be7 Bxc6	C66	Partie espagnole (Ruy López) : Défense Berlin, Variante Closed Showalter	Ruy Lopez: Berlin Defense, Closed Showalter Variation
e4 e5 Nf3 Nc6 Bb5 a6 Ba4 Nf6 O-O Be7 Re1 b5 Bb3	C88	Partie espagnole (Ruy López) : Closed	Ruy Lopez: Closed
e4 e5 Nf3 Nc6 Bb5 a6 Ba4 Nf6 O-O Nxe4 d4 b5 Bb3	C80	Partie espagnole (Ruy López) : Open	Ruy Lopez: Open
e4 e5 Nf3 Nc6 Bb5 a6 Ba4 Nf6 O-O Nxe4 d4 b5 Nxe5	C80	Partie espagnole (Ruy López) : Open, Attaque Friess	Ruy Lopez: Open, Friess Attack
e4 e5 Nf3 Nc6 Bb5 a6 Ba4 Nf6 O-O Nxe4 d4 b5 d5	C80	Partie espagnole (Ruy López) : Open, Variante Richter	Ruy Lopez: Open, Richter Variation
e4 e5 Nf3 Nc6 Bb5 a6 Ba4 Nf6 O-O b5 Bb3 Be7 a4	C78	Partie espagnole (Ruy López) : Défense Morphy, Attaque aile	Ruy Lopez: Morphy Defense, Wing Attack
e4 e5 Nf3 Nc6 Bb5 a6 Ba4 d6 c3 f5 exf5 Bxf5 O-O	C74	Partie espagnole (Ruy López) : Défense Morphy, Défense moderne Steinitz	Ruy Lopez: Morphy Defense, Modern Steinitz Defense
e4 e5 Nf3 Nc6 Bc4 Bc5 O-O Nf6 d3 d6 c3 a6 Re1	C54	Partie italienne : Variante classique, Giuoco Pianissimo	Italian Game: Classical Variation, Giuoco Pianissimo
e4 e5 Nf3 Nc6 Bc4 Bc5 O-O Nf6 d3 d6 c3 a6 a4	C54	Partie italienne : Variante classique, Giuoco Pianissimo	Italian Game: Classical Variation, Giuoco Pianissimo
e4 e5 Nf3 Nc6 Bc4 Bc5 O-O Nf6 d3 d6 c3 h6 Nbd2	C54	Partie italienne : Variante classique, Giuoco Pianissimo	Italian Game: Classical Variation, Giuoco Pianissimo
e4 e5 Nf3 Nc6 Bc4 Bc5 O-O Nf6 d3 d6 c3 h6 Re1	C54	Partie italienne : Variante classique, Giuoco Pianissimo	Italian Game: Classical Variation, Giuoco Pianissimo
e4 e5 Nf3 Nc6 Bc4 Bc5 b4 Bxb4 c3 Ba5 d4 d6 Bg5	C52	Partie italienne : Gambit Evans, Variante Sokolsky	Italian Game: Evans Gambit, Sokolsky Variation
e4 e5 Nf3 Nc6 Bc4 Bc5 b4 Bxb4 c3 Ba5 d4 d6 Qb3	C52	Partie italienne : Gambit Evans, Attaque Tartakower	Italian Game: Evans Gambit, Tartakower Attack
e4 e5 Nf3 Nc6 Bc4 Bc5 c3 Nf6 d3 d6 Nbd2 O-O O-O	C54	Partie italienne : Variante classique, Giuoco Pianissimo	Italian Game: Classical Variation, Giuoco Pianissimo
e4 e5 Nf3 Nc6 Bc4 Bc5 c3 Nf6 d4 exd4 cxd4 Bb4 Kf1	C54	Partie italienne : Giuoco Piano, Variante Cracow	Italian Game: Giuoco Piano, Cracow Variation
e4 e5 Nf3 Nc6 Bc4 Bc5 c3 Nf6 d4 exd4 cxd4 Bb4 Nc3	C54	Partie italienne : Giuoco Piano, Attaque Greco's	Italian Game: Giuoco Piano, Greco's Attack
e4 e5 Nf3 Nc6 Bc4 Bc5 c3 Qe7 d4 Bb6 d5 Nb8 d6	C53	Partie italienne : Variante classique, Variante Eisinger	Italian Game: Classical Variation, Eisinger Variation
e4 e5 Nf3 Nc6 Bc4 Nf6 Ng5 Bc5 Nxf7 Bxf2 Kxf2 Nxe4 Ke3	C57	Partie italienne : Défense deux cavaliers, Contre-attaque Traxler, King March ligne	Italian Game: Two Knights Defense, Traxler Counterattack, King March Line
e4 e5 Nf3 Nc6 Bc4 Nf6 Ng5 d5 exd5 b5 Bf1 h6 Nxf7	C57	Partie italienne : Défense deux cavaliers, Variante Ulvestad, Gambit Kurkin	Italian Game: Two Knights Defense, Ulvestad Variation, Kurkin Gambit
e4 e5 Nf3 Nc6 Bc4 Nf6 d4 exd4 O-O Bc5 e5 Ng4 c3	C56	Partie italienne : Défense deux cavaliers, Attaque Max Lange, Variante Krause	Italian Game: Two Knights Defense, Max Lange Attack, Krause Variation
e4 e5 Nf3 Nc6 Nc3 Nf6 Bb5 Bb4 O-O O-O d3 d6 Ne2	C49	Partie des quatre cavaliers : Variante espagnole, Variante symétrique	Four Knights Game: Spanish Variation, Symmetrical Variation
e4 e5 Nf3 Nc6 Nc3 Nf6 g3 d5 exd5 Nxd5 Bg2 Nxc3 bxc3	C47	Partie des quatre cavaliers : Système Glek	Four Knights Game: Glek System
e4 e5 Nf3 Nc6 d4 exd4 Bc4 Bb4 c3 dxc3 bxc3 Ba5 e5	C44	Partie écossaise : Variante Cochrane	Scotch Game: Cochrane Variation
e4 e5 Nf3 Nc6 d4 exd4 Bc4 Nf6 O-O Nxe4 Re1 d5 Nc3	C56	Partie italienne : Gambit Scotch, Variante Canal	Italian Game: Scotch Gambit, Canal Variation
e4 e5 Nf3 Nc6 d4 exd4 Nxd4 Bc5 Be3 Qf6 c3 Nge7 Bb5	C45	Partie écossaise : Attaque Paulsen	Scotch Game: Paulsen Attack
e4 e5 Nf3 Nc6 d4 exd4 Nxd4 Bc5 Be3 Qf6 c3 Nge7 Nc2	C45	Partie écossaise : Variante Meitner	Scotch Game: Meitner Variation
e4 e5 Nf3 Nc6 d4 exd4 Nxd4 Bc5 Be3 Qf6 c3 Nge7 Qd2	C45	Partie écossaise : Variante classique, Attaque Blackburne	Scotch Game: Classical Variation, Blackburne Attack
e4 e5 Nf3 d6 d4 Nf6 Nc3 Nbd7 Bc4 Be7 Ng5 O-O Bxf7	C41	Défense Philidor : Nimzowitsch, Variante Larobok	Philidor Defense: Nimzowitsch, Larobok Variation
e4 e5 Nf3 d6 d4 f5 dxe5 fxe4 Ng5 d5 e6 Bc5 Nc3	C41	Défense Philidor : Contre-gambit Philidor, Variante Berger	Philidor Defense: Philidor Countergambit, Berger Variation
e4 e5 Nf3 f5 Nxe5 Qf6 d4 d6 Nc4 fxe4 Qh5 g6 Qe2	C40	Gambit letton accepté : Gambit Bronstein	Latvian Gambit Accepted: Bronstein Gambit
e4 e5 f4 Bc5 Nf3 d6 c3 f5 fxe5 dxe5 d4 exd4 Bc4	C30	Gambit du roi refusé : classique, Variante Réti	King's Gambit Declined: Classical, Réti Variation
e4 e5 f4 exf4 Bc4 Qh4 Kf1 g5 Nc3 Bg7 d4 Ne7 g3	C33	Gambit du roi accepté : Gambit fou's, Attaque McDonnell	King's Gambit Accepted: Bishop's Gambit, McDonnell Attack
e4 e5 f4 exf4 Bc4 Qh4 Kf1 g5 Nc3 Bg7 d4 d6 e5	C33	Gambit du roi accepté : Gambit fou's, Attaque Grimm	King's Gambit Accepted: Bishop's Gambit, Grimm Attack
e4 e5 f4 exf4 Bc4 Qh4 Kf1 g5 Nc3 Bg7 g3 fxg3 Qf3	C33	Gambit du roi accepté : Gambit fou's, Variante Fraser	King's Gambit Accepted: Bishop's Gambit, Fraser Variation
e4 e5 f4 exf4 Nf3 Be7 Bc4 Bh4 g3 fxg3 O-O gxh2 Kh1	C35	Gambit du roi accepté : Défense Cunningham, Gambit Bertin	King's Gambit Accepted: Cunningham Defense, Bertin Gambit
e4 e5 f4 exf4 Nf3 g5 Bc4 g4 O-O gxf3 Qxf3 Qf6 Nc3	C37	Gambit du roi accepté : Gambit Double Muzio, Gambit Bello	King's Gambit Accepted: Double Muzio Gambit, Bello Gambit
e4 e5 f4 exf4 Nf3 g5 h4 g4 Ne5 Qe7 d4 f5 Bc4	C39	Gambit du roi accepté : Kieseritzky, Défense Salvio, Variante Cozio	King's Gambit Accepted: Kieseritzky, Salvio Defense, Cozio Variation
e4 e5 f4 exf4 Nf3 g5 h4 g4 Ne5 d5 d4 Nf6 Bxf4	C39	Gambit du roi accepté : Gambit Kieseritzky, Défense Brentano	King's Gambit Accepted: Kieseritzky Gambit, Brentano Defense
e4 e5 f4 exf4 Nf3 g5 h4 g4 Ng5 h6 Nxf7 Kxf7 Bc4	C39	Gambit du roi accepté : Gambit Allgaier, Attaque Urusov	King's Gambit Accepted: Allgaier Gambit, Urusov Attack
e4 e5 f4 exf4 Nf3 g5 h4 g4 Ng5 h6 Nxf7 Kxf7 Nc3	C39	Gambit du roi accepté : Allgaier, Gambit Blackburne	King's Gambit Accepted: Allgaier, Blackburne Gambit
e4 e5 f4 exf4 Nf3 g5 h4 g4 Ng5 h6 Nxf7 Kxf7 d4	C39	Gambit du roi accepté : Gambit Allgaier, Attaque Thorold	King's Gambit Accepted: Allgaier Gambit, Thorold Attack
e4 e5 f4 exf4 Nf3 h6 Bc4 d6 d4 g5 h4 Bg7 Qd3	C38	Gambit du roi accepté : Gambit Philidor, Variante Schultz	King's Gambit Accepted: Philidor Gambit, Schultz Variation
e4 e6 d4 d5 Nc3 Bb4 Bd2 dxe4 Qg4 Nf6 Qxg7 Rg8 Qh6	C15	Défense française : Variante Winawer, Variante Fingerslip, ligne principale	French Defense: Winawer Variation, Fingerslip Variation, Main Line
e4 e6 d4 d5 Nc3 Bb4 e5 Ne7 a3 Bxc3 bxc3 c5 a4	C19	Défense française : Variante Winawer, Variante avancée, Variante Smyslov	French Defense: Winawer Variation, Advance Variation, Smyslov Variation
e4 e6 d4 d5 Nc3 Bb4 e5 c5 a3 Bxc3 bxc3 Ne7 Bd3	C18	Défense française : Variante Winawer, Variante avancée, avec Bd3	French Defense: Winawer Variation, Advance Variation, with Bd3
e4 e6 d4 d5 Nc3 Bb4 e5 c5 a3 Bxc3 bxc3 Ne7 Nf3	C19	Défense française : Variante Winawer, Variante Positional	French Defense: Winawer Variation, Positional Variation
e4 e6 d4 d5 Nc3 Bb4 e5 c5 a3 Bxc3 bxc3 Ne7 h4	C18	Défense française : Variante Winawer, Variante avancée, avec h4	French Defense: Winawer Variation, Advance Variation, with h4
e4 e6 d4 d5 Nc3 Bb4 e5 c5 a3 cxd4 axb4 dxc3 Nf3	C17	Défense française : Variante Winawer, Variante avancée	French Defense: Winawer Variation, Advance Variation
e4 e6 d4 d5 Nc3 Nf6 Bg5 Be7 Bxf6 Bxf6 e5 Be7 Qg4	C13	Défense française : Variante classique, Attaque Richter	French Defense: Classical Variation, Richter Attack
e4 e6 d4 d5 Nc3 Nf6 Bg5 Be7 e5 Nfd7 Bxe7 Qxe7 Bd3	C14	Défense française : Variante classique, Variante Tarrasch	French Defense: Classical Variation, Tarrasch Variation
e4 e6 d4 d5 Nc3 Nf6 Bg5 Be7 e5 Nfd7 Bxe7 Qxe7 Nb5	C14	Défense française : Variante classique, Variante Alapin	French Defense: Classical Variation, Alapin Variation
e4 e6 d4 d5 Nc3 Nf6 Bg5 Be7 e5 Nfd7 Bxe7 Qxe7 Qd2	C14	Défense française : Variante classique, Variante Rubinstein	French Defense: Classical Variation, Rubinstein Variation
e4 e6 d4 d5 Nc3 Nf6 Bg5 Be7 e5 Nfd7 Bxe7 Qxe7 Qg4	C14	Défense française : Variante classique, Variante Pollock	French Defense: Classical Variation, Pollock Variation
e4 e6 d4 d5 Nc3 Nf6 Bg5 Be7 e5 Nfd7 Bxe7 Qxe7 f4	C14	Défense française : Variante classique, Variante Steinitz	French Defense: Classical Variation, Steinitz Variation
e4 e6 d4 d5 Nc3 Nf6 e5 Nfd7 f4 c5 Nf3 Nc6 Be3	C11	Défense française : Variante Steinitz, Variante Boleslavsky	French Defense: Steinitz Variation, Boleslavsky Variation
e4 e6 d4 d5 Nc3 Nf6 e5 Nfd7 f4 c5 dxc5 Bxc5 Qg4	C11	Défense française : Variante Steinitz, Variante Bradford attaque	French Defense: Steinitz Variation, Bradford Attack Variation
e4 e6 d4 d5 Nc3 dxe4 Nxe4 Nd7 Nf3 Ngf6 Nxf6 Nxf6 Ne5	C10	Défense française : Variante Rubinstein, Capablanca ligne	French Defense: Rubinstein Variation, Capablanca Line
e4 e6 d4 d5 Nd2 dxe4 Nxe4 Nd7 Nf3 Ngf6 Nxf6 Nxf6 c3	C10	Défense française : Variante Rubinstein, Attaque Kasparov	French Defense: Rubinstein Variation, Kasparov Attack
e4 e6 d4 d5 e5 c5 c3 Nc6 Nf3 Qb6 Bd3 cxd4 O-O	C02	Défense française : Variante avancée, Gambit Milner-Barry, Variante Hector	French Defense: Advance Variation, Milner-Barry Gambit, Hector Variation
Nf3 d5 e3 Nf6 c4 c6 Nc3 e6 b3 Bd6 Bb2 O-O d4 Nbd7	D45	Défense semi-slave : Variante Normal	Semi-Slav Defense: Normal Variation
Nf3 d5 g3 Nf6 Bg2 e6 O-O Be7 c4 O-O b3 c5 e3 Nc6	A14	Ouverture anglaise : Défense Agincourt, Neo-Catalan refusé	English Opening: Agincourt Defense, Neo-Catalan Declined
Nf3 d5 g3 Nf6 Bg2 e6 O-O Be7 c4 O-O b3 c5 e3 d4	A14	Ouverture anglaise : Défense Agincourt, Neo-Catalan refusé	English Opening: Agincourt Defense, Neo-Catalan Declined
c4 c5 Nc3 Nc6 g3 g6 Bg2 Bg7 Nf3 e5 O-O Nge7 d3 d6	A37	Ouverture anglaise : Variante symétrique, Botvinnik système inversée, avec Nf3	English Opening: Symmetrical Variation, Botvinnik System Reversed, with Nf3
c4 e5 Nc3 Nf6 Nf3 Nc6 g3 Bb4 Bg2 Bxc3 dxc3 d6 O-O O-O	A29	Ouverture anglaise : Variante King's anglaise, Variante quatre cavaliers, fianchetto ligne	English Opening: King's English Variation, Four Knights Variation, Fianchetto Line
c4 e5 Nc3 Nf6 g3 Bb4 Bg2 O-O Nf3 Re8 O-O e4 Nd4 Nc6	A29	Ouverture anglaise : Variante King's anglaise, Variante quatre cavaliers, fianchetto ligne, retardé .. Nc6	English Opening: King's English Variation, Four Knights Variation, Fianchetto Line, Delayed .. Nc6
c4 e5 g3 Nf6 Bg2 d5 cxd5 Nxd5 Nf3 Nc6 d3 Be7 O-O O-O	A29	Ouverture anglaise : Variante King's anglaise, Variante quatre cavaliers, fianchetto ligne	English Opening: King's English Variation, Four Knights Variation, Fianchetto Line
c4 e6 Nf3 d5 g3 Nf6 Bg2 Be7 O-O c5 cxd5 Nxd5 Nc3 Nc6	A14	Ouverture anglaise : Défense Agincourt, Défense Keres	English Opening: Agincourt Defense, Keres Defense
d4 Nf6 Nf3 e6 e3 c5 Bd3 d5 b3 Nc6 O-O Bd6 Bb2 O-O	D05	Ouverture Rubinstein : Défense Bogoljubow	Rubinstein Opening: Bogoljubow Defense
d4 Nf6 Nf3 e6 e3 c5 Bd3 d5 b3 Nc6 O-O Be7 Bb2 O-O	D05	Ouverture Rubinstein : Défense classique	Rubinstein Opening: Classical Defense
d4 Nf6 c4 c5 d5 e6 Nc3 exd5 cxd5 d6 e4 g6 f3 Bg7	A65	Défense Benoni : King's Pawn ligne	Benoni Defense: King's Pawn Line
d4 Nf6 c4 d6 Nc3 Nbd7 e4 e5 Nf3 g6 Be2 Bg7 O-O O-O	E94	Défense indienne du roi : Variante Orthodox, Défense Positional	King's Indian Defense: Orthodox Variation, Positional Defense
d4 Nf6 c4 e6 Nc3 Bb4 Qb3 c5 dxc5 Nc6 Nf3 Ne4 Bd2 Nxc5	E23	Défense nimzo-indienne : Variante Spielmann, Variante Stahlberg	Nimzo-Indian Defense: Spielmann Variation, Stahlberg Variation
d4 Nf6 c4 e6 Nc3 Bb4 Qb3 c5 dxc5 Nc6 Nf3 Ne4 Bd2 Nxd2	E23	Défense nimzo-indienne : Variante Spielmann, Variante Carlsbad	Nimzo-Indian Defense: Spielmann Variation, Carlsbad Variation
d4 Nf6 c4 e6 Nc3 Bb4 Qc2 c5 dxc5 O-O a3 Bxc5 Nf3 b6	E39	Défense nimzo-indienne : Variante classique, Variante Berlin, Système Macieja	Nimzo-Indian Defense: Classical Variation, Berlin Variation, Macieja System
d4 Nf6 c4 e6 Nc3 Bb4 Qc2 d5 a3 Bxc3 Qxc3 Ne4 Qc2 c5	E37	Défense nimzo-indienne : Variante classique, Variante moderne	Nimzo-Indian Defense: Classical Variation, Modern Variation
d4 Nf6 c4 e6 Nc3 Bb4 Qc2 d5 cxd5 Qxd5 Nf3 Qf5 Qd1 e5	E34	Défense nimzo-indienne : Variante classique, Gambit Belyavsky	Nimzo-Indian Defense: Classical Variation, Belyavsky Gambit
d4 Nf6 c4 e6 Nc3 Bb4 e3 Ne4 Qc2 f5 Nf3 b6 Bd3 Bb7	E43	Défense nimzo-indienne : Variante St. Petersburg	Nimzo-Indian Defense: St. Petersburg Variation
d4 Nf6 c4 e6 Nc3 Bb4 e3 O-O Bd3 d5 Nf3 Nc6 O-O dxc4	E51	Défense nimzo-indienne : Variante Ragozin	Nimzo-Indian Defense: Ragozin Variation
d4 Nf6 c4 e6 Nc3 Bb4 e3 O-O Bd3 d5 Nf3 c5 O-O Nbd7	E53	Défense nimzo-indienne : Variante Normal, Système Gligoric	Nimzo-Indian Defense: Normal Variation, Gligoric System
d4 Nf6 c4 e6 Nc3 Bb4 e3 O-O Bd3 d5 Nf3 c5 O-O Nc6	E56	Défense nimzo-indienne : Variante Normal, Système Gligoric, Défense Bernstein	Nimzo-Indian Defense: Normal Variation, Gligoric System, Bernstein Defense
d4 Nf6 c4 e6 Nc3 Bb4 e3 O-O Bd3 d5 Nf3 c5 O-O b6	E53	Défense nimzo-indienne : Variante Normal, Système Gligoric, Variante Keres	Nimzo-Indian Defense: Normal Variation, Gligoric System, Keres Variation
d4 Nf6 c4 e6 Nc3 Bb4 e3 b6 Bd3 Bb7 Nf3 O-O O-O c5	E43	Défense nimzo-indienne : Variante St. Petersburg	Nimzo-Indian Defense: St. Petersburg Variation
d4 Nf6 c4 e6 Nc3 Bb4 e3 b6 Bd3 Bb7 Nf3 O-O O-O d5	E52	Défense nimzo-indienne : Variante Normal, Défense Schlechter	Nimzo-Indian Defense: Normal Variation, Schlechter Defense
d4 Nf6 c4 e6 Nc3 Bb4 e3 c5 Bd3 Nc6 Nf3 Bxc3 bxc3 d6	E41	Défense nimzo-indienne : Système Rubinstein, Variante Hübner	Nimzo-Indian Defense: Rubinstein System, Hübner Variation
d4 Nf6 c4 e6 Nc3 Bb4 e3 c5 Bd3 Nc6 a3 Bxc3 bxc3 O-O	E29	Défense nimzo-indienne : Variante Sämisch	Nimzo-Indian Defense: Sämisch Variation
d4 Nf6 c4 e6 Nc3 d5 cxd5 exd5 Bg5 Be7 e3 h6 Bh4 Bg4	D35	Gambit dame refusé : Variante échange, Variante Carlsen	Queen's Gambit Declined: Exchange Variation, Carlsen Variation
d4 Nf6 c4 e6 Nf3 b6 Nc3 Bb7 Bg5 h6 Bh4 g5 Bg3 Nh5	E12	Défense indienne de la dame : Variante Kasparov, Attaque Botvinnik	Queen's Indian Defense: Kasparov Variation, Botvinnik Attack
d4 Nf6 c4 e6 Nf3 b6 g3 Bb7 Bg2 Be7 O-O O-O Nc3 Na6	E18	Défense indienne de la dame : Variante classique, Défense Tiviakov	Queen's Indian Defense: Classical Variation, Tiviakov Defense
d4 Nf6 c4 e6 Nf3 b6 g3 Bb7 Bg2 Be7 O-O O-O Nc3 d5	E18	Défense indienne de la dame : Variante classique, Variante Traditional, Nimzowitsch ligne	Queen's Indian Defense: Classical Variation, Traditional Variation, Nimzowitsch Line
d4 Nf6 c4 e6 Nf3 d5 Nc3 Be7 Bf4 O-O e3 c5 dxc5 Bxc5	D37	Gambit dame refusé : Attaque Harrwitz, ligne principale	Queen's Gambit Declined: Harrwitz Attack, Main Line
d4 Nf6 c4 e6 Nf3 d5 Nc3 Be7 Bg5 O-O e3 Nbd7 Bd3 c6	D60	Gambit dame refusé : Défense Orthodox, Variante Botvinnik	Queen's Gambit Declined: Orthodox Defense, Botvinnik Variation
d4 Nf6 c4 e6 Nf3 d5 Nc3 Be7 Bg5 O-O e3 Nbd7 Rc1 a6	D63	Gambit dame refusé : Défense Orthodox, Variante Henneberger	Queen's Gambit Declined: Orthodox Defense, Henneberger Variation
d4 Nf6 c4 e6 Nf3 d5 Nc3 Be7 Bg5 O-O e3 Nbd7 Rc1 c6	D63	Gambit dame refusé : Défense Orthodox, ligne principale	Queen's Gambit Declined: Orthodox Defense, Main Line
d4 Nf6 c4 e6 Nf3 d5 Nc3 Be7 Bg5 h6 Bh4 O-O e3 b6	D58	Gambit dame refusé : Défense Tartakower	Queen's Gambit Declined: Tartakower Defense
d4 Nf6 c4 e6 Nf3 d5 e3 b6 Nc3 Bd6 Bd3 O-O O-O Bb7	E14	Défense indienne de la dame, avec e3	Queen's Indian Defense, with e3
d4 Nf6 c4 e6 Nf3 d5 e3 c5 cxd5 exd5 Nc3 a6 Be2 Nc6	D32	Gambit dame refusé : Défense Tarrasch	Queen's Gambit Declined: Tarrasch Defense
d4 Nf6 c4 g6 Nc3 Bg7 Nf3 d6 g3 O-O Bg2 Nc6 O-O Bg4	E62	Défense indienne du roi : Variante fianchetto, Variante Simagin	King's Indian Defense: Fianchetto Variation, Simagin Variation
d4 Nf6 c4 g6 Nc3 Bg7 Nf3 d6 g3 O-O Bg2 c6 O-O Bf5	E62	Défense indienne du roi : Variante fianchetto, Défense Larsen	King's Indian Defense: Fianchetto Variation, Larsen Defense
d4 Nf6 c4 g6 Nc3 Bg7 Nf3 d6 g3 O-O Bg2 c6 O-O Qb6	E61	Défense indienne du roi : Variante fianchetto, Défense Benjamin	King's Indian Defense: Fianchetto Variation, Benjamin Defense
d4 Nf6 c4 g6 Nc3 Bg7 e4 d6 Be2 O-O Bg5 Na6 Qd2 c6	E73	Défense indienne du roi : Variante Averbakh, Défense moderne, Burgess ligne	King's Indian Defense: Averbakh Variation, Modern Defense, Burgess Line
d4 Nf6 c4 g6 Nc3 Bg7 e4 d6 Be2 O-O Bg5 c5 d5 e6	E75	Défense indienne du roi : Variante Averbakh, ligne principale	King's Indian Defense: Averbakh Variation, Main Line
d4 Nf6 c4 g6 Nc3 Bg7 e4 d6 Nf3 O-O Be2 e5 O-O Na6	E94	Défense indienne du roi : Variante Orthodox, Défense Glek	King's Indian Defense: Orthodox Variation, Glek Defense
d4 Nf6 c4 g6 Nc3 Bg7 e4 d6 Nf3 O-O Be2 e5 O-O Nc6	E97	Défense indienne du roi : Variante Orthodox, Défense Aronin-Taimanov	King's Indian Defense: Orthodox Variation, Aronin-Taimanov Defense
d4 Nf6 c4 g6 Nc3 Bg7 e4 d6 Nf3 O-O Be2 e5 O-O a5	E94	Défense indienne du roi : Variante Orthodox, Défense Ukrainian	King's Indian Defense: Orthodox Variation, Ukrainian Defense
d4 Nf6 c4 g6 Nc3 Bg7 e4 d6 Nf3 O-O Be2 e5 O-O c6	E94	Défense indienne du roi : Variante Orthodox, Défense Donner	King's Indian Defense: Orthodox Variation, Donner Defense
d4 Nf6 c4 g6 Nc3 Bg7 e4 d6 Nf3 O-O Be2 e5 d5 Nbd7	E93	Défense indienne du roi : Variante Petrosian, Défense Normal	King's Indian Defense: Petrosian Variation, Normal Defense
d4 Nf6 c4 g6 Nc3 Bg7 e4 d6 Nf3 O-O Be2 e5 d5 a5	E92	Défense indienne du roi : Variante Petrosian, Défense Stein	King's Indian Defense: Petrosian Variation, Stein Defense
d4 Nf6 c4 g6 Nc3 Bg7 e4 d6 f3 O-O Be3 Nc6 Nge2 Rb8	E83	Défense indienne du roi : Variante Sämisch, Variante Ruban	King's Indian Defense: Sämisch Variation, Ruban Variation
d4 Nf6 c4 g6 Nc3 Bg7 e4 d6 f3 O-O Be3 Nc6 Nge2 a6	E83	Défense indienne du roi : Variante Sämisch, Formation Panno	King's Indian Defense: Sämisch Variation, Panno Formation
d4 Nf6 c4 g6 Nc3 Bg7 e4 d6 f3 O-O Be3 c6 Bd3 a6	E81	Défense indienne du roi : Variante Sämisch, Défense Byrne	King's Indian Defense: Sämisch Variation, Byrne Defense
d4 Nf6 c4 g6 Nc3 Bg7 e4 d6 f3 O-O Be3 e5 Nge2 c6	E86	Défense indienne du roi : Variante Sämisch	King's Indian Defense: Sämisch Variation
d4 Nf6 c4 g6 Nc3 Bg7 e4 d6 f3 O-O Be3 e5 d5 c6	E88	Défense indienne du roi : Variante Sämisch, Variante Closed	King's Indian Defense: Sämisch Variation, Closed Variation
d4 Nf6 c4 g6 Nc3 d5 Bf4 Bg7 Rc1 O-O e3 c5 dxc5 Qa5	D83	Défense Grünfeld : Attaque Brinckmann, Gambit Reshevsky	Grünfeld Defense: Brinckmann Attack, Reshevsky Gambit
d4 Nf6 c4 g6 Nc3 d5 Bf4 Bg7 e3 O-O Rc1 c5 dxc5 Be6	D83	Défense Grünfeld : Attaque Brinckmann, Gambit Grünfeld, Variante Botvinnik	Grünfeld Defense: Brinckmann Attack, Grünfeld Gambit, Botvinnik Variation
d4 Nf6 c4 g6 Nc3 d5 Nf3 Bg7 Qb3 dxc4 Qxc4 O-O e4 Bg4	D98	Défense Grünfeld : Variante russe, Variante Smyslov	Grünfeld Defense: Russian Variation, Smyslov Variation
d4 Nf6 c4 g6 Nc3 d5 Nf3 Bg7 Qb3 dxc4 Qxc4 O-O e4 Na6	D97	Défense Grünfeld : Variante russe, Variante Prins	Grünfeld Defense: Russian Variation, Prins Variation
d4 Nf6 c4 g6 Nc3 d5 Nf3 Bg7 Qb3 dxc4 Qxc4 O-O e4 Nc6	D97	Défense Grünfeld : Variante russe, Variante Byrne	Grünfeld Defense: Russian Variation, Byrne Variation
d4 Nf6 c4 g6 Nc3 d5 Nf3 Bg7 Qb3 dxc4 Qxc4 O-O e4 a6	D97	Défense Grünfeld : Variante russe, Variante hongroise	Grünfeld Defense: Russian Variation, Hungarian Variation
d4 Nf6 c4 g6 Nc3 d5 Nf3 Bg7 Qb3 dxc4 Qxc4 O-O e4 b6	D97	Défense Grünfeld : Variante russe, Variante Levenfish	Grünfeld Defense: Russian Variation, Levenfish Variation
d4 Nf6 c4 g6 Nc3 d5 Nf3 Bg7 Qb3 dxc4 Qxc4 O-O e4 c6	D97	Défense Grünfeld : Variante russe, Variante Szabo	Grünfeld Defense: Russian Variation, Szabo Variation
d4 Nf6 c4 g6 Nc3 d5 cxd5 Nxd5 e4 Nxc3 bxc3 Bg7 Nf3 c5	D85	Défense Grünfeld : Variante échange, Variante moderne échange	Grünfeld Defense: Exchange Variation, Modern Exchange Variation
d4 Nf6 c4 g6 Nf3 Bg7 g3 O-O Bg2 c6 O-O d5 cxd5 cxd5	D79	Défense néo-Grünfeld : Variante Ultra-retardé échange	Neo-Grünfeld Defense: Ultra-Delayed Exchange Variation
d4 Nf6 c4 g6 Nf3 Bg7 g3 O-O Bg2 d5 cxd5 Nxd5 O-O Nb6	D76	Défense néo-Grünfeld : Variante retardé échange	Neo-Grünfeld Defense: Delayed Exchange Variation
d4 Nf6 c4 g6 Nf3 Bg7 g3 O-O Bg2 d6 O-O Nbd7 Nc3 e5	E67	Défense indienne du roi : Variante fianchetto, classique fianchetto	King's Indian Defense: Fianchetto Variation, Classical Fianchetto
d4 Nf6 c4 g6 Nf3 Bg7 g3 O-O Bg2 d6 O-O Nc6 Nc3 a6	E63	Défense indienne du roi : Variante fianchetto, Variante Panno	King's Indian Defense: Fianchetto Variation, Panno Variation
d4 Nf6 c4 g6 Nf3 Bg7 g3 O-O Bg2 d6 O-O Nc6 Nc3 e5	E62	Défense indienne du roi : Variante fianchetto, Système Uhlmann-Szabo	King's Indian Defense: Fianchetto Variation, Uhlmann-Szabo System
d4 Nf6 c4 g6 Nf3 Bg7 g3 O-O Bg2 d6 O-O c6 Nc3 Qa5	E62	Défense indienne du roi : Variante fianchetto, Défense Kavalek	King's Indian Defense: Fianchetto Variation, Kavalek Defense
d4 Nf6 c4 g6 Nf3 Bg7 g3 d6 Bg2 O-O O-O Nbd7 Nc3 a6	E64	Défense indienne du roi : Variante fianchetto, Variante hongroise	King's Indian Defense: Fianchetto Variation, Hungarian Variation
d4 Nf6 c4 g6 g3 Bg7 Bg2 O-O Nc3 d6 Nf3 Nc6 O-O Bf5	E62	Défense indienne du roi : Variante fianchetto, Lesser Simagin (Spassky)	King's Indian Defense: Fianchetto Variation, Lesser Simagin (Spassky)
d4 d5 Nf3 Nf6 e3 e6 Bd3 Bd6 O-O O-O b3 Nbd7 Bb2 c6	D05	Ouverture Rubinstein : Défense Semi-Slav	Rubinstein Opening: Semi-Slav Defense
d4 d5 c4 c6 Nc3 Nf6 e3 e6 Nf3 Nbd7 Bd3 dxc4 Bxc4 b5	D47	Défense semi-slave : Variante Meran	Semi-Slav Defense: Meran Variation
d4 d5 c4 c6 Nc3 Nf6 e3 e6 Nf3 Nbd7 Qc2 b6 b3 Bb7	D45	Défense semi-slave : Variante Stoltz	Semi-Slav Defense: Stoltz Variation
d4 d5 c4 c6 Nc3 Nf6 e3 g6 Nf3 Bg7 Bd3 O-O O-O Bf5	D94	Défense Grünfeld : Défense Flohr	Grünfeld Defense: Flohr Defense
d4 d5 c4 c6 Nc3 Nf6 e3 g6 Nf3 Bg7 Bd3 O-O O-O Bg4	D94	Défense Grünfeld : Défense Smyslov	Grünfeld Defense: Smyslov Defense
d4 d5 c4 c6 Nf3 Nf6 Nc3 e6 Bg5 Nbd7 e3 Qa5 Nd2 dxc4	D52	Gambit dame refusé : Défense Cambridge Springs, Variante Rubinstein	Queen's Gambit Declined: Cambridge Springs Defense, Rubinstein Variation
d4 d5 c4 c6 Nf3 Nf6 Nc3 e6 Bg5 Nbd7 e3 Qa5 cxd5 Nxd5	D52	Gambit dame refusé : Défense Cambridge Springs, Variante Yugoslav	Queen's Gambit Declined: Cambridge Springs Defense, Yugoslav Variation
d4 d5 c4 c6 Nf3 Nf6 e3 Bf5 cxd5 cxd5 Nc3 e6 Ne5 Nfd7	D12	Défense slave : Variante calme, Variante Amsterdam	Slav Defense: Quiet Variation, Amsterdam Variation
d4 d5 c4 dxc4 Nf3 Nf6 e3 e6 Bxc4 c5 O-O a6 Qe2 b5	D28	Gambit dame accepté : Défense classique, Système Alekhine	Queen's Gambit Accepted: Classical Defense, Alekhine System
d4 d5 c4 dxc4 Nf3 Nf6 e3 e6 Bxc4 c5 O-O a6 dxc5 Bxc5	D27	Gambit dame accepté : Variante Furman	Queen's Gambit Accepted: Furman Variation
d4 d5 c4 e6 Nc3 Be7 Nf3 Nf6 Bg5 h6 Bh4 O-O Rc1 dxc4	D53	Gambit dame refusé : Variante Uhlmann	Queen's Gambit Declined: Uhlmann Variation
d4 d5 c4 e6 Nc3 Be7 Nf3 Nf6 Bg5 h6 Bh4 O-O e3 Ne4	D56	Gambit dame refusé : Défense Lasker	Queen's Gambit Declined: Lasker Defense
d4 d5 c4 e6 Nc3 Nf6 Bg5 Be7 e3 O-O Nf3 Nbd7 Qc2 c5	D61	Gambit dame refusé : Défense Orthodox, Variante Rubinstein	Queen's Gambit Declined: Orthodox Defense, Rubinstein Variation
d4 d5 c4 e6 Nc3 Nf6 Bg5 Be7 e3 O-O Nf3 Nbd7 Qc2 c6	D61	Gambit dame refusé : Défense Orthodox, Variante Rubinstein	Queen's Gambit Declined: Orthodox Defense, Rubinstein Variation
d4 d5 c4 e6 Nc3 Nf6 Nf3 c5 e3 Nc6 Bd3 Bd6 O-O O-O	D40	Gambit dame refusé : Défense Semi-Tarrasch, Variante symétrique	Queen's Gambit Declined: Semi-Tarrasch Defense, Symmetrical Variation
d4 d5 c4 e6 Nc3 Nf6 Nf3 c5 e3 Nc6 a3 cxd4 exd4 Bd6	D40	Gambit dame refusé : Défense Semi-Tarrasch	Queen's Gambit Declined: Semi-Tarrasch Defense
d4 d5 c4 e6 Nc3 Nf6 e3 Be7 cxd5 exd5 Bd3 O-O Nf3 c6	D35	Gambit dame refusé : Variante échange	Queen's Gambit Declined: Exchange Variation
d4 d5 c4 e6 Nc3 c5 cxd5 cxd4 Qxd4 Nc6 Qd1 exd5 Qxd5 Be6	D32	Défense Tarrasch : Gambit von Hennig	Tarrasch Defense: von Hennig Gambit
d4 d5 c4 e6 Nc3 c5 cxd5 exd5 Nf3 Nc6 Bg5 Be7 Bxe7 Ngxe7	D32	Gambit dame refusé : Défense Tarrasch	Queen's Gambit Declined: Tarrasch Defense
d4 d5 c4 e6 Nc3 c5 cxd5 exd5 Nf3 Nc6 dxc5 d4 Na4 b5	D32	Défense Tarrasch : Gambit Grünfeld	Tarrasch Defense: Grünfeld Gambit
d4 d5 c4 e6 Nc3 c5 cxd5 exd5 Nf3 Nc6 g3 Nf6 Bg2 Be7	D34	Défense Tarrasch : Variante Prague, ligne principale	Tarrasch Defense: Prague Variation, Main Line
d4 d5 c4 e6 Nc3 c5 cxd5 exd5 Nf3 Nc6 g3 Nf6 Bg2 Bg4	D33	Défense Tarrasch : Variante Wagner	Tarrasch Defense: Wagner Variation
d4 d5 c4 e6 Nc3 c6 Nf3 dxc4 a4 Bb4 e3 b5 Bd2 a5	D31	Gambit dame refusé : Semi-Slav, Variante Abrahams	Queen's Gambit Declined: Semi-Slav, Abrahams Variation
d4 d5 c4 e6 Nc3 c6 Nf3 dxc4 e3 b5 a4 Bb4 Bd2 Qe7	D31	Gambit dame refusé : Semi-Slav, Variante Koomen	Queen's Gambit Declined: Semi-Slav, Koomen Variation
d4 d5 c4 e6 Nf3 c6 Nc3 dxc4 a4 Bb4 e3 b5 Bd2 Qb6	D31	Gambit dame refusé : Semi-Slav, Variante Junge	Queen's Gambit Declined: Semi-Slav, Junge Variation
d4 d5 e4 dxe4 Nc3 Nf6 f3 exf3 Nxf3 Bf5 Ne5 e6 g4 Be4	D00	Gambit Blackmar-Diemer accepté : Défense Gunderam, Variante Stader	Blackmar-Diemer Gambit Accepted: Gunderam Defense, Stader Variation
d4 e6 c4 c5 d5 exd5 cxd5 d6 Nc3 g6 e4 Bg7 Nf3 Ne7	A40	Défense Benoni : Franco-Sicilian hybride	Benoni Defense: Franco-Sicilian Hybrid
d4 f5 c4 Nf6 g3 e6 Bg2 Be7 Nf3 O-O O-O d5 Nc3 c6	A95	Défense hollandaise : Variante Stonewall	Dutch Defense: Stonewall Variation
d4 f5 c4 Nf6 g3 e6 Bg2 Be7 Nf3 O-O O-O d6 Nc3 Ne4	A96	Défense hollandaise : Variante classique, Variante Huisl	Dutch Defense: Classical Variation, Huisl Variation
d4 f5 c4 Nf6 g3 e6 Bg2 Be7 Nf3 O-O O-O d6 Nc3 Qe8	A97	Défense hollandaise : Variante classique, Variante Ilyin-Zhenevsky	Dutch Defense: Classical Variation, Ilyin-Zhenevsky Variation
d4 f5 c4 Nf6 g3 e6 Bg2 Be7 Nf3 O-O O-O d6 Nc3 a5	A96	Défense hollandaise : Variante classique, Variante Buenos Aires	Dutch Defense: Classical Variation, Buenos Aires Variation
d4 f5 g3 Nf6 Bg2 g6 Nf3 Bg7 O-O O-O c4 d6 Nc3 Nc6	A89	Défense hollandaise : Variante Leningrad, Variante Matulovic	Dutch Defense: Leningrad Variation, Matulovic Variation
d4 f5 g3 Nf6 Bg2 g6 Nf3 Bg7 O-O O-O c4 d6 Nc3 c6	A88	Défense hollandaise : Variante Leningrad, Variante Warsaw	Dutch Defense: Leningrad Variation, Warsaw Variation
e4 c5 Nc3 Nc6 g3 g6 Bg2 Bg7 d3 d6 f4 e5 Nh3 Nge7	B25	Défense sicilienne : Closed, Défense Botvinnik, Variante Edge	Sicilian Defense: Closed, Botvinnik Defense, Edge Variation
e4 c5 Nf3 Nc6 d4 cxd4 Nxd4 g6 Nc3 Bg7 Be3 Nf6 Bc4 d6	B35	Défense sicilienne : Variante Dragon, Variante moderne Bc4	Sicilian Defense: Dragon Variation, Modern Bc4 Variation
e4 c5 Nf3 Nc6 d4 cxd4 Nxd4 g6 c4 Bg7 Be3 Nf6 Nc3 Ng4	B39	Défense sicilienne : Accelerated Dragon, Maróczy Bind, Variante Breyer	Sicilian Defense: Accelerated Dragon, Maróczy Bind, Breyer Variation
e4 c5 Nf3 Nc6 d4 cxd4 Nxd4 g6 c4 Bg7 Nc2 d6 Be2 Nh6	B37	Défense sicilienne : Accelerated Dragon, Variante Simagin	Sicilian Defense: Accelerated Dragon, Simagin Variation
e4 c5 Nf3 Nc6 d4 cxd4 Nxd4 g6 c4 Nf6 Nc3 Nxd4 Qxd4 d6	B36	Défense sicilienne : Accelerated Dragon, Maróczy Bind, Variante Gurgenidze	Sicilian Defense: Accelerated Dragon, Maróczy Bind, Gurgenidze Variation
e4 c5 Nf3 d6 d4 cxd4 Nxd4 Nf6 Nc3 Nc6 Be2 Nxd4 Qxd4 g6	B58	Défense sicilienne : Variante classique, Dragon Transfer	Sicilian Defense: Classical Variation, Dragon Transfer
e4 c5 Nf3 d6 d4 cxd4 Nxd4 Nf6 Nc3 Nc6 Bg5 e6 Qd2 Be7	B63	Défense sicilienne : Variante Richter-Rauzer, Variante classique	Sicilian Defense: Richter-Rauzer Variation, Classical Variation
e4 c5 Nf3 d6 d4 cxd4 Nxd4 Nf6 Nc3 Nc6 Bg5 e6 Qd2 Qb6	B63	Défense sicilienne : Variante Richter-Rauzer, Variante Ivanov	Sicilian Defense: Richter-Rauzer Variation, Ivanov Variation
e4 c5 Nf3 d6 d4 cxd4 Nxd4 Nf6 Nc3 Nc6 Bg5 e6 Qd2 a6	B66	Défense sicilienne : Variante Richter-Rauzer, Variante Neo-moderne, précoce Deviations	Sicilian Defense: Richter-Rauzer Variation, Neo-Modern Variation, Early Deviations
e4 c5 Nf3 d6 d4 cxd4 Nxd4 Nf6 Nc3 a6 Bc4 e6 Bb3 b5	B87	Défense sicilienne : Attaque Sozin, Variante Flank	Sicilian Defense: Sozin Attack, Flank Variation
e4 c5 Nf3 d6 d4 cxd4 Nxd4 Nf6 Nc3 a6 Be2 e6 O-O Nbd7	B84	Défense sicilienne : Variante Najdorf, Variante Scheveningen	Sicilian Defense: Najdorf Variation, Scheveningen Variation
e4 c5 Nf3 d6 d4 cxd4 Nxd4 Nf6 Nc3 a6 Be2 e6 O-O Qc7	B84	Défense sicilienne : Variante Scheveningen, Variante classique	Sicilian Defense: Scheveningen Variation, Classical Variation
e4 c5 Nf3 d6 d4 cxd4 Nxd4 Nf6 Nc3 a6 Bg5 e6 f4 Be7	B98	Défense sicilienne : Variante Najdorf	Sicilian Defense: Najdorf Variation
e4 c5 Nf3 d6 d4 cxd4 Nxd4 Nf6 Nc3 a6 Bg5 e6 f4 Nc6	B96	Défense sicilienne : Variante Najdorf, Défense Neo-classique	Sicilian Defense: Najdorf Variation, Neo-Classical Defense
e4 c5 Nf3 d6 d4 cxd4 Nxd4 Nf6 Nc3 a6 Bg5 e6 f4 Qb6	B97	Défense sicilienne : Variante Najdorf, Variante Poisoned Pawn	Sicilian Defense: Najdorf Variation, Poisoned Pawn Variation
e4 c5 Nf3 d6 d4 cxd4 Nxd4 Nf6 Nc3 a6 Bg5 e6 f4 b5	B96	Défense sicilienne : Variante Najdorf, Variante Polugaevsky	Sicilian Defense: Najdorf Variation, Polugaevsky Variation
e4 c5 Nf3 d6 d4 cxd4 Nxd4 Nf6 Nc3 g6 Be3 Bg7 Be2 Nc6	B72	Défense sicilienne : Variante Dragon, Variante classique	Sicilian Defense: Dragon Variation, Classical Variation
e4 c5 Nf3 d6 d4 cxd4 Nxd4 Nf6 Nc3 g6 Be3 Bg7 f3 Nc6	B75	Défense sicilienne : Variante Dragon, Attaque Yugoslav, Belezky ligne	Sicilian Defense: Dragon Variation, Yugoslav Attack, Belezky Line
e4 c5 Nf3 d6 d4 cxd4 Nxd4 Nf6 Nc3 g6 Be3 Bg7 f3 O-O	B76	Défense sicilienne : Variante Dragon, Attaque Yugoslav	Sicilian Defense: Dragon Variation, Yugoslav Attack
e4 c5 Nf3 d6 d4 cxd4 Nxd4 Nf6 Nc3 g6 Be3 Nc6 f3 h5	B75	Défense sicilienne : Variante Dragon, Attaque Yugoslav, hongroise Dragon	Sicilian Defense: Dragon Variation, Yugoslav Attack, Hungarian Dragon
e4 c5 Nf3 e6 d4 cxd4 Nxd4 a6 Bd3 Nf6 O-O d6 c4 g6	B42	Défense sicilienne : Variante Kan, Variante Gipslis	Sicilian Defense: Kan Variation, Gipslis Variation
e4 c5 Nf3 e6 d4 cxd4 Nxd4 a6 c4 Nf6 Nc3 Bb4 Bd3 Nc6	B41	Défense sicilienne : Variante Kan, Maróczy Bind, Variante Bronstein	Sicilian Defense: Kan Variation, Maróczy Bind, Bronstein Variation
e4 c5 b4 cxb4 a3 d5 exd5 Qxd5 Nf3 e5 Bb2 Nc6 c4 Qe6	B20	Défense sicilienne : Gambit aile, Défense Romanian	Sicilian Defense: Wing Gambit, Romanian Defense
e4 c5 d4 cxd4 c3 dxc3 Nxc3 Nc6 Nf3 d6 Bc4 a6 O-O Nf6	B21	Défense sicilienne : Smith-Morra gambit accepté, Formation classique	Sicilian Defense: Smith-Morra Gambit Accepted, Classical Formation
e4 c5 d4 cxd4 c3 dxc3 Nxc3 d6 Nf3 e6 Bc4 Nf6 O-O a6	B21	Défense sicilienne : Smith-Morra gambit accepté, Défense Chicago	Sicilian Defense: Smith-Morra Gambit Accepted, Chicago Defense
e4 c6 d4 d5 Nd2 dxe4 Nxe4 Bf5 Ng3 Bg6 h4 h6 Nf3 Nd7	B19	Défense Caro-Kann : Variante classique	Caro-Kann Defense: Classical Variation
e4 c6 d4 d5 Nd2 dxe4 Nxe4 Nd7 Bc4 Ngf6 Ng5 e6 Qe2 Nb6	B17	Défense Caro-Kann : Variante Karpov, Variante Smyslov	Caro-Kann Defense: Karpov Variation, Smyslov Variation
e4 c6 d4 d5 exd5 cxd5 c4 Nf6 Nc3 Nc6 Bg5 dxc4 d5 Na5	B13	Défense Caro-Kann : Panov-Botvinnik, Défense Herzog	Caro-Kann Defense: Panov-Botvinnik, Herzog Defense
e4 d5 exd5 Qxd5 Nc3 Qd6 d4 Nf6 Bc4 c6 Nge2 Bf5 Bf4 Qb4	B01	Défense scandinave : Variante Schiller-Pytel, Variante moderne	Scandinavian Defense: Schiller-Pytel Variation, Modern Variation
e4 d6 d4 Nf6 Nc3 Nbd7 f4 e5 Nf3 exd4 Qxd4 c6 Bc4 d5	B07	Défense Lion : Anti-Philidor, Lion's Cave, Gambit Lion Claw	Lion Defense: Anti-Philidor, Lion's Cave, Lion Claw Gambit
e4 e5 Bc4 Bc5 c3 Nf6 d4 exd4 e5 d5 exf6 dxc4 Qh5 O-O	C23	Ouverture du fou : Variante Pratt	Bishop's Opening: Pratt Variation
e4 e5 Nf3 Nc6 Bb5 Nf6 O-O Nxe4 d4 Nd6 Bxc6 dxc6 dxe5 Ne4	C67	Partie espagnole (Ruy López) : Défense Berlin, Variante l'Hermet, Westerinen ligne	Ruy Lopez: Berlin Defense, l'Hermet Variation, Westerinen Line
e4 e5 Nf3 Nc6 Bb5 a6 Ba4 Nf6 O-O Be7 Qe2 b5 Bb3 O-O	C86	Partie espagnole (Ruy López) : Closed, Attaque Worrall, Castling ligne	Ruy Lopez: Closed, Worrall Attack, Castling Line
e4 e5 Nf3 Nc6 Bb5 a6 Ba4 Nf6 O-O Be7 Qe2 b5 Bb3 d6	C86	Partie espagnole (Ruy López) : Closed, Attaque Worrall, retardé Castling ligne	Ruy Lopez: Closed, Worrall Attack, Delayed Castling Line
e4 e5 Nf3 Nc6 Bb5 a6 Ba4 Nf6 O-O Be7 Re1 b5 Bb3 Bb7	C88	Partie espagnole (Ruy López) : Closed, Contre-attaque Trajkovic	Ruy Lopez: Closed, Trajkovic Counterattack
e4 e5 Nf3 Nc6 Bb5 a6 Ba4 Nf6 O-O Be7 Re1 b5 Bb3 O-O	C88	Partie espagnole (Ruy López) : Closed	Ruy Lopez: Closed
e4 e5 Nf3 Nc6 Bb5 a6 Ba4 Nf6 O-O d6 Bxc6 bxc6 d4 Bg4	C79	Partie espagnole (Ruy López) : Steinitz défense différé, Variante Lipnitsky	Ruy Lopez: Steinitz Defense Deferred, Lipnitsky Variation
e4 e5 Nf3 Nc6 Bb5 a6 Ba4 Nf6 O-O d6 Bxc6 bxc6 d4 Nxe4	C79	Partie espagnole (Ruy López) : Défense Morphy, Steinitz différé	Ruy Lopez: Morphy Defense, Steinitz Deferred
e4 e5 Nf3 Nc6 Bb5 a6 Bxc6 dxc6 d4 exd4 Qxd4 Qxd4 Nxd4 Bd6	C68	Partie espagnole (Ruy López) : Variante échange, Variante Alekhine	Ruy Lopez: Exchange Variation, Alekhine Variation
e4 e5 Nf3 Nc6 Bb5 a6 Bxc6 dxc6 d4 exd4 Qxd4 Qxd4 Nxd4 Bd7	C68	Partie espagnole (Ruy López) : échange, Variante Alekhine	Ruy Lopez: Exchange, Alekhine Variation
e4 e5 Nf3 Nc6 Bb5 d6 d4 Bd7 Nc3 Nf6 O-O Be7 Re1 O-O	C66	Partie espagnole (Ruy López) : Défense Berlin, Tarrasch Trap	Ruy Lopez: Berlin Defense, Tarrasch Trap
e4 e5 Nf3 Nc6 Bb5 f5 Nc3 fxe4 Nxe4 d5 Nxe5 dxe4 Nxc6 Qd5	C63	Partie espagnole (Ruy López) : Défense Schliemann, Variante Möhring	Ruy Lopez: Schliemann Defense, Möhring Variation
e4 e5 Nf3 Nc6 Bb5 f5 Nc3 fxe4 Nxe4 d5 Nxe5 dxe4 Nxc6 Qg5	C63	Partie espagnole (Ruy López) : Défense Schliemann, Variante classique	Ruy Lopez: Schliemann Defense, Classical Variation
e4 e5 Nf3 Nc6 Bc4 Bc5 O-O Nf6 d3 d6 c3 a6 Re1 Ba7	C54	Partie italienne : Variante classique, Giuoco Pianissimo	Italian Game: Classical Variation, Giuoco Pianissimo
e4 e5 Nf3 Nc6 Bc4 Bc5 O-O Nf6 d3 d6 c3 a6 a4 Ba7	C54	Partie italienne : Variante classique, Giuoco Pianissimo	Italian Game: Classical Variation, Giuoco Pianissimo
e4 e5 Nf3 Nc6 Bc4 Bc5 O-O Nf6 d3 d6 c3 a6 a4 O-O	C54	Partie italienne : Variante classique, Giuoco Pianissimo	Italian Game: Classical Variation, Giuoco Pianissimo
e4 e5 Nf3 Nc6 Bc4 Bc5 b4 Bxb4 c3 Ba5 O-O Nf6 d4 exd4	C52	Partie italienne : Gambit Evans, Défense Anderssen	Italian Game: Evans Gambit, Anderssen Defense
e4 e5 Nf3 Nc6 Bc4 Bc5 b4 Bxb4 c3 Ba5 O-O d6 d4 Bb6	C52	Partie italienne : Gambit Evans, Défense Lasker	Italian Game: Evans Gambit, Lasker Defense
e4 e5 Nf3 Nc6 Bc4 Bc5 b4 Bxb4 c3 Ba5 O-O d6 d4 Bd7	C52	Partie italienne : Gambit Evans, Variante Sanders-Alapin	Italian Game: Evans Gambit, Sanders-Alapin Variation
e4 e5 Nf3 Nc6 Bc4 Bc5 b4 Bxb4 c3 Ba5 O-O d6 d4 Bg4	C52	Partie italienne : Gambit Evans, Variante Alapin-Steinitz	Italian Game: Evans Gambit, Alapin-Steinitz Variation
e4 e5 Nf3 Nc6 Bc4 Bc5 b4 Bxb4 c3 Ba5 d4 exd4 O-O Nge7	C52	Partie italienne : Gambit Evans, Défense Mieses	Italian Game: Evans Gambit, Mieses Defense
e4 e5 Nf3 Nc6 Bc4 Bc5 b4 Bxb4 c3 Ba5 d4 exd4 O-O b5	C52	Partie italienne : Gambit Evans, Défense Johner	Italian Game: Evans Gambit, Johner Defense
e4 e5 Nf3 Nc6 Bc4 Bc5 b4 Bxb4 c3 Ba5 d4 exd4 O-O d3	C52	Partie italienne : Gambit Evans, Défense Dufresne	Italian Game: Evans Gambit, Dufresne Defense
e4 e5 Nf3 Nc6 Bc4 Bc5 b4 Bxb4 c3 Ba5 d4 exd4 O-O dxc3	C52	Partie italienne : Gambit Evans, Défense Compromised	Italian Game: Evans Gambit, Compromised Defense
e4 e5 Nf3 Nc6 Bc4 Bc5 c3 Nf6 d3 d6 O-O O-O a4 a5	C54	Partie italienne : Variante classique, Giuoco Pianissimo, avec a4 a5	Italian Game: Classical Variation, Giuoco Pianissimo, with a4 a5
e4 e5 Nf3 Nc6 Bc4 Nf6 O-O Bc5 d4 Bxd4 Nxd4 Nxd4 Bg5 d6	C55	Partie italienne : Défense deux cavaliers	Italian Game: Two Knights Defense
e4 e5 Nf3 Nc6 Nc3 Nf6 Bb5 Bb4 O-O O-O d3 Bxc3 bxc3 d5	C49	Partie des quatre cavaliers : Variante espagnole, Variante Svenonius	Four Knights Game: Spanish Variation, Svenonius Variation
e4 e5 Nf3 Nc6 Nc3 Nf6 Bb5 Bb4 O-O O-O d3 Qe7 Ne2 d5	C49	Partie des quatre cavaliers : Variante espagnole, Variante Alatortsev	Four Knights Game: Spanish Variation, Alatortsev Variation
e4 e5 Nf3 Nc6 Nc3 Nf6 Bb5 Bb4 O-O O-O d3 d6 Bg5 Ne7	C49	Partie des quatre cavaliers : Variante espagnole, Variante symétrique	Four Knights Game: Spanish Variation, Symmetrical Variation
e4 e5 Nf3 Nc6 d4 exd4 Nxd4 Bc5 Be3 Qf6 c3 Nge7 Bb5 Nd8	C45	Partie écossaise : Paulsen, Défense Gunsberg	Scotch Game: Paulsen, Gunsberg Defense
e4 e5 Nf3 Nf6 Nc3 Nc6 Bb5 Bb4 O-O O-O Nd5 Nxd5 exd5 e4	C49	Partie des quatre cavaliers : Variante espagnole, Contre-attaque Gunsberg	Four Knights Game: Spanish Variation, Gunsberg Counterattack
e4 e5 Nf3 Nf6 Nc3 Nc6 Bb5 Bb4 O-O O-O d3 d6 Bg5 Be6	C49	Partie des quatre cavaliers : Variante espagnole, Variante symétrique, Variante Tarrasch	Four Knights Game: Spanish Variation, Symmetrical Variation, Tarrasch Variation
e4 e5 Nf3 Nf6 Nxe5 d6 Nf3 Nxe4 d4 d5 Bd3 Be7 O-O O-O	C42	Défense Petroff (russe) : Attaque classique, Variante Mason	Petrov's Defense: Classical Attack, Mason Variation
e4 e5 Nf3 Nf6 d4 Nxe4 Bd3 d5 Nxe5 Bd6 O-O O-O c4 Bxe5	C43	Défense Petroff (russe) : Attaque moderne, Variante Trifunovic	Petrov's Defense: Modern Attack, Trifunovic Variation
e4 e5 Nf3 f5 Bc4 fxe4 Nxe5 Qg5 Nf7 Qxg2 Rf1 d5 Nxh8 Nf6	C40	Gambit letton : Variante Behting	Latvian Gambit: Behting Variation
e4 e5 f4 d5 exd5 e4 d3 Nf6 dxe4 Nxe4 Nf3 Bc5 Qe2 Bf5	C32	Gambit du roi refusé : Contre-gambit Falkbeer, Gambit Charousek, ligne principale	King's Gambit Declined: Falkbeer Countergambit, Charousek Gambit, Main Line
e4 e5 f4 exf4 Nf3 d5 exd5 Nf6 Bb5 c6 dxc6 bxc6 Bc4 Nd5	C36	Gambit du roi accepté : Défense Abbazia, ligne principale	King's Gambit Accepted: Abbazia Defense, Main Line
e4 e5 f4 exf4 Nf3 g5 Bc4 d6 O-O Bg4 h3 h5 hxg4 hxg4	C37	Gambit du roi accepté : Contre-gambit Middleton	King's Gambit Accepted: Middleton Countergambit
e4 e5 f4 exf4 Nf3 g5 Bc4 g4 Ne5 Qh4 Kf1 Nh6 d4 d6	C37	Gambit du roi accepté : Gambit Salvio, Contre-attaque Anderssen	King's Gambit Accepted: Salvio Gambit, Anderssen Counterattack
e4 e5 f4 exf4 Nf3 g5 Bc4 g4 Ne5 Qh4 Kf1 Nh6 d4 f3	C37	Gambit du roi accepté : Gambit Silberschmidt	King's Gambit Accepted: Silberschmidt Gambit
e4 e5 f4 exf4 Nf3 g5 h4 g4 Ne5 Nf6 Bc4 d5 exd5 Bd6	C39	Gambit du roi accepté : Gambit Kieseritzky, Défense Anderssen	King's Gambit Accepted: Kieseritzky Gambit, Anderssen Defense
e4 e5 f4 exf4 Nf3 g5 h4 g4 Ne5 Nf6 Bc4 d5 exd5 Bg7	C39	Gambit du roi accepté : Gambit Kieseritzky, Paulsen défense différé	King's Gambit Accepted: Kieseritzky Gambit, Paulsen Defense Deferred
e4 e6 d4 d5 Nc3 Bb4 e5 Ne7 a3 Bxc3 bxc3 c5 a4 Qc7	C19	Défense française : Variante Winawer, Variante avancée, Variante Smyslov	French Defense: Winawer Variation, Advance Variation, Smyslov Variation
e4 e6 d4 d5 Nc3 Bb4 e5 c5 a3 Bxc3 bxc3 Nc6 Nf3 Nge7	C19	Défense française : Variante Winawer, Variante Positional	French Defense: Winawer Variation, Positional Variation
e4 e6 d4 d5 Nc3 Bb4 e5 c5 a3 Bxc3 bxc3 Ne7 Bd3 Qc7	C18	Défense française : Variante Winawer, Variante avancée, avec Bd3	French Defense: Winawer Variation, Advance Variation, with Bd3
e4 e6 d4 d5 Nc3 Bb4 e5 c5 a3 Bxc3 bxc3 Ne7 Nf3 Qc7	C19	Défense française : Variante Winawer, Variante Positional	French Defense: Winawer Variation, Positional Variation
e4 e6 d4 d5 Nc3 Bb4 e5 c5 a3 Bxc3 bxc3 Ne7 Qg4 Kf8	C18	Défense française : Variante Winawer, Variante Eingorn	French Defense: Winawer Variation, Eingorn Variation
e4 e6 d4 d5 Nc3 Bb4 e5 c5 a3 Bxc3 bxc3 Ne7 Qg4 O-O	C18	Défense française : Variante Winawer, Variante Warsaw	French Defense: Winawer Variation, Warsaw Variation
e4 e6 d4 d5 Nc3 Bb4 e5 c5 a3 Bxc3 bxc3 Ne7 Qg4 Qc7	C18	Défense française : Variante Winawer, Variante Poisoned Pawn	French Defense: Winawer Variation, Poisoned Pawn Variation
e4 e6 d4 d5 Nc3 Bb4 e5 c5 a3 Bxc3 bxc3 Ne7 h4 Qc7	C18	Défense française : Variante Winawer, Variante avancée, avec h4	French Defense: Winawer Variation, Advance Variation, with h4
e4 e6 d4 d5 Nc3 Nf6 Bg5 Bb4 exd5 Qxd5 Bxf6 gxf6 Qd2 Qa5	C12	Défense française : Variante McCutcheon, Variante Bogoljubow	French Defense: McCutcheon Variation, Bogoljubow Variation
e4 e6 d4 d5 Nc3 Nf6 Bg5 Be7 e5 Nfd7 h4 Bxg5 hxg5 Qxg5	C13	Défense française : Attaque Alekhine-Chatard, Gambit Albin-Chatard	French Defense: Alekhine-Chatard Attack, Albin-Chatard Gambit
e4 e6 d4 d5 Nc3 Nf6 Bg5 dxe4 Nxe4 Be7 Bxf6 Bxf6 Nf3 O-O	C11	Défense française : Variante classique, Variante Burn, ligne principale	French Defense: Classical Variation, Burn Variation, Main Line
d4 Nf6 Nf3 g6 c4 Bg7 Nc3 d5 cxd5 Nxd5 e4 Nxc3 bxc3 c5 Rb1	D85	Défense Grünfeld : Variante échange, Variante moderne échange	Grünfeld Defense: Exchange Variation, Modern Exchange Variation
d4 Nf6 Nf3 g6 c4 Bg7 Nc3 d5 cxd5 Nxd5 e4 Nxc3 bxc3 c5 h3	D85	Défense Grünfeld : Variante échange, Variante moderne échange, Kramnik's ligne	Grünfeld Defense: Exchange Variation, Modern Exchange Variation, Kramnik's Line
d4 Nf6 Nf3 g6 c4 Bg7 g3 O-O Bg2 d5 cxd5 Nxd5 O-O c5 dxc5	D75	Défense néo-Grünfeld : Variante retardé échange	Neo-Grünfeld Defense: Delayed Exchange Variation
d4 Nf6 c4 c5 d5 b5 cxb5 a6 Nc3 axb5 e4 b4 Nb5 d6 Bc4	A57	Gambit Benko : Attaque Nescafe Frappe	Benko Gambit: Nescafe Frappe Attack
d4 Nf6 c4 c5 d5 b5 cxb5 a6 bxa6 Bxa6 Nc3 d6 Nf3 g6 Nd2	A58	Gambit Benko : Variante Nd2	Benko Gambit: Nd2 Variation
d4 Nf6 c4 c5 d5 b5 cxb5 a6 bxa6 Bxa6 Nc3 d6 Nf3 g6 g3	A58	Gambit Benko : Variante fianchetto	Benko Gambit: Fianchetto Variation
d4 Nf6 c4 c5 d5 e6 Nc3 exd5 cxd5 d6 e4 g6 f3 Bg7 Be3	A65	Défense Benoni : King's Pawn ligne, avec Be3	Benoni Defense: King's Pawn Line, with Be3
d4 Nf6 c4 c5 d5 e6 Nc3 exd5 cxd5 d6 e4 g6 f3 Bg7 Bg5	A65	Défense Benoni : King's Pawn ligne, avec Bg5	Benoni Defense: King's Pawn Line, with Bg5
d4 Nf6 c4 c5 d5 e6 Nc3 exd5 cxd5 d6 e4 g6 f3 Bg7 Nge2	A65	Défense Benoni : King's Pawn ligne, avec Nge2	Benoni Defense: King's Pawn Line, with Nge2
d4 Nf6 c4 c5 d5 e6 Nc3 exd5 cxd5 d6 e4 g6 f4 Bg7 Bb5	A67	Défense Benoni : Variante Taimanov	Benoni Defense: Taimanov Variation
d4 Nf6 c4 c5 d5 e6 Nc3 exd5 cxd5 d6 e4 g6 f4 Bg7 e5	A66	Défense Benoni : Variante Mikenas	Benoni Defense: Mikenas Variation
d4 Nf6 c4 e6 Nc3 Bb4 Nf3 Bxc3 bxc3 b6 e3 Bb7 Bd3 O-O O-O	E43	Défense nimzo-indienne : Variante St. Petersburg	Nimzo-Indian Defense: St. Petersburg Variation
d4 Nf6 c4 e6 Nc3 Bb4 e3 O-O Bd3 d5 Nf3 c5 O-O dxc4 Bxc4	E54	Défense nimzo-indienne : Variante Normal, Système Gligoric, Variante échange	Nimzo-Indian Defense: Normal Variation, Gligoric System, Exchange Variation
d4 Nf6 c4 e6 Nc3 Bb4 f3 d5 a3 Bxc3 bxc3 c5 cxd5 Nxd5 dxc5	E25	Défense nimzo-indienne : Variante Sämisch, Variante Keres	Nimzo-Indian Defense: Sämisch Variation, Keres Variation
d4 Nf6 c4 e6 Nc3 d5 cxd5 exd5 Bg5 c6 Qc2 Be7 e3 Nbd7 Bd3	D36	Gambit dame refusé : Variante échange, Variante Reshevsky	Queen's Gambit Declined: Exchange Variation, Reshevsky Variation
d4 Nf6 c4 e6 Nc3 d5 cxd5 exd5 Bg5 c6 Qc2 Be7 e3 O-O Bd3	D36	Gambit dame refusé : Variante échange, Variante Reshevsky	Queen's Gambit Declined: Exchange Variation, Reshevsky Variation
d4 Nf6 c4 e6 Nf3 b6 g3 Bb7 Bg2 Be7 O-O O-O d5 exd5 Nd4	E17	Défense indienne de la dame : Variante classique, Gambit Taimanov	Queen's Indian Defense: Classical Variation, Taimanov Gambit
d4 Nf6 c4 e6 Nf3 b6 g3 Bb7 Bg2 Be7 O-O O-O d5 exd5 Nh4	E17	Défense indienne de la dame : Variante classique, Gambit Polugaevsky	Queen's Indian Defense: Classical Variation, Polugaevsky Gambit
d4 Nf6 c4 e6 Nf3 c5 d5 exd5 cxd5 d6 Nc3 g6 e4 Bg7 Be2	A70	Défense Benoni : Variante classique, Variante Traditional	Benoni Defense: Classical Variation, Traditional Variation
d4 Nf6 c4 e6 Nf3 c5 d5 exd5 cxd5 d6 Nc3 g6 e4 Bg7 Bg5	A71	Défense Benoni : Variante classique, Attaque Averbakh-Grivas	Benoni Defense: Classical Variation, Averbakh-Grivas Attack
d4 Nf6 c4 e6 Nf3 c5 d5 exd5 cxd5 d6 Nc3 g6 e4 Bg7 h3	A70	Défense Benoni : Variante classique, Variante New York	Benoni Defense: Classical Variation, New York Variation
d4 Nf6 c4 e6 Nf3 d5 Nc3 Be7 Bg5 O-O e3 Nbd7 Qc2 c5 cxd5	D62	Gambit dame refusé : Défense Orthodox, Variante Rubinstein, Flohr ligne	Queen's Gambit Declined: Orthodox Defense, Rubinstein Variation, Flohr Line
d4 Nf6 c4 e6 Nf3 d5 Nc3 Be7 Bg5 O-O e3 Nbd7 Rc1 a6 c5	D63	Gambit dame refusé : Défense Orthodox, Variante Henneberger	Queen's Gambit Declined: Orthodox Defense, Henneberger Variation
d4 Nf6 c4 e6 Nf3 d5 Nc3 Be7 Bg5 O-O e3 Nbd7 Rc1 a6 cxd5	D63	Gambit dame refusé : Défense Orthodox, Swiss, Variante Carlsbad	Queen's Gambit Declined: Orthodox Defense, Swiss, Carlsbad Variation
d4 Nf6 c4 e6 Nf3 d5 Nc3 Be7 Bg5 O-O e3 Nbd7 Rc1 c6 Qc2	D64	Gambit dame refusé : Défense Orthodox, Attaque Rubinstein	Queen's Gambit Declined: Orthodox Defense, Rubinstein Attack
d4 Nf6 c4 e6 Nf3 d5 Nc3 c5 cxd5 cxd4 Qxd4 exd5 e4 dxe4 Qxd8	D41	Gambit dame refusé : Défense Semi-Tarrasch, Variante Endgame	Queen's Gambit Declined: Semi-Tarrasch Defense, Endgame Variation
d4 Nf6 c4 e6 Nf3 d5 e3 Be7 b3 O-O Bb2 b6 Nbd2 Bb7 Bd3	E14	Défense indienne de la dame, avec e3	Queen's Indian Defense, with e3
d4 Nf6 c4 e6 Nf3 d5 g3 Be7 Bg2 O-O O-O Nbd7 Qc2 c6 Nbd2	E09	Ouverture catalane : Closed, ligne principale	Catalan Opening: Closed, Main Line
d4 Nf6 c4 e6 g3 Bb4 Bd2 Be7 Bg2 d5 Nf3 O-O Qc2 c6 O-O	E11	Défense bogo-indienne : Variante Retreat	Bogo-Indian Defense: Retreat Variation
d4 Nf6 c4 e6 g3 d5 Bg2 Be7 Nf3 O-O O-O Nbd7 Nc3 c6 Qd3	E07	Ouverture catalane : Closed, Variante Botvinnik	Catalan Opening: Closed, Botvinnik Variation
d4 Nf6 c4 e6 g3 d5 Bg2 Be7 Nf3 O-O O-O Nbd7 Qc2 c6 b3	E08	Ouverture catalane : Closed	Catalan Opening: Closed
d4 Nf6 c4 g6 Nc3 Bg7 Nf3 O-O e3 d6 Be2 Nbd7 O-O e5 b4	E61	Défense indienne du roi : Variante Semi-classique, aile dame Storm ligne	King's Indian Defense: Semi-Classical Variation, Queenside Storm Line
d4 Nf6 c4 g6 Nc3 Bg7 Nf3 O-O g3 d5 cxd5 Nxd5 Bg2 c5 O-O	D75	Défense néo-Grünfeld : Variante retardé échange	Neo-Grünfeld Defense: Delayed Exchange Variation
d4 Nf6 c4 g6 Nc3 Bg7 e4 d6 Nf3 O-O Be2 Nbd7 O-O e5 d5	E94	Défense indienne du roi : Variante Orthodox, Défense Positional, Closed ligne	King's Indian Defense: Orthodox Variation, Positional Defense, Closed Line
d4 Nf6 c4 g6 Nc3 Bg7 e4 d6 Nf3 O-O Be2 e5 O-O Nbd7 Re1	E95	Défense indienne du roi : Variante Orthodox	King's Indian Defense: Orthodox Variation
d4 Nf6 c4 g6 Nc3 Bg7 e4 d6 f3 O-O Bg5 c5 d5 h6 Bf4	E81	Défense indienne du roi : Attaque Steiner	King's Indian Defense: Steiner Attack
d4 Nf6 c4 g6 Nc3 Bg7 e4 d6 f4 O-O Nf3 c5 d5 e6 Be2	E77	Défense indienne du roi : Attaque Four Pawns, Attaque Normal	King's Indian Defense: Four Pawns Attack, Normal Attack
d4 Nf6 c4 g6 Nc3 d5 Bf4 Bg7 e3 O-O cxd5 Nxd5 Nxd5 Qxd5 Bxc7	D84	Défense Grünfeld : Attaque Brinckmann, Grünfeld gambit accepté	Grünfeld Defense: Brinckmann Attack, Grünfeld Gambit Accepted
d4 Nf6 c4 g6 Nc3 d5 e3 Bg7 Qb3 dxc4 Bxc4 O-O Nf3 Nbd7 Ng5	D95	Défense Grünfeld : Variante Pachman	Grünfeld Defense: Pachman Variation
d4 Nf6 c4 g6 Nf3 Bg7 g3 O-O Bg2 d6 O-O Nbd7 Nc3 e5 e4	E68	Défense indienne du roi : Variante fianchetto, Variante classique	King's Indian Defense: Fianchetto Variation, Classical Variation
d4 Nf6 c4 g6 Nf3 Bg7 g3 O-O Bg2 d6 O-O c5 Nc3 Nc6 d5	E66	Défense indienne du roi : Variante fianchetto, Variante Yugoslav, avancée ligne	King's Indian Defense: Fianchetto Variation, Yugoslav Variation, Advance Line
d4 Nf6 c4 g6 Nf3 Bg7 g3 d6 Bg2 O-O O-O Nbd7 Nc3 e5 b3	E64	Défense indienne du roi : Variante fianchetto, Attaque Double fianchetto	King's Indian Defense: Fianchetto Variation, Double Fianchetto Attack
d4 d5 Nf3 Nf6 c4 c6 e3 e6 Nc3 Nbd7 Qc2 Bd6 b3 O-O Bb2	D45	Défense semi-slave : Variante Stoltz	Semi-Slav Defense: Stoltz Variation
d4 d5 Nf3 Nf6 e3 e6 Bd3 Bd6 O-O O-O b3 Nbd7 Bb2 c6 Nbd2	D05	Ouverture Rubinstein : Défense Semi-Slav	Rubinstein Opening: Semi-Slav Defense
d4 d5 c4 Nc6 cxd5 Qxd5 e3 e5 Nc3 Bb4 Bd2 Bxc3 Bxc3 exd4 Ne2	D07	Gambit dame refusé : Défense Chigorin, Variante échange, Costa's ligne	Queen's Gambit Declined: Chigorin Defense, Exchange Variation, Costa's Line
d4 d5 c4 c6 Nc3 Nf6 e3 e6 Nf3 Nbd7 Qc2 b6 b3 Bb7 Bd3	D46	Défense semi-slave : Défense Chigorin	Semi-Slav Defense: Chigorin Defense
d4 d5 c4 c6 Nc3 Nf6 e3 e6 Nf3 Nbd7 b3 Bd6 Bb2 O-O Bd3	D46	Défense semi-slave : Défense Chigorin	Semi-Slav Defense: Chigorin Defense
d4 d5 c4 c6 Nf3 Nf6 Nc3 dxc4 a4 Bf5 Ne5 e6 f3 Bb4 e4	D17	Défense slave : Variante tchèque, Variante Wiesbaden, Sharp ligne	Slav Defense: Czech Variation, Wiesbaden Variation, Sharp Line
d4 d5 c4 c6 Nf3 Nf6 Nc3 dxc4 a4 Bf5 e3 e6 Bxc4 Bb4 O-O	D19	Défense slave : Variante tchèque, Variante hollandaise	Slav Defense: Czech Variation, Dutch Variation
d4 d5 c4 c6 Nf3 Nf6 Nc3 e6 Bg5 Nbd7 e3 Qa5 Nd2 Bb4 Qc2	D52	Gambit dame refusé : Défense Cambridge Springs, Variante Bogoljubow	Queen's Gambit Declined: Cambridge Springs Defense, Bogoljubow Variation
d4 d5 c4 c6 Nf3 Nf6 e3 Bf5 cxd5 cxd5 Qb3 Qc8 Bd2 e6 Na3	D12	Défense slave : Variante calme, Variante Landau	Slav Defense: Quiet Variation, Landau Variation
d4 d5 c4 e6 Nc3 Nf6 Bg5 Be7 e3 O-O Nf3 Nbd7 Qc2 c6 a3	D61	Gambit dame refusé : Défense Orthodox, Variante Rubinstein	Queen's Gambit Declined: Orthodox Defense, Rubinstein Variation
d4 d5 c4 e6 Nc3 Nf6 Bg5 Be7 e3 O-O Nf3 Nbd7 Rc1 c6 Bd3	D66	Gambit dame refusé : Défense Orthodox, Bd3 ligne	Queen's Gambit Declined: Orthodox Defense, Bd3 Line
d4 d5 c4 e6 Nc3 Nf6 Bg5 c5 Nf3 cxd4 Nxd4 e5 Ndb5 a6 Qa4	D50	Gambit dame refusé : Défense Semi-Tarrasch, Variante Krause	Queen's Gambit Declined: Semi-Tarrasch Defense, Krause Variation
d4 d5 c4 e6 Nc3 c6 Nf3 Nf6 e3 Nbd7 b3 Bd6 Bb2 O-O Be2	D45	Défense semi-slave : Variante Normal	Semi-Slav Defense: Normal Variation
d4 d5 c4 e6 Nf3 Nf6 Nc3 Nc6 Bg5 Be7 e3 O-O Rc1 h6 Bh4	D56	Gambit dame refusé	Queen's Gambit Declined
d4 d5 e4 dxe4 Nc3 Nf6 Bg5 Bf5 Bxf6 exf6 g4 Bg6 Qe2 Bb4 Qb5	D00	Gambit Blackmar-Diemer : Gambit von Popiel, Variante Zilbermints	Blackmar-Diemer Gambit: von Popiel Gambit, Zilbermints Variation
d4 d5 e4 dxe4 Nc3 Nf6 f3 exf3 Nxf3 Bg4 h3 Bxf3 Qxf3 c6 Be3	D00	Gambit Blackmar-Diemer accepté : Défense Teichmann, Variante classique	Blackmar-Diemer Gambit Accepted: Teichmann Defense, Classical Variation
d4 d5 e4 dxe4 Nc3 Nf6 f3 exf3 Nxf3 Bg4 h3 Bxf3 Qxf3 c6 Qf2	D00	Gambit Blackmar-Diemer accepté : Défense Teichmann, Variante Ciesielski	Blackmar-Diemer Gambit Accepted: Teichmann Defense, Ciesielski Variation
d4 d5 e4 dxe4 Nc3 Nf6 f3 exf3 Nxf3 Bg4 h3 Bxf3 Qxf3 c6 g4	D00	Gambit Blackmar-Diemer accepté : Défense Teichmann, Attaque Seidel-Hall	Blackmar-Diemer Gambit Accepted: Teichmann Defense, Seidel-Hall Attack
d4 d5 e4 dxe4 Nc3 Nf6 f3 exf3 Nxf3 g6 Bc4 Bg7 O-O O-O Kh1	D00	Gambit Blackmar-Diemer accepté : Défense Bogoljubow, Attaque Kloss	Blackmar-Diemer Gambit Accepted: Bogoljubow Defense, Kloss Attack
d4 d5 e4 dxe4 Nc3 Nf6 f3 exf3 Nxf3 g6 Bc4 Bg7 O-O O-O Qe1	D00	Gambit Blackmar-Diemer accepté : Défense Bogoljubow, Attaque Studier	Blackmar-Diemer Gambit Accepted: Bogoljubow Defense, Studier Attack
d4 f5 c4 Nf6 g3 e6 Bg2 Be7 Nf3 O-O O-O d5 b3 c6 Ba3	A94	Défense hollandaise : Variante Stonewall	Dutch Defense: Stonewall Variation
d4 f5 c4 Nf6 g3 e6 Bg2 Be7 Nf3 O-O O-O d6 Nc3 Qe8 Qc2	A98	Défense hollandaise : Variante classique, Variante Ilyin-Zhenevsky, Alatortsev-Lisitsyn ligne	Dutch Defense: Classical Variation, Ilyin-Zhenevsky Variation, Alatortsev-Lisitsyn Line
d4 f5 c4 Nf6 g3 e6 Bg2 Be7 Nf3 O-O O-O d6 Nc3 Qe8 Re1	A97	Défense hollandaise : Variante classique, Variante Ilyin-Zhenevsky, Variante Winter	Dutch Defense: Classical Variation, Ilyin-Zhenevsky Variation, Winter Variation
d4 f5 c4 Nf6 g3 e6 Bg2 Be7 Nf3 O-O O-O d6 Nc3 Qe8 b3	A99	Défense hollandaise : Variante classique, Variante Ilyin-Zhenevsky, moderne ligne principale	Dutch Defense: Classical Variation, Ilyin-Zhenevsky Variation, Modern Main Line
e4 Nf6 e5 Nd5 c4 Nb6 c5 Nd5 Bc4 e6 Nc3 d6 Nxd5 exd5 Bxd5	B02	Défense Alekhine : Variante Hunt, Gambit Mikenas	Alekhine Defense: Hunt Variation, Mikenas Gambit
e4 c5 Nf3 Nc6 d4 cxd4 Nxd4 Nf6 Nc3 d6 Bc4 e6 Be3 Be7 Qe2	B89	Défense sicilienne : Attaque Velimirovic	Sicilian Defense: Velimirovic Attack
e4 c5 Nf3 Nc6 d4 cxd4 Nxd4 Nf6 Nc3 d6 Bc4 g6 Nxc6 bxc6 e5	B57	Défense sicilienne : Magnus Smith Trap	Sicilian Defense: Magnus Smith Trap
e4 c5 Nf3 Nc6 d4 cxd4 Nxd4 Nf6 Nc3 d6 Be2 g6 Be3 Bg7 Qd2	B72	Défense sicilienne : Variante Dragon, Variante classique, Variante Amsterdam	Sicilian Defense: Dragon Variation, Classical Variation, Amsterdam Variation
e4 c5 Nf3 Nf6 Nc3 d6 d4 cxd4 Nxd4 a6 Be2 e5 Nb3 Be6 Be3	B92	Défense sicilienne : Variante Najdorf, Variante Opocensky	Sicilian Defense: Najdorf Variation, Opocensky Variation
e4 c5 Nf3 d6 d4 cxd4 Nxd4 Nf6 Nc3 a6 Be3 e5 Nb3 Be6 f3	B90	Défense sicilienne : Variante Najdorf, Attaque anglaise	Sicilian Defense: Najdorf Variation, English Attack
e4 c5 Nf3 d6 d4 cxd4 Nxd4 Nf6 Nc3 a6 Be3 e5 Nb3 Be6 h3	B90	Défense sicilienne : Variante Najdorf, Attaque anglaise	Sicilian Defense: Najdorf Variation, English Attack
e4 c5 Nf3 d6 d4 cxd4 Nxd4 Nf6 Nc3 a6 Be3 e5 Nb3 Be7 f3	B90	Défense sicilienne : Variante Najdorf, Attaque anglaise	Sicilian Defense: Najdorf Variation, English Attack
e4 c5 Nf3 d6 d4 cxd4 Nxd4 Nf6 Nc3 a6 Be3 e5 Nb3 Be7 h3	B90	Défense sicilienne : Variante Najdorf, Attaque anglaise	Sicilian Defense: Najdorf Variation, English Attack
e4 c5 Nf3 d6 d4 cxd4 Nxd4 Nf6 Nc3 g6 Be2 Bg7 O-O Nc6 Be3	B73	Défense sicilienne : Variante Dragon, Variante classique	Sicilian Defense: Dragon Variation, Classical Variation
e4 c5 Nf3 d6 d4 cxd4 Nxd4 Nf6 Nc3 g6 Be3 Bg7 Be2 Nc6 Nb3	B72	Défense sicilienne : Variante Dragon, Variante classique	Sicilian Defense: Dragon Variation, Classical Variation
e4 c5 Nf3 e6 d4 cxd4 Nxd4 Nc6 Nc3 Qc7 Ndb5 Qb8 Be3 a6 Bb6	B47	Défense sicilienne : Variante Taimanov, Variante Bastrikov, Gambit Ponomariov	Sicilian Defense: Taimanov Variation, Bastrikov Variation, Ponomariov Gambit
e4 c5 Nf3 e6 d4 cxd4 Nxd4 Nf6 Nc3 d6 f4 Nc6 Be3 Be7 Qf3	B82	Défense sicilienne : Variante Scheveningen, Variante Tal	Sicilian Defense: Scheveningen Variation, Tal Variation
e4 c5 Nf3 e6 d4 cxd4 Nxd4 a6 Nc3 b5 Bd3 Qb6 Be3 Bc5 Qg4	B43	Défense sicilienne : Variante Kan, Attaque aile, Christiansen's Dream	Sicilian Defense: Kan Variation, Wing Attack, Christiansen's Dream
e4 c5 Nf3 e6 d4 cxd4 Nxd4 a6 c4 Nf6 Nc3 Bb4 Bd3 Nc6 Bc2	B41	Défense sicilienne : Variante Kan, Maróczy Bind, Variante Bronstein	Sicilian Defense: Kan Variation, Maróczy Bind, Bronstein Variation
e4 c5 c3 d5 exd5 Qxd5 d4 Nc6 Nf3 cxd4 cxd4 e5 Nc3 Bb4 Be2	B22	Défense sicilienne : Variante Alapin, Défense Barmen, Attaque Milner-Barry	Sicilian Defense: Alapin Variation, Barmen Defense, Milner-Barry Attack
e4 c6 d3 d5 Nd2 g6 Ngf3 Bg7 g3 e5 Bg2 Ne7 O-O O-O b4	B10	Défense Caro-Kann : Variante Breyer, Attaque Stein	Caro-Kann Defense: Breyer Variation, Stein Attack
e4 c6 d4 d5 Nd2 dxe4 Nxe4 Bf5 Ng3 Bg6 h4 h6 Nf3 Nd7 h5	B19	Défense Caro-Kann : Variante classique, Variante Spassky	Caro-Kann Defense: Classical Variation, Spassky Variation
e4 c6 d4 d5 Nd2 dxe4 Nxe4 Nd7 Bc4 Ngf6 Ng5 e6 Qe2 Nb6 Bb3	B17	Défense Caro-Kann : Variante Karpov, Variante Smyslov, ligne principale	Caro-Kann Defense: Karpov Variation, Smyslov Variation, Main Line
e4 e5 Bc4 c6 d4 d5 exd5 cxd5 Bb5 Bd7 Bxd7 Nxd7 dxe5 Nxe5 Ne2	C23	Ouverture du fou : Variante Lisitsyn	Bishop's Opening: Lisitsyn Variation
e4 e5 Nc3 Nf6 f4 d5 fxe5 Nxe4 d3 Qh4 g3 Nxg3 Nf3 Qh5 Nxd5	C29	Partie viennoise : Gambit Vienna, Wurzburger Trap	Vienna Game: Vienna Gambit, Wurzburger Trap
e4 e5 Nf3 Nc6 Bb5 a6 Ba4 Nf6 O-O Be7 Re1 b5 Bb3 O-O a4	C88	Partie espagnole (Ruy López) : Closed, Anti-Marshall	Ruy Lopez: Closed, Anti-Marshall
e4 e5 Nf3 Nc6 Bb5 a6 Ba4 Nf6 O-O Be7 Re1 b5 Bb3 d6 d4	C88	Partie espagnole (Ruy López) : Closed, Attaque Rosen	Ruy Lopez: Closed, Rosen Attack
e4 e5 Nf3 Nc6 Bb5 a6 Ba4 Nf6 O-O Be7 d4 exd4 e5 Ne4 c3	C84	Partie espagnole (Ruy López) : Closed, Gambit Basque	Ruy Lopez: Closed, Basque Gambit
e4 e5 Nf3 Nc6 Bb5 a6 Ba4 Nf6 O-O Nxe4 d4 b5 Bb3 d5 c4	C80	Partie espagnole (Ruy López) : Open, Gambit Harksen	Ruy Lopez: Open, Harksen Gambit
e4 e5 Nf3 Nc6 Bb5 a6 Ba4 Nf6 O-O Nxe4 d4 b5 Bb3 d5 dxe5	C80	Partie espagnole (Ruy López) : Open	Ruy Lopez: Open
e4 e5 Nf3 Nc6 Bc4 Bc5 b4 Bb6 b5 Na5 Nxe5 Qg5 Bxf7 Ke7 Qh5	C51	Partie italienne : Evans gambit refusé, Variante Vasquez	Italian Game: Evans Gambit Declined, Vasquez Variation
e4 e5 Nf3 Nc6 Bc4 Bc5 b4 Bxb4 c3 Ba5 O-O Nf6 d4 O-O Nxe5	C52	Partie italienne : Gambit Evans, Attaque Richardson	Italian Game: Evans Gambit, Richardson Attack
e4 e5 Nf3 Nc6 Bc4 Bc5 b4 Bxb4 c3 Ba5 d4 exd4 O-O d6 Qb3	C52	Partie italienne : Gambit Evans, Attaque Waller	Italian Game: Evans Gambit, Waller Attack
e4 e5 Nf3 Nc6 Bc4 Bc5 b4 Bxb4 c3 Bc5 d4 exd4 cxd4 Bb4 Bd2	C51	Partie italienne : Gambit Evans, Variante Harding	Italian Game: Evans Gambit, Harding Variation
e4 e5 Nf3 Nc6 Bc4 Nf6 Ng5 d5 exd5 Na5 Bb5 c6 dxc6 bxc6 Be2	C58	Partie italienne : Défense deux cavaliers	Italian Game: Two Knights Defense
e4 e5 Nf3 Nc6 Bc4 Nf6 Ng5 d5 exd5 Na5 Bb5 c6 dxc6 bxc6 Qf3	C58	Partie italienne : Défense deux cavaliers, Défense Polerio, Variante Bogoljubow	Italian Game: Two Knights Defense, Polerio Defense, Bogoljubow Variation
e4 e5 Nf3 Nc6 Bc4 Nf6 Ng5 d5 exd5 Nd4 c3 b5 Bf1 Nxd5 Ne4	C57	Partie italienne : Défense deux cavaliers, Fritz, Variante Gruber	Italian Game: Two Knights Defense, Fritz, Gruber Variation
e4 e5 Nf3 Nc6 Bc4 Nf6 d4 exd4 O-O Nxe4 Re1 d5 Bxd5 Qxd5 Nc3	C56	Partie italienne : Gambit Scotch, Attaque Anderssen	Italian Game: Scotch Gambit, Anderssen Attack
e4 e5 Nf3 Nc6 Nc3 Nf6 Bb5 Bb4 O-O O-O d3 Bxc3 bxc3 d6 Re1	C49	Partie des quatre cavaliers : Variante espagnole, Variante Janowski	Four Knights Game: Spanish Variation, Janowski Variation
e4 e5 Nf3 Nf6 Nxe5 d6 Nf3 Nxe4 d4 d5 Bd3 Be7 O-O Nc6 Re1	C42	Défense Petroff (russe) : Attaque classique, Variante Chigorin	Petrov's Defense: Classical Attack, Chigorin Variation
e4 e5 Nf3 Nf6 Nxe5 d6 Nf3 Nxe4 d4 d5 Bd3 Nc6 O-O Be7 c4	C42	Défense Petroff (russe) : Attaque classique, Variante Jaenisch	Petrov's Defense: Classical Attack, Jaenisch Variation
e4 e5 Nf3 d6 d4 Nf6 Nc3 Nbd7 Bc4 Be7 Ng5 O-O Bxf7 Rxf7 Ne6	C41	Défense Philidor : Variante Lion, Forcing ligne	Philidor Defense: Lion Variation, Forcing Line
e4 e5 f4 d5 exd5 e4 d3 Nf6 dxe4 Nxe4 Qe2 Qxd5 Nd2 f5 g4	C32	Gambit du roi refusé : Contre-gambit Falkbeer, Variante Charousek	King's Gambit Declined: Falkbeer Countergambit, Charousek Variation
e4 e5 f4 exf4 Nf3 Nc6 Nc3 g5 h4 g4 Ng5 h6 Nxf7 Kxf7 d4	C25	Vienna gambit, Défense avec Max Lange : Gambit Hamppe-Allgaier, Variante Thorold	Vienna Gambit, with Max Lange Defense: Hamppe-Allgaier Gambit, Thorold Variation
e4 e5 f4 exf4 Nf3 g5 Bc4 g4 O-O gxf3 Qxf3 Qf6 e5 Qxe5 Bxf7	C37	Gambit du roi accepté : Gambit Double Muzio	King's Gambit Accepted: Double Muzio Gambit
e4 e5 f4 exf4 Nf3 g5 h4 g4 Ne5 Nf6 Bc4 d5 exd5 Bd6 O-O	C39	Gambit du roi accepté : Kieseritzky, Gambit Rice	King's Gambit Accepted: Kieseritzky, Rice Gambit
e4 e5 f4 exf4 Nf3 g5 h4 g4 Ne5 d5 d4 Nf6 Bxf4 Nxe4 Nd2	C39	Gambit du roi accepté : Gambit Kieseritzky, Défense Brentano, Variante Caro	King's Gambit Accepted: Kieseritzky Gambit, Brentano Defense, Caro Variation
e4 e5 f4 exf4 Nf3 g5 h4 g4 Ne5 h5 Bc4 Rh7 d4 Bh6 Nc3	C39	Gambit du roi accepté : Kieseritzky, Défense Long Whip, Variante Jaenisch	King's Gambit Accepted: Kieseritzky, Long Whip Defense, Jaenisch Variation
e4 e6 d3 d5 Nd2 Nf6 Ngf3 c5 g3 Nc6 Bg2 Be7 O-O O-O Re1	A08	Attaque indienne du roi : Variante Sicilian	King's Indian Attack: Sicilian Variation
e4 e6 d4 d5 Nc3 Bb4 e5 c5 a3 Bxc3 bxc3 Ne7 Bd3 Nbc6 Nf3	C19	Défense française : Variante Winawer, Variante Positional	French Defense: Winawer Variation, Positional Variation
e4 e6 d4 d5 Nc3 Bb4 e5 c5 a3 Bxc3 bxc3 Ne7 Nf3 Qc7 h4	C19	Défense française : Variante Winawer, Variante Positional	French Defense: Winawer Variation, Positional Variation
e4 e6 d4 d5 Nc3 Bb4 e5 c5 a3 Bxc3 bxc3 Ne7 Qg4 Qc7 Bd3	C18	Défense française : Variante Winawer, Poisoned Pawn variante refusé	French Defense: Winawer Variation, Poisoned Pawn Variation Declined
e4 e6 d4 d5 Nc3 Bb4 e5 c5 a3 Bxc3 bxc3 Ne7 Qg4 cxd4 Qxg7	C18	Défense française : Variante Winawer, Variante Poisoned Pawn	French Defense: Winawer Variation, Poisoned Pawn Variation
e4 e6 d4 d5 Nc3 Bb4 e5 c5 a3 Bxc3 bxc3 Ne7 a4 Nbc6 Nf3	C19	Défense française : Variante Winawer, Variante Positional	French Defense: Winawer Variation, Positional Variation
e4 e6 d4 d5 Nd2 Nf6 e5 Nfd7 Bd3 c5 c3 Nc6 Ne2 cxd4 cxd4	C06	Défense française : Variante Tarrasch, Variante Closed, ligne principale	French Defense: Tarrasch Variation, Closed Variation, Main Line
e4 e6 d4 d5 e5 c5 c3 Nc6 Nf3 Qb6 Bd3 cxd4 O-O Bd7 Re1	C02	Défense française : Variante avancée, Gambit Milner-Barry, Variante Hector	French Defense: Advance Variation, Milner-Barry Gambit, Hector Variation
e4 e6 d4 d5 e5 c5 c3 Nc6 Nf3 Qb6 Bd3 cxd4 cxd4 Bd7 O-O	C02	Défense française : Variante avancée, Gambit Milner-Barry, ligne principale	French Defense: Advance Variation, Milner-Barry Gambit, Main Line
Nf3 d5 d4 Nf6 c4 e6 Nc3 Be7 Bg5 O-O e3 Nbd7 Rc1 c6 Qc2 Ne4	D64	Gambit dame refusé : Défense Orthodox, Attaque Rubinstein	Queen's Gambit Declined: Orthodox Defense, Rubinstein Attack
Nf3 d5 g3 c6 Bg2 Bg4 O-O Nd7 d4 Ngf6 c4 e6 cxd5 exd5 Nc3 Bd6	A07	Attaque indienne du roi : Variante Keres	King's Indian Attack: Keres Variation
c4 e5 Nc3 Nf6 Nf3 Nc6 d4 exd4 Nxd4 Bb4 Bg5 h6 Bh4 Bxc3 bxc3 Ne5	A28	Ouverture anglaise : Variante King's anglaise, Variante quatre cavaliers	English Opening: King's English Variation, Four Knights Variation
c4 g6 Nc3 Bg7 g3 Nf6 Bg2 O-O e4 d6 Nge2 e5 O-O c6 d3 a6	A10	Ouverture anglaise : Variante King's anglaise, Système Botvinnik, Système Prickly Pawn Pass	English Opening: King's English Variation, Botvinnik System, Prickly Pawn Pass System
d4 Nf6 Nf3 e6 e3 b6 Bd3 Bb7 O-O c5 b3 Be7 Bb2 O-O Nbd2 d5	D05	Partie du pion dame : Système Colle	Queen's Pawn Game: Colle System
d4 Nf6 c4 c5 d5 e6 Nc3 exd5 cxd5 d6 e4 g6 Nf3 Bg7 Be2 O-O	A72	Défense Benoni : Variante classique	Benoni Defense: Classical Variation
d4 Nf6 c4 c5 d5 e6 Nc3 exd5 cxd5 d6 e4 g6 f4 Bg7 Nf3 O-O	A68	Défense Benoni : Attaque Four Pawns	Benoni Defense: Four Pawns Attack
d4 Nf6 c4 c5 e3 g6 Nc3 Bg7 Nf3 O-O Be2 cxd4 exd4 d5 O-O Nc6	A56	Défense Grünfeld : Variante trois cavaliers, Variante Burille, inversée Tarrasch	Grünfeld Defense: Three Knights Variation, Burille Variation, Reversed Tarrasch
d4 Nf6 c4 e6 Nc3 Bb4 Nf3 c5 g3 cxd4 Nxd4 O-O Bg2 d5 cxd5 Nxd5	E20	Défense nimzo-indienne : Variante Romanishin, anglaise hybride	Nimzo-Indian Defense: Romanishin Variation, English Hybrid
d4 Nf6 c4 e6 Nc3 Bb4 Qc2 d5 a3 Bxc3 Qxc3 Ne4 Qc2 Nc6 e3 e5	E37	Défense nimzo-indienne : Variante classique, Variante Noa, Variante San Remo	Nimzo-Indian Defense: Classical Variation, Noa Variation, San Remo Variation
d4 Nf6 c4 e6 Nc3 Bb4 e3 O-O Bd3 c5 Nf3 b6 O-O Bb7 Na4 Qe7	E43	Défense nimzo-indienne : Variante St. Petersburg	Nimzo-Indian Defense: St. Petersburg Variation
d4 Nf6 c4 e6 Nc3 Bb4 e3 O-O Bd3 d5 Nf3 c5 O-O dxc4 Bxc4 Nbd7	E55	Défense nimzo-indienne : Variante Normal, Système Gligoric, Variante Bronstein	Nimzo-Indian Defense: Normal Variation, Gligoric System, Bronstein Variation
d4 Nf6 c4 e6 Nc3 Bb4 e3 O-O Bd3 d5 Nf3 c5 O-O dxc4 Bxc4 Qe7	E54	Défense nimzo-indienne : Variante Normal, Système Gligoric, Variante Smyslov	Nimzo-Indian Defense: Normal Variation, Gligoric System, Smyslov Variation
d4 Nf6 c4 e6 Nc3 Bb4 e3 c5 Bd3 Nc6 Nf3 Bxc3 bxc3 d6 O-O O-O	E41	Défense nimzo-indienne : Système Rubinstein, Variante Hübner	Nimzo-Indian Defense: Rubinstein System, Hübner Variation
d4 Nf6 c4 e6 Nc3 Bb4 f3 d5 a3 Bxc3 bxc3 c5 cxd5 Nxd5 dxc5 f5	E25	Défense nimzo-indienne : Variante Sämisch, Variante Romanovsky	Nimzo-Indian Defense: Sämisch Variation, Romanovsky Variation
d4 Nf6 c4 e6 Nc3 Bb4 f3 d5 a3 Bxc3 bxc3 c5 e3 O-O cxd5 Nxd5	E24	Défense nimzo-indienne : Variante Sämisch, Variante Botvinnik	Nimzo-Indian Defense: Sämisch Variation, Botvinnik Variation
d4 Nf6 c4 e6 Nf3 d5 Nc3 Be7 Bg5 O-O e3 Nbd7 Rc1 a6 c5 c6	D63	Gambit dame refusé : Défense Orthodox, Variante Henneberger	Queen's Gambit Declined: Orthodox Defense, Henneberger Variation
d4 Nf6 c4 e6 Nf3 d5 Nc3 Be7 Bg5 O-O e3 Nbd7 Rc1 c6 Qc2 a6	D64	Gambit dame refusé : Défense Orthodox, Attaque Rubinstein	Queen's Gambit Declined: Orthodox Defense, Rubinstein Attack
d4 Nf6 c4 e6 Nf3 d5 g3 Bb4 Bd2 Be7 Bg2 O-O O-O c6 Bf4 b6	E06	Ouverture catalane : Closed	Catalan Opening: Closed
d4 Nf6 c4 e6 Nf3 d5 g3 Be7 Bg2 O-O O-O Nbd7 Qc2 c6 Nbd2 b6	E09	Ouverture catalane : Variante Closed, Variante Traditional	Catalan Opening: Closed Variation, Traditional Variation
d4 Nf6 c4 e6 g3 Bb4 Bd2 Be7 Bg2 d5 Nf3 Nbd7 O-O O-O Qc2 c6	E11	Défense bogo-indienne : Variante Retreat	Bogo-Indian Defense: Retreat Variation
d4 Nf6 c4 e6 g3 c5 d5 exd5 cxd5 d6 Nc3 g6 Bg2 Bg7 Nf3 O-O	A62	Défense Benoni : Variante fianchetto	Benoni Defense: Fianchetto Variation
d4 Nf6 c4 e6 g3 d5 Bg2 Be7 Nf3 O-O O-O Nbd7 Qc2 c6 b3 b6	E08	Ouverture catalane : Closed	Catalan Opening: Closed
d4 Nf6 c4 g6 Nc3 Bg7 Nf3 O-O e3 d6 Be2 Nbd7 O-O e5 dxe5 dxe5	E61	Défense indienne du roi : Variante Semi-classique, Variante échange	King's Indian Defense: Semi-Classical Variation, Exchange Variation
d4 Nf6 c4 g6 Nc3 Bg7 e4 d6 f3 O-O Be3 Nc6 Nge2 a6 Qd2 Rb8	E84	Défense indienne du roi : Variante Sämisch, Panno ligne principale	King's Indian Defense: Sämisch Variation, Panno Main Line
d4 Nf6 c4 g6 Nc3 Bg7 e4 d6 f3 O-O Be3 e5 Nge2 c6 d5 cxd5	E89	Défense indienne du roi : Variante Sämisch, Variante Closed, ligne principale	King's Indian Defense: Sämisch Variation, Closed Variation, Main Line
d4 Nf6 c4 g6 Nc3 d5 cxd5 Nxd5 e4 Nxc3 bxc3 Bg7 Bc4 O-O Ne2 Nc6	D86	Défense Grünfeld : Variante échange, Variante Simagin's Improved	Grünfeld Defense: Exchange Variation, Simagin's Improved Variation
d4 Nf6 c4 g6 Nc3 d5 cxd5 Nxd5 e4 Nxc3 bxc3 Bg7 Bc4 O-O Ne2 Qd7	D86	Défense Grünfeld : Variante échange, Variante Larsen	Grünfeld Defense: Exchange Variation, Larsen Variation
d4 Nf6 c4 g6 Nc3 d5 cxd5 Nxd5 e4 Nxc3 bxc3 Bg7 Bc4 O-O Ne2 b6	D86	Défense Grünfeld : Variante échange, Variante Simagin's Lesser	Grünfeld Defense: Exchange Variation, Simagin's Lesser Variation
d4 Nf6 c4 g6 Nc3 d5 cxd5 Nxd5 e4 Nxc3 bxc3 Bg7 Bc4 c5 Ne2 O-O	D87	Défense Grünfeld : Variante échange, Variante Spassky	Grünfeld Defense: Exchange Variation, Spassky Variation
d4 Nf6 c4 g6 Nf3 Bg7 g3 O-O Bg2 d6 O-O c5 Nc3 Nc6 dxc5 dxc5	E65	Défense indienne du roi : Variante fianchetto, Variante Yugoslav, échange ligne	King's Indian Defense: Fianchetto Variation, Yugoslav Variation, Exchange Line
d4 d5 c4 c6 Nc3 Nf6 e3 e6 Nf3 Nbd7 Bd3 dxc4 Bxc4 b5 Bd3 Bb7	D47	Défense semi-slave : Variante Meran, Variante Wade	Semi-Slav Defense: Meran Variation, Wade Variation
d4 d5 c4 c6 Nc3 Nf6 e3 e6 Nf3 Nbd7 Bd3 dxc4 Bxc4 b5 Bd3 a6	D48	Défense semi-slave : Variante Meran	Semi-Slav Defense: Meran Variation
d4 d5 c4 c6 Nf3 Nf6 Nc3 dxc4 a4 Bf5 Ne5 Nbd7 Nxc4 Qc7 g3 e5	D17	Défense slave : Variante tchèque, Variante Carlsbad	Slav Defense: Czech Variation, Carlsbad Variation
d4 d5 c4 c6 Nf3 Nf6 Nc3 e6 e3 Nbd7 Bd3 dxc4 Bxc4 b5 Bd3 b4	D47	Défense semi-slave : Variante Meran, Variante Lundin	Semi-Slav Defense: Meran Variation, Lundin Variation
d4 d5 c4 c6 Nf3 Nf6 Qc2 e6 Nbd2 Be7 g3 Nbd7 Bg2 O-O O-O b5	E09	Ouverture catalane : Variante Closed, Variante Rabinovich	Catalan Opening: Closed Variation, Rabinovich Variation
d4 d5 c4 c6 Nf3 Nf6 cxd5 cxd5 Nc3 Nc6 Bf4 Bf5 e3 e6 Qb3 Bb4	D14	Défense slave : Variante échange, Variante Trifunovic	Slav Defense: Exchange Variation, Trifunovic Variation
d4 d5 c4 dxc4 Nf3 Nf6 e3 e6 Bxc4 c5 O-O a6 Qe2 b5 Bb3 Bb7	D29	Gambit dame accepté : Défense classique, Système Alekhine, ligne principale	Queen's Gambit Accepted: Classical Defense, Alekhine System, Main Line
d4 d5 c4 dxc4 Nf3 e6 e3 Nf6 Bxc4 Be7 O-O O-O Nc3 a6 a4 c5	D27	Gambit dame accepté : Défense classique, Variante Rubinstein	Queen's Gambit Accepted: Classical Defense, Rubinstein Variation
d4 d5 c4 e5 dxe5 d4 Nf3 Nc6 Nbd2 Bg4 h3 Bxf3 Nxf3 Bb4 Bd2 Qe7	D08	Gambit dame refusé : Contre-gambit Albin, Variante Krenosz	Queen's Gambit Declined: Albin Countergambit, Krenosz Variation
d4 d5 c4 e6 Nc3 Be7 Nf3 Nf6 Bg5 h6 Bh4 O-O e3 b6 cxd5 Nxd5	D59	Gambit dame refusé : Défense Tartakower, Variante Makogonov échange	Queen's Gambit Declined: Tartakower Defense, Makogonov Exchange Variation
d4 d5 c4 e6 Nc3 Be7 Nf3 Nf6 Bg5 h6 Bh4 O-O e3 b6 cxd5 exd5	D58	Gambit dame refusé : Défense Tartakower, Variante échange	Queen's Gambit Declined: Tartakower Defense, Exchange Variation
d4 d5 c4 e6 Nc3 Nf6 Bg5 Be7 e3 Nbd7 Nf3 O-O Rc1 h6 Bh4 c5	D63	Gambit dame refusé : Défense Orthodox, ligne principale	Queen's Gambit Declined: Orthodox Defense, Main Line
d4 d5 c4 e6 Nc3 Nf6 Bg5 Be7 e3 O-O Nf3 Nbd7 Qc2 c6 Rd1 a6	D61	Gambit dame refusé : Défense Orthodox, Variante Rubinstein	Queen's Gambit Declined: Orthodox Defense, Rubinstein Variation
d4 d5 c4 e6 Nc3 c5 cxd5 exd5 Nf3 Nc6 g3 Nf6 Bg2 Be7 O-O O-O	D34	Défense Tarrasch : Variante classique	Tarrasch Defense: Classical Variation
d4 d5 c4 e6 Nc3 c5 cxd5 exd5 Nf3 Nc6 g3 Nf6 Bg2 cxd4 Nxd4 Bc5	D33	Défense Tarrasch : Dubov Tarrasch	Tarrasch Defense: Dubov Tarrasch
d4 d5 c4 e6 Nc3 c6 Nf3 dxc4 a4 Bb4 e3 Bxc3 bxc3 b5 axb5 cxb5	D31	Défense semi-slave : Variante Noteboom, Variante Abrahams	Semi-Slav Defense: Noteboom Variation, Abrahams Variation
d4 d5 c4 e6 Nf3 Nf6 Nc3 Nc6 Bg5 Be7 e3 O-O Rc1 h6 Bh4 Ne4	D56	Gambit dame refusé : Défense Lasker	Queen's Gambit Declined: Lasker Defense
e4 c5 Nf3 Nc6 d4 cxd4 Nxd4 Nf6 Nc3 d6 Bg5 e6 Qd2 a6 O-O-O Bd7	B67	Défense sicilienne : Variante Richter-Rauzer, Variante Neo-moderne	Sicilian Defense: Richter-Rauzer Variation, Neo-Modern Variation
e4 c5 Nf3 Nc6 d4 cxd4 Nxd4 Nf6 Nc3 e5 Ndb5 d6 Bg5 a6 Na3 Be6	B33	Défense sicilienne : Variante Lasker-Pelikan, Variante Bird	Sicilian Defense: Lasker-Pelikan Variation, Bird Variation
e4 c5 Nf3 Nc6 d4 cxd4 Nxd4 Nf6 Nc3 e5 Ndb5 d6 Bg5 a6 Na3 b5	B33	Défense sicilienne : Variante Lasker-Pelikan, Variante Sveshnikov	Sicilian Defense: Lasker-Pelikan Variation, Sveshnikov Variation
e4 c5 Nf3 d6 d4 cxd4 Nxd4 Nf6 Nc3 a6 Be2 e5 Nb3 Be7 O-O Be6	B92	Défense sicilienne : Variante Najdorf, Variante Opocensky, moderne ligne	Sicilian Defense: Najdorf Variation, Opocensky Variation, Modern Line
e4 c5 Nf3 d6 d4 cxd4 Nxd4 Nf6 Nc3 a6 Be2 e5 Nb3 Be7 O-O O-O	B92	Défense sicilienne : Variante Najdorf, Variante Opocensky, Traditional ligne	Sicilian Defense: Najdorf Variation, Opocensky Variation, Traditional Line
e4 c5 Nf3 d6 d4 cxd4 Nxd4 Nf6 Nc3 a6 Bg5 e6 f4 Be7 Qf3 Qc7	B98	Défense sicilienne : Variante Najdorf, Traditional ligne	Sicilian Defense: Najdorf Variation, Traditional Line
e4 c5 Nf3 d6 d4 cxd4 Nxd4 Nf6 Nc3 a6 f4 e6 Be2 Qc7 O-O Nc6	B85	Défense sicilienne : Variante Scheveningen, Variante classique, Variante Paulsen	Sicilian Defense: Scheveningen Variation, Classical Variation, Paulsen Variation
e4 c5 Nf3 d6 d4 cxd4 Nxd4 Nf6 Nc3 g6 Be3 Bg7 f3 O-O Qd2 Nc6	B76	Défense sicilienne : Variante Dragon, Attaque Yugoslav	Sicilian Defense: Dragon Variation, Yugoslav Attack
e4 c5 Nf3 e6 d4 cxd4 Nxd4 Nc6 Nb5 d6 c4 Nf6 N1c3 a6 Na3 d5	B44	Défense sicilienne : Variante Taimanov, Gambit Gary	Sicilian Defense: Taimanov Variation, Gary Gambit
e4 c5 c3 Nf6 e5 Nd5 Nf3 Nc6 Bc4 Nb6 Bb3 c4 Bc2 Qc7 Qe2 g5	B22	Défense sicilienne : Variante Alapin, Attaque Stoltz, Ivanchuk ligne	Sicilian Defense: Alapin Variation, Stoltz Attack, Ivanchuk Line
e4 c5 d4 cxd4 c3 dxc3 Nxc3 Nc6 Bc4 e6 Nf3 d6 O-O a6 Qe2 b5	B21	Défense sicilienne : Smith-Morra gambit accepté, Formation Sozin	Sicilian Defense: Smith-Morra Gambit Accepted, Sozin Formation
e4 c5 d4 cxd4 c3 dxc3 Nxc3 Nc6 Nf3 e6 Bc4 Qc7 Qe2 Nf6 O-O Ng4	B21	Défense sicilienne : Smith-Morra gambit accepté, Variante Siberian, Siberian Trap	Sicilian Defense: Smith-Morra Gambit Accepted, Siberian Variation, Siberian Trap
e4 c5 d4 cxd4 c3 dxc3 Nxc3 Nc6 Nf3 e6 Bc4 Qc7 Qe2 a6 O-O Bd6	B21	Défense sicilienne : Smith-Morra gambit accepté, Défense Larsen	Sicilian Defense: Smith-Morra Gambit Accepted, Larsen Defense
e4 c5 d4 cxd4 c3 dxc3 Nxc3 Nc6 Nf3 e6 Bc4 a6 O-O b5 Bb3 Bc5	B21	Défense sicilienne : Smith-Morra gambit accepté, Morphy défense différé	Sicilian Defense: Smith-Morra Gambit Accepted, Morphy Defense Deferred
e4 c5 d4 cxd4 c3 dxc3 Nxc3 e6 Nf3 d6 Bc4 a6 O-O Be7 Qe2 Nf6	B21	Défense sicilienne : Smith-Morra gambit accepté, Défense Finegold	Sicilian Defense: Smith-Morra Gambit Accepted, Finegold Defense
e4 c6 d4 d5 Nc3 dxe4 Nxe4 Nf6 Nxf6 exf6 c3 Bd6 Bd3 O-O Qc2 h6	B15	Défense Caro-Kann : Variante Tartakower, Perlis ligne	Caro-Kann Defense: Tartakower Variation, Perlis Line
e4 c6 d4 d5 exd5 cxd5 c4 Nc6 Nc3 Nf6 Nf3 e6 cxd5 exd5 Bb5 Bg4	B14	Défense Caro-Kann : Attaque Panov	Caro-Kann Defense: Panov Attack
e4 d6 d4 Nf6 Nc3 e5 Nf3 Nbd7 Bc4 Be7 O-O O-O Qe2 c6 a4 exd4	C41	Défense Philidor : Variante Lion, Variante Sozin	Philidor Defense: Lion Variation, Sozin Variation
e4 e5 Bc4 Nc6 Nc3 Nf6 d3 Bc5 f4 d6 Nf3 Bg4 h3 Bxf3 Qxf3 exf4	C30	Gambit du roi refusé : classique, Variante Svenonius	King's Gambit Declined: Classical, Svenonius Variation
e4 e5 Nc3 Nc6 f4 exf4 Nf3 g5 Bc4 g4 O-O gxf3 Qxf3 Ne5 Qxf4 Qf6	C25	Partie viennoise : Hamppe-Muzio, Variante Dubois	Vienna Game: Hamppe-Muzio, Dubois Variation
e4 e5 Nf3 Nc6 Bb5 Nf6 O-O Nxe4 d4 Be7 Qe2 Nd6 Bxc6 bxc6 dxe5 Nf5	C67	Partie espagnole (Ruy López) : Défense Berlin, Variante Cordel	Ruy Lopez: Berlin Defense, Cordel Variation
e4 e5 Nf3 Nc6 Bb5 Nf6 O-O Nxe4 d4 Nd6 Bxc6 dxc6 dxe5 Nf5 Qxd8 Kxd8	C67	Partie espagnole (Ruy López) : Défense Berlin, Variante l'Hermet, Défense Berlin Wall	Ruy Lopez: Berlin Defense, l'Hermet Variation, Berlin Wall Defense
e4 e5 Nf3 Nc6 Bb5 a6 Ba4 Nf6 O-O Be7 Re1 b5 Bb3 O-O c3 d5	C89	Partie espagnole (Ruy López) : Attaque Marshall	Ruy Lopez: Marshall Attack
e4 e5 Nf3 Nc6 Bb5 a6 Ba4 Nf6 O-O Be7 Re1 b5 Bb3 d6 c3 O-O	C90	Partie espagnole (Ruy López) : Closed	Ruy Lopez: Closed
e4 e5 Nf3 Nc6 Bb5 a6 Ba4 Nf6 O-O Be7 d4 exd4 e5 Ne4 c3 dxc3	C84	Partie espagnole (Ruy López) : Closed, Attaque centre, Gambit Basque	Ruy Lopez: Closed, Center Attack, Basque Gambit
e4 e5 Nf3 Nc6 Bb5 a6 Ba4 Nf6 O-O Nxe4 d4 b5 Bb3 d5 a4 Nxd4	C80	Partie espagnole (Ruy López) : Open, Défense Schlechter	Ruy Lopez: Open, Schlechter Defense
e4 e5 Nf3 Nc6 Bb5 a6 Ba4 Nf6 O-O Nxe4 d4 b5 Bb3 d5 dxe5 Be6	C80	Partie espagnole (Ruy López) : Open, ligne principale	Ruy Lopez: Open, Main Line
e4 e5 Nf3 Nc6 Bb5 a6 Ba4 Nf6 O-O Nxe4 d4 b5 Bb3 d5 dxe5 Ne7	C80	Partie espagnole (Ruy López) : Open, Variante Zukertort	Ruy Lopez: Open, Zukertort Variation
e4 e5 Nf3 Nc6 Bb5 a6 Ba4 Nf6 Qe2 b5 Bb3 Be7 d4 d6 c3 Bg4	C77	Partie espagnole (Ruy López) : Attaque Wormald, Variante Grünfeld	Ruy Lopez: Wormald Attack, Grünfeld Variation
e4 e5 Nf3 Nc6 Bb5 a6 Ba4 b5 Bb3 d6 d4 Nxd4 Nxd4 exd4 Qxd4 c5	C71	Partie espagnole (Ruy López) : Noah's Ark Trap	Ruy Lopez: Noah's Ark Trap
e4 e5 Nf3 Nc6 Bb5 g6 d4 exd4 Nxd4 Bg7 Be3 Nge7 Nc3 O-O Qd2 d5	C60	Partie espagnole (Ruy López) : Défense Cozio, Gambit Tartakower	Ruy Lopez: Cozio Defense, Tartakower Gambit
e4 e5 Nf3 Nc6 Bc4 Bc5 b4 Bxb4 c3 Bc5 d4 exd4 O-O d6 cxd4 Bb6	C51	Partie italienne : Gambit Evans, Défense McDonnell, ligne principale	Italian Game: Evans Gambit, McDonnell Defense, Main Line
e4 e5 Nf3 Nc6 Bc4 Bc5 c3 Nf6 d4 exd4 cxd4 Bb4 Nc3 Nxe4 O-O Bxc3	C54	Partie italienne : Variante classique, Gambit Greco, ligne principale	Italian Game: Classical Variation, Greco Gambit, Main Line
e4 e5 Nf3 Nc6 Bc4 Bc5 c3 Nf6 d4 exd4 cxd4 Bb4 Nc3 Nxe4 O-O Nxc3	C54	Partie italienne : Variante classique, Gambit Greco, Variante Greco	Italian Game: Classical Variation, Greco Gambit, Greco Variation
e4 e5 Nf3 Nc6 Bc4 Bc5 c3 Nf6 d4 exd4 e5 d5 Bb5 Ne4 cxd4 Bb4	C54	Partie italienne : Variante classique, Gambit Greco, Variante Anderssen	Italian Game: Classical Variation, Greco Gambit, Anderssen Variation
e4 e5 Nf3 Nc6 Bc4 Nf6 Ng5 d5 exd5 Na5 Bb5 c6 dxc6 bxc6 Be2 h6	C59	Partie italienne : Défense deux cavaliers, Défense Polerio, Défense Suhle	Italian Game: Two Knights Defense, Polerio Defense, Suhle Defense
e4 e5 Nf3 Nc6 Bc4 Nf6 Ng5 d5 exd5 Na5 Bb5 c6 dxc6 bxc6 Qf3 Rb8	C58	Partie italienne : Défense deux cavaliers, Variante Colman	Italian Game: Two Knights Defense, Colman Variation
e4 e5 Nf3 Nc6 Bc4 Nf6 Ng5 d5 exd5 Na5 Bb5 c6 dxc6 bxc6 Qf3 cxb5	C58	Partie italienne : Défense deux cavaliers, Variante Blackburne	Italian Game: Two Knights Defense, Blackburne Variation
e4 e5 Nf3 Nc6 Nc3 Nf6 Bb5 Bb4 O-O O-O d3 d6 Bg5 Bxc3 bxc3 Qe7	C49	Partie des quatre cavaliers : Variante espagnole, Variante symétrique, Metger Unpin	Four Knights Game: Spanish Variation, Symmetrical Variation, Metger Unpin
e4 e5 Nf3 Nc6 Nc3 Nf6 Nxe5 Nxe5 d4 Ng6 e5 Ng8 Bc4 Bb4 Qf3 f5	C47	Partie des quatre cavaliers : Gambit Halloween, Variante Oldtimer	Four Knights Game: Halloween Gambit, Oldtimer Variation
e4 e5 Nf3 Nf6 Nxe5 d6 Nf3 Nxe4 d4 d5 Bd3 Bd6 O-O O-O c4 Bg4	C42	Défense Petroff (russe) : Attaque classique, Variante Tarrasch	Petrov's Defense: Classical Attack, Tarrasch Variation
e4 e5 Nf3 Nf6 Nxe5 d6 Nf3 Nxe4 d4 d5 Bd3 Bd6 O-O O-O c4 c6	C42	Défense Petroff (russe) : Attaque classique, Variante Staunton	Petrov's Defense: Classical Attack, Staunton Variation
e4 e5 f4 d5 exd5 e4 d3 Nf6 dxe4 Nxe4 Nf3 Bc5 Qe2 Bf5 g4 O-O	C32	Gambit du roi refusé : Contre-gambit Falkbeer, Variante Tarrasch	King's Gambit Declined: Falkbeer Countergambit, Tarrasch Variation
e4 e5 f4 exf4 Nf3 g5 h4 g4 Ne5 Nf6 Bc4 d5 exd5 Bd6 O-O Bxe5	C39	Gambit du roi accepté : Gambit Kieseritzky, Gambit Rice	King's Gambit Accepted: Kieseritzky Gambit, Rice Gambit
e4 e5 f4 exf4 Nf3 g5 h4 g4 Ng5 h6 Nxf7 Kxf7 Qxg4 Nf6 Qxf4 Bd6	C39	Gambit du roi accepté : Allgaier, Défense Horny	King's Gambit Accepted: Allgaier, Horny Defense
e4 e6 d4 d5 Nc3 Bb4 Ne2 dxe4 a3 Be7 Nxe4 Nf6 N2g3 O-O Be2 Nc6	C15	Défense française : Variante Winawer, Gambit Alekhine, Variante Alatortsev	French Defense: Winawer Variation, Alekhine Gambit, Alatortsev Variation
e4 e6 d4 d5 Nc3 Bb4 e5 c5 a3 Bxc3 bxc3 Nc6 Nf3 Qa5 Bd2 Nge7	C19	Défense française : Variante Winawer, Variante Positional	French Defense: Winawer Variation, Positional Variation
e4 e6 d4 d5 Nc3 Nf6 Bg5 Bb4 e5 h6 Bd2 Bxc3 bxc3 Ne4 Qg4 g6	C12	Défense française : Variante McCutcheon, Variante Lasker	French Defense: McCutcheon Variation, Lasker Variation
e4 e6 d4 d5 Nd2 Nf6 e5 Nfd7 Bd3 c5 c3 Nc6 Ne2 cxd4 cxd4 Nb6	C06	Défense française : Variante Tarrasch, Variante Leningrad	French Defense: Tarrasch Variation, Leningrad Variation
Nf3 d5 d4 Nf6 c4 e6 Nc3 Be7 Bg5 O-O e3 Nbd7 Rc1 b6 cxd5 exd5 Bb5	D63	Gambit dame refusé : Défense Orthodox, Variante Capablanca	Queen's Gambit Declined: Orthodox Defense, Capablanca Variation
Nf3 d5 e3 Nf6 c4 e6 Nc3 Be7 d4 O-O b3 b6 cxd5 exd5 Bb2 Bb7 Bd3	E14	Défense indienne de la dame, avec e3	Queen's Indian Defense, with e3
d4 Nf6 Nf3 d5 c4 e6 e3 b6 b3 Bb7 Bd3 Nbd7 O-O Bd6 Bb2 O-O Nbd2	E14	Défense indienne de la dame, avec e3	Queen's Indian Defense, with e3
d4 Nf6 Nf3 e6 e3 b6 Bd3 Bb7 Nbd2 c5 b3 Be7 Bb2 d6 O-O O-O c4	E14	Défense indienne de la dame, avec e3	Queen's Indian Defense, with e3
d4 Nf6 c4 c5 d5 b5 cxb5 a6 bxa6 g6 Nc3 Bxa6 e4 Bxf1 Kxf1 d6 Nge2	A59	Gambit Benko accepté : Yugoslav	Benko Gambit Accepted: Yugoslav
d4 Nf6 c4 c5 d5 b5 cxb5 a6 bxa6 g6 Nc3 Bxa6 e4 Bxf1 Kxf1 d6 g3	A59	Gambit Benko	Benko Gambit
d4 Nf6 c4 c5 d5 b5 cxb5 a6 bxa6 g6 Nc3 Bxa6 g3 d6 Bg2 Bg7 Nf3	A58	Gambit Benko accepté : Variante fianchetto	Benko Gambit Accepted: Fianchetto Variation
d4 Nf6 c4 c5 d5 e6 Nc3 exd5 cxd5 d6 e4 g6 Nf3 Bg7 Be2 O-O O-O	A73	Défense Benoni : Variante classique, ligne principale	Benoni Defense: Classical Variation, Main Line
d4 Nf6 c4 e6 Nc3 Bb4 Nf3 b6 e3 Ne4 Qc2 Bb7 Bd3 Bxc3 bxc3 f5 O-O	E43	Défense nimzo-indienne : Variante St. Petersburg	Nimzo-Indian Defense: St. Petersburg Variation
d4 Nf6 c4 e6 Nc3 Bb4 Qb3 c5 dxc5 Nc6 Nf3 Ne4 Bd2 Nxc5 Qc2 f5 g3	E23	Défense nimzo-indienne : Variante Spielmann, Variante Stahlberg	Nimzo-Indian Defense: Spielmann Variation, Stahlberg Variation
d4 Nf6 c4 e6 Nc3 Bb4 e3 O-O Bd3 d5 Nf3 c5 O-O Nc6 a3 Bxc3 bxc3	E58	Défense nimzo-indienne : Variante Normal, Défense Bernstein, échange ligne	Nimzo-Indian Defense: Normal Variation, Bernstein Defense, Exchange Line
d4 Nf6 c4 e6 Nc3 Bb4 e3 O-O Bd3 d5 Nf3 c5 O-O dxc4 Bxc4 cxd4 exd4	E54	Défense nimzo-indienne : Variante Normal, Système Gligoric, Variante échange	Nimzo-Indian Defense: Normal Variation, Gligoric System, Exchange Variation
d4 Nf6 c4 e6 Nc3 d5 Bg5 Be7 e3 O-O Nf3 Nbd7 Rc1 b6 cxd5 exd5 Bd3	D63	Gambit dame refusé : Défense Orthodox, Variante Pillsbury	Queen's Gambit Declined: Orthodox Defense, Pillsbury Variation
d4 Nf6 c4 e6 Nc3 d5 Nf3 Be7 Bg5 O-O e3 Nbd7 Rc1 c6 a3 a6 Qc2	D64	Gambit dame refusé : Défense Orthodox, Attaque Rubinstein	Queen's Gambit Declined: Orthodox Defense, Rubinstein Attack
d4 Nf6 c4 e6 Nc3 d5 cxd5 exd5 Bg5 c6 Qc2 Be7 e3 O-O Bd3 h6 Bh4	D36	Gambit dame refusé : Variante échange, Variante Reshevsky	Queen's Gambit Declined: Exchange Variation, Reshevsky Variation
d4 Nf6 c4 e6 Nf3 b6 Nc3 d5 cxd5 exd5 Bg5 Be7 e3 O-O Bd3 Bb7 Ne5	D55	Gambit dame refusé : Attaque Pillsbury	Queen's Gambit Declined: Pillsbury Attack
d4 Nf6 c4 e6 Nf3 b6 e3 Bb7 Bd3 c5 O-O Be7 b3 O-O Bb2 cxd4 Nxd4	E14	Défense indienne de la dame : Variante Averbakh	Queen's Indian Defense: Averbakh Variation
d4 Nf6 c4 e6 Nf3 b6 g3 Bb7 Bg2 Be7 O-O O-O Nc3 Ne4 Qc2 Nxc3 Qxc3	E19	Défense indienne de la dame : Variante classique, Variante Traditional, ligne principale	Queen's Indian Defense: Classical Variation, Traditional Variation, Main Line
d4 Nf6 c4 e6 Nf3 d5 Nc3 Be7 Bg5 O-O e3 Nbd7 Rc1 a6 c5 c6 Bd3	D63	Gambit dame refusé : Défense Orthodox, Variante Henneberger	Queen's Gambit Declined: Orthodox Defense, Henneberger Variation
d4 Nf6 c4 e6 Nf3 d5 Nc3 Be7 Bg5 h6 Bh4 O-O e3 Ne4 Bxe7 Qxe7 Qc2	D56	Gambit dame refusé : Défense Lasker, Variante Teichmann	Queen's Gambit Declined: Lasker Defense, Teichmann Variation
d4 Nf6 c4 e6 g3 Bb4 Bd2 Be7 Bg2 d5 Nf3 Nbd7 O-O O-O Qc2 c6 Rc1	E11	Défense bogo-indienne : Variante Retreat	Bogo-Indian Defense: Retreat Variation
d4 Nf6 c4 e6 g3 Bb4 Bd2 Be7 Bg2 d5 Nf3 Nbd7 O-O O-O Qc2 c6 Rd1	E11	Défense bogo-indienne : Variante Retreat	Bogo-Indian Defense: Retreat Variation
d4 Nf6 c4 e6 g3 Bb4 Bd2 Be7 Bg2 d5 Nf3 Nbd7 O-O O-O Qc2 c6 b3	E11	Défense bogo-indienne : Variante Retreat	Bogo-Indian Defense: Retreat Variation
d4 Nf6 c4 e6 g3 d5 Bg2 Be7 Nf3 O-O O-O c6 Qc2 b6 Rd1 Nbd7 Bf4	E08	Ouverture catalane : Closed	Catalan Opening: Closed
d4 Nf6 c4 g6 Nc3 Bg7 e4 d6 Nf3 O-O Be2 e5 O-O Nc6 d5 Ne7 Bd2	E97	Défense indienne du roi : Variante Orthodox, Attaque Korchnoi	King's Indian Defense: Orthodox Variation, Korchnoi Attack
d4 Nf6 c4 g6 Nc3 Bg7 e4 d6 Nf3 O-O Be2 e5 O-O Nc6 d5 Ne7 Nd2	E97	Défense indienne du roi : Variante Orthodox, Système moderne	King's Indian Defense: Orthodox Variation, Modern System
d4 Nf6 c4 g6 Nc3 Bg7 e4 d6 Nf3 O-O Be2 e5 O-O Nc6 d5 Ne7 Ne1	E98	Défense indienne du roi : Variante Orthodox, Système classique	King's Indian Defense: Orthodox Variation, Classical System
d4 Nf6 c4 g6 Nc3 Bg7 e4 d6 Nf3 O-O Be2 e5 O-O Nc6 d5 Ne7 b4	E97	Défense indienne du roi : Variante Orthodox, Attaque Bayonet	King's Indian Defense: Orthodox Variation, Bayonet Attack
d4 Nf6 c4 g6 Nc3 Bg7 e4 d6 f3 O-O Be3 c5 dxc5 dxc5 Qxd8 Rxd8 Bxc5	E81	Défense indienne du roi : Variante Sämisch, Sämisch gambit accepté	King's Indian Defense: Sämisch Variation, Sämisch Gambit Accepted
d4 Nf6 c4 g6 Nc3 Bg7 e4 d6 f3 O-O Bg5 c5 d5 e6 Qd2 exd5 Nxd5	E81	Défense indienne du roi : Attaque Steiner	King's Indian Defense: Steiner Attack
d4 Nf6 c4 g6 Nc3 Bg7 e4 d6 f3 O-O Bg5 c5 d5 e6 Qd2 exd5 exd5	A65	Défense Benoni : King's Pawn ligne, avec Bg5	Benoni Defense: King's Pawn Line, with Bg5
d4 Nf6 c4 g6 Nc3 Bg7 e4 d6 f3 O-O Bg5 c5 d5 e6 Qd2 h6 Bxh6	E81	Défense indienne du roi : Attaque Steiner	King's Indian Defense: Steiner Attack
d4 Nf6 c4 g6 Nc3 Bg7 e4 d6 f3 O-O Nge2 c5 d5 e6 Ng3 exd5 cxd5	A65	Défense Benoni : King's Pawn ligne, avec Nge2	Benoni Defense: King's Pawn Line, with Nge2
d4 Nf6 c4 g6 Nc3 Bg7 e4 d6 f4 O-O Nf3 c5 Be2 cxd4 Nxd4 Nc6 Be3	E79	Défense indienne du roi : Attaque Four Pawns, Variante échange	King's Indian Defense: Four Pawns Attack, Exchange Variation
d4 Nf6 c4 g6 Nc3 Bg7 e4 d6 f4 O-O Nf3 c5 d5 e6 Be2 exd5 e5	E77	Défense indienne du roi : Attaque Four Pawns, Gambit Florentine	King's Indian Defense: Four Pawns Attack, Florentine Gambit
d4 Nf6 c4 g6 Nc3 d5 Nf3 Bg7 Qb3 dxc4 Qxc4 O-O e4 Bg4 Be3 Nfd7 Qb3	D99	Défense Grünfeld : Variante russe, Variante Smyslov	Grünfeld Defense: Russian Variation, Smyslov Variation
d4 Nf6 c4 g6 Nf3 Bg7 g3 O-O Bg2 d6 O-O Nbd7 Nc3 e5 e4 c6 h3	E69	Défense indienne du roi : Variante fianchetto, classique ligne principale	King's Indian Defense: Fianchetto Variation, Classical Main Line
d4 Nf6 c4 g6 f3 c5 d5 d6 e4 Bg7 Nc3 e6 Be3 O-O Qd2 exd5 cxd5	A65	Défense Benoni : King's Pawn ligne	Benoni Defense: King's Pawn Line
d4 d5 Nf3 Nf6 c4 e6 Nc3 Be7 Bg5 O-O e3 Nbd7 Rc1 c6 Qc2 a6 cxd5	D65	Gambit dame refusé : Défense Orthodox, Attaque Rubinstein	Queen's Gambit Declined: Orthodox Defense, Rubinstein Attack
d4 d5 c4 c6 Nc3 Nf6 e3 e6 Nf3 Nbd7 Qc2 Bd6 b3 O-O Bb2 Qe7 Bd3	D46	Défense semi-slave : Défense Chigorin	Semi-Slav Defense: Chigorin Defense
d4 d5 c4 c6 Nc3 Nf6 e3 e6 Nf3 Nbd7 Qc2 Bd6 b3 O-O Bb2 Re8 Bd3	D46	Défense semi-slave : Défense Chigorin	Semi-Slav Defense: Chigorin Defense
d4 d5 c4 c6 Nf3 Nf6 Nc3 dxc4 a4 Bf5 e3 e6 Bxc4 Bb4 O-O O-O Qe2	D19	Défense slave : Variante tchèque, Système classique, ligne principale	Slav Defense: Czech Variation, Classical System, Main Line
d4 d5 c4 c6 Nf3 Nf6 Nc3 e6 Bg5 dxc4 e4 b5 e5 h6 Bh4 g5 Nxg5	D44	Défense semi-slave : Variante Botvinnik	Semi-Slav Defense: Botvinnik Variation
d4 d5 c4 dxc4 Nf3 Nf6 e3 e6 Bxc4 c5 O-O a6 Qe2 b5 Bb3 Bb7 Nc3	D29	Gambit dame accepté : Défense classique, Système Alekhine, ligne principale	Queen's Gambit Accepted: Classical Defense, Alekhine System, Main Line
d4 d5 c4 e6 Nc3 Nf6 Bg5 Be7 e3 O-O Nf3 Nbd7 Rc1 c6 Bd3 h6 Bh4	D66	Gambit dame refusé : Défense Orthodox, Bd3 ligne	Queen's Gambit Declined: Orthodox Defense, Bd3 Line
d4 d5 c4 e6 Nc3 Nf6 Bg5 Nbd7 e3 c6 Nf3 Qa5 Nd2 Bb4 Qc2 O-O Bh4	D52	Gambit dame refusé : Défense Cambridge Springs, Variante Argentine	Queen's Gambit Declined: Cambridge Springs Defense, Argentine Variation
d4 d5 c4 e6 Nc3 c5 cxd5 exd5 Nf3 Nc6 g3 Nf6 Bg2 Be7 O-O O-O Bg5	D34	Défense Tarrasch : Variante classique, Variante Carlsbad	Tarrasch Defense: Classical Variation, Carlsbad Variation
d4 d5 e4 dxe4 Nc3 Nf6 f3 exf3 Nxf3 e6 Bg5 Be7 Bd3 Nc6 O-O Nxd4 Kh1	D00	Gambit Blackmar-Diemer accepté : Défense Euwe, Gambit Zilbermints	Blackmar-Diemer Gambit Accepted: Euwe Defense, Zilbermints Gambit
d4 e6 c4 Nf6 Nf3 d5 g3 Be7 Bg2 O-O O-O Nbd7 Qc2 c6 Rd1 b6 a4	E08	Ouverture catalane : Closed, Variante Zagoryansky	Catalan Opening: Closed, Zagoryansky Variation
d4 f5 c4 Nf6 g3 e6 Bg2 Be7 Nf3 O-O O-O d5 Nc3 c6 Qc2 Qe8 Bg5	A95	Défense hollandaise : Variante Stonewall, Variante Chekhover	Dutch Defense: Stonewall Variation, Chekhover Variation
e4 Nf6 e5 Nd5 d4 d6 c4 Nb6 exd6 cxd6 Nc3 g6 Be3 Bg7 Rc1 O-O b3	B03	Défense Alekhine : Variante échange, Variante Voronezh	Alekhine Defense: Exchange Variation, Voronezh Variation
e4 Nf6 e5 Nd5 d4 d6 c4 Nb6 f4 dxe5 fxe5 Nc6 Nf3 Bg4 e6 fxe6 c5	B03	Défense Alekhine : Attaque Four Pawns, Variante Ilyin-Zhenevsky	Alekhine Defense: Four Pawns Attack, Ilyin-Zhenevsky Variation
e4 c5 Nf3 Nc6 d4 cxd4 Nxd4 Nf6 Nc3 d6 Bc4 e6 Bb3 Be7 Be3 O-O f4	B88	Défense sicilienne : Attaque Sozin, Variante Fischer	Sicilian Defense: Sozin Attack, Fischer Variation
e4 c5 Nf3 Nc6 d4 cxd4 Nxd4 Nf6 Nc3 d6 Be2 g6 Be3 Bg7 Qd2 O-O O-O-O	B72	Défense sicilienne : Variante Dragon, Variante classique, Variante Grigoriev	Sicilian Defense: Dragon Variation, Classical Variation, Grigoriev Variation
e4 c5 Nf3 Nc6 d4 cxd4 Nxd4 Nf6 Nc3 e5 Ndb5 d6 Bg5 a6 Na3 b5 Nd5	B33	Défense sicilienne : Variante Lasker-Pelikan, Variante Sveshnikov, Variante Chelyabinsk	Sicilian Defense: Lasker-Pelikan Variation, Sveshnikov Variation, Chelyabinsk Variation
e4 c5 Nf3 d6 Bb5 Nc6 O-O Bd7 c3 Nf6 Re1 a6 Bxc6 Bxc6 d4 Bxe4 Bg5	B51	Défense sicilienne : Variante Moscow, Gambit Moscow	Sicilian Defense: Moscow Variation, Moscow Gambit
e4 c5 Nf3 d6 c3 Nf6 Be2 Nc6 d4 cxd4 cxd4 Nxe4 d5 Qa5 Nc3 Nxc3 bxc3	B50	Défense sicilienne : Variante retardé Alapin, Gambit Basman-Palatnik Double	Sicilian Defense: Delayed Alapin Variation, Basman-Palatnik Double Gambit
e4 c5 Nf3 d6 d4 cxd4 Nxd4 Nf6 Nc3 Nc6 Bg5 e6 Qd2 Be7 O-O-O O-O f4	B64	Défense sicilienne : Variante Richter-Rauzer, Variante classique	Sicilian Defense: Richter-Rauzer Variation, Classical Variation
e4 c5 Nf3 d6 d4 cxd4 Nxd4 Nf6 Nc3 a6 Be3 e6 g4 e5 Nf5 g6 g5	B90	Défense sicilienne : Variante Scheveningen, Attaque retardé Keres, Gambit Perenyi	Sicilian Defense: Scheveningen Variation, Delayed Keres Attack, Perenyi Gambit
e4 c5 Nf3 d6 d4 cxd4 Nxd4 Nf6 Nc3 g6 Be2 Bg7 O-O O-O Be3 Nc6 Nb3	B74	Défense sicilienne : Variante Dragon, Variante classique, Normal ligne	Sicilian Defense: Dragon Variation, Classical Variation, Normal Line
e4 c5 Nf3 d6 d4 cxd4 Nxd4 Nf6 Nc3 g6 Be2 Bg7 O-O O-O Be3 Nc6 Qd2	B73	Défense sicilienne : Variante Dragon, Variante classique, Variante Battery	Sicilian Defense: Dragon Variation, Classical Variation, Battery Variation
e4 c5 Nf3 d6 d4 cxd4 Nxd4 Nf6 Nc3 g6 Be3 Bg7 f3 Nc6 Qd2 O-O O-O-O	B76	Défense sicilienne : Variante Dragon, Attaque Yugoslav, moderne ligne	Sicilian Defense: Dragon Variation, Yugoslav Attack, Modern Line
e4 c5 Nf3 d6 d4 cxd4 Nxd4 Nf6 Nc3 g6 Be3 Bg7 f3 O-O Qd2 Nc6 Bc4	B77	Défense sicilienne : Variante Dragon, Attaque Yugoslav, ligne principale	Sicilian Defense: Dragon Variation, Yugoslav Attack, Main Line
e4 c5 Nf3 d6 d4 cxd4 Nxd4 Nf6 Nc3 g6 Be3 Bg7 f3 O-O Qd2 Nc6 g4	B76	Défense sicilienne : Variante Dragon, Attaque Yugoslav, Variante Panov	Sicilian Defense: Dragon Variation, Yugoslav Attack, Panov Variation
e4 c5 Nf3 e6 d4 cxd4 Nxd4 Nc6 Nc3 Qc7 Be2 a6 O-O Nf6 Be3 d6 f4	B85	Défense sicilienne : Variante Scheveningen, Variante classique, Variante Paulsen	Sicilian Defense: Scheveningen Variation, Classical Variation, Paulsen Variation
e4 c5 Nf3 e6 d4 cxd4 Nxd4 Nf6 Nc3 d6 Be2 Be7 O-O O-O f4 Nc6 Be3	B83	Défense sicilienne : Variante Scheveningen, Variante moderne	Sicilian Defense: Scheveningen Variation, Modern Variation
e4 e5 Bc4 Bc5 b4 Bxb4 f4 exf4 Nf3 Be7 d4 Bh4 g3 fxg3 O-O gxh2 Kh1	C23	Ouverture du fou : Gambit Four Pawns	Bishop's Opening: Four Pawns Gambit
e4 e5 Nc3 Nc6 f4 exf4 Nf3 g5 d4 g4 Bc4 gxf3 O-O d5 exd5 Bg4 dxc6	C25	Partie viennoise : Gambit Pierce, Attaque Rushmere	Vienna Game: Pierce Gambit, Rushmere Attack
e4 e5 Nf3 Nc6 Bb5 Nf6 O-O Nxe4 d4 Be7 Qe2 Nd6 Bxc6 bxc6 dxe5 Nb7 Nd4	C67	Partie espagnole (Ruy López) : Défense Berlin, Attaque Winawer	Ruy Lopez: Berlin Defense, Winawer Attack
e4 e5 Nf3 Nc6 Bb5 Nf6 O-O Nxe4 d4 Be7 Qe2 Nd6 Bxc6 bxc6 dxe5 Nb7 b3	C67	Partie espagnole (Ruy López) : Défense Berlin, Variante Pillsbury	Ruy Lopez: Berlin Defense, Pillsbury Variation
e4 e5 Nf3 Nc6 Bb5 Nf6 O-O Nxe4 d4 Be7 Qe2 Nd6 Bxc6 bxc6 dxe5 Nb7 c4	C67	Partie espagnole (Ruy López) : Défense Berlin, Variante Zukertort	Ruy Lopez: Berlin Defense, Zukertort Variation
e4 e5 Nf3 Nc6 Bb5 a6 Ba4 Nf6 O-O Be7 Re1 b5 Bb3 O-O d3 d6 c3	C90	Partie espagnole (Ruy López) : Closed, Variante Pilnik	Ruy Lopez: Closed, Pilnik Variation
e4 e5 Nf3 Nc6 Bb5 a6 Ba4 Nf6 O-O Be7 Re1 b5 Bb3 d6 c3 O-O Bc2	C90	Partie espagnole (Ruy López) : Closed, Variante Lutikov	Ruy Lopez: Closed, Lutikov Variation
e4 e5 Nf3 Nc6 Bb5 a6 Ba4 Nf6 O-O Be7 Re1 b5 Bb3 d6 c3 O-O a3	C90	Partie espagnole (Ruy López) : Closed, Variante Suetin	Ruy Lopez: Closed, Suetin Variation
e4 e5 Nf3 Nc6 Bb5 a6 Ba4 Nf6 O-O Be7 Re1 b5 Bb3 d6 c3 O-O d4	C91	Partie espagnole (Ruy López) : Closed, Variante Yates	Ruy Lopez: Closed, Yates Variation
e4 e5 Nf3 Nc6 Bb5 a6 Ba4 Nf6 O-O Be7 Re1 b5 Bb3 d6 c3 O-O h3	C92	Partie espagnole (Ruy López) : Closed	Ruy Lopez: Closed
e4 e5 Nf3 Nc6 Bb5 a6 Ba4 Nf6 O-O Nxe4 d4 b5 Bb3 d5 dxe5 Be6 Nbd2	C80	Partie espagnole (Ruy López) : Open, Variante Bernstein	Ruy Lopez: Open, Bernstein Variation
e4 e5 Nf3 Nc6 Bb5 a6 Ba4 Nf6 O-O Nxe4 d4 b5 Bb3 d5 dxe5 Be6 Qe2	C81	Partie espagnole (Ruy López) : Open, Attaque Howell	Ruy Lopez: Open, Howell Attack
e4 e5 Nf3 Nc6 Bb5 a6 Ba4 Nf6 O-O Nxe4 d4 b5 Bb3 d5 dxe5 Be6 c3	C82	Partie espagnole (Ruy López) : Open	Ruy Lopez: Open
e4 e5 Nf3 Nc6 Bb5 a6 Ba4 Nf6 Qe2 Be7 O-O b5 Bb3 O-O c3 d5 d3	C86	Partie espagnole (Ruy López) : Closed, Attaque Worrall, Castling ligne	Ruy Lopez: Closed, Worrall Attack, Castling Line
e4 e5 Nf3 Nc6 Bc4 Bc5 O-O Nf6 d4 exd4 e5 d5 exf6 dxc4 Re1 Be6 fxg7	C56	Partie italienne : Gambit Scotch, Max Lange attaque accepté	Italian Game: Scotch Gambit, Max Lange Attack Accepted
e4 e5 Nf3 Nc6 Bc4 Bc5 b4 Bb6 b5 Na5 Nxe5 Qg5 Qf3 Qxe5 Qxf7 Kd8 Bb2	C51	Partie italienne : Evans gambit refusé, Variante Hicken	Italian Game: Evans Gambit Declined, Hicken Variation
e4 e5 Nf3 Nc6 Bc4 Bc5 b4 Bxb4 c3 Ba5 d4 exd4 O-O d6 cxd4 Bb6 Nc3	C51	Partie italienne : Gambit Evans, Attaque Morphy	Italian Game: Evans Gambit, Morphy Attack
e4 e5 Nf3 Nc6 Bc4 Bc5 c3 Nf6 d3 d6 O-O O-O Re1 a6 Bb3 Ba7 h3	C54	Partie italienne : Variante classique, Giuoco Pianissimo, ligne principale	Italian Game: Classical Variation, Giuoco Pianissimo, Main Line
e4 e5 Nf3 Nc6 Bc4 Bc5 c3 Nf6 d4 exd4 cxd4 Bb4 Nc3 Nxe4 O-O Bxc3 d5	C54	Partie italienne : Variante classique, Gambit Greco, Attaque Moeller-Therkatz	Italian Game: Classical Variation, Greco Gambit, Moeller-Therkatz Attack
e4 e5 Nf3 Nc6 Bc4 Bc5 c3 Nf6 d4 exd4 e5 Ne4 Bd5 Nxf2 Kxf2 dxc3 Kg3	C54	Partie italienne : Variante classique, Variante Ghulam-Kassim	Italian Game: Classical Variation, Ghulam-Kassim Variation
e4 e5 Nf3 Nc6 Bc4 Bc5 c3 Qe7 d4 Bb6 O-O d6 a4 a6 h3 Nf6 Re1	C53	Partie italienne : Variante classique, Variante Tarrasch	Italian Game: Classical Variation, Tarrasch Variation
e4 e5 Nf3 Nc6 Bc4 Nf6 Ng5 d5 exd5 Na5 Bb5 c6 dxc6 bxc6 Be2 h6 Nh3	C59	Partie italienne : Défense deux cavaliers, Variante Steinitz	Italian Game: Two Knights Defense, Steinitz Variation
e4 e5 Nf3 Nc6 Bc4 Nf6 Ng5 d5 exd5 Na5 Bb5 c6 dxc6 bxc6 Qf3 Qc7 Bd3	C58	Partie italienne : Défense deux cavaliers, Variante Paoli	Italian Game: Two Knights Defense, Paoli Variation
e4 e5 Nf3 Nc6 Bc4 Nf6 O-O Bc5 d4 Bxd4 Nxd4 Nxd4 Bg5 h6 Bh4 g5 f4	C54	Partie italienne : Giuoco Piano, Variante Rosentreter	Italian Game: Giuoco Piano, Rosentreter Variation
e4 e5 Nf3 Nc6 Nc3 Nf6 d4 exd4 Nxd4 Bb4 Nxc6 bxc6 Bd3 d5 exd5 O-O O-O	C47	Partie des quatre cavaliers : Scotch variante accepté, ligne principale	Four Knights Game: Scotch Variation Accepted, Main Line
e4 e5 Nf3 Nc6 d4 exd4 Nxd4 Qh4 Nb5 Bb4 Bd2 Qxe4 Be2 Kd8 O-O Bxd2 Qxd2	C45	Partie écossaise : Attaque Horwitz, Variante Blackburne	Scotch Game: Horwitz Attack, Blackburne Variation
e4 e5 Nf3 Nf6 Nxe5 d6 Nf3 Nxe4 d4 d5 Bd3 Nc6 O-O Be7 c4 Nb4 Be2	C42	Défense Petroff (russe) : Attaque classique, Variante Chigorin, ligne principale	Petrov's Defense: Classical Attack, Chigorin Variation, Main Line
e4 e5 Nf3 Nf6 Nxe5 d6 Nf3 Nxe4 d4 d5 Bd3 Nc6 O-O Be7 c4 Nb4 cxd5	C42	Défense Petroff (russe) : Attaque classique, Variante Chigorin, Attaque Browne	Petrov's Defense: Classical Attack, Chigorin Variation, Browne Attack
e4 e5 d4 exd4 Qxd4 Nc6 Qe3 Nf6 Nc3 Bb4 Bd2 O-O O-O-O Re8 Bc4 d6 Nh3	C22	Partie du centre : Variante Kupreichik	Center Game: Kupreichik Variation
e4 e5 f4 d5 exd5 e4 d3 Nf6 dxe4 Nxe4 Nf3 Bc5 Qe2 Bf2 Kd1 Qxd5 Nfd2	C32	Gambit du roi refusé : Contre-gambit Falkbeer, Variante Alapin	King's Gambit Declined: Falkbeer Countergambit, Alapin Variation
e4 e5 f4 exf4 Nf3 g5 Bc4 g4 O-O gxf3 Qxf3 Qf6 Nc3 Qd4 Kh1 Qxc4 Nd5	C37	Gambit du roi accepté : Gambit Double Muzio, Gambit Baldwin	King's Gambit Accepted: Double Muzio Gambit, Baldwin Gambit
e4 e5 f4 exf4 Nf3 g5 h4 g4 Ng5 h6 Nxf7 Kxf7 Bc4 d5 Bxd5 Kg7 d4	C39	Gambit du roi accepté : Allgaier, Attaque Urusov	King's Gambit Accepted: Allgaier, Urusov Attack
e4 e6 Nc3 d5 d4 Nf6 Bg5 Bb4 e5 h6 Bd2 Bxc3 bxc3 Ne4 Qg4 Kf8 Bc1	C12	Défense française : Variante McCutcheon, Variante Duras	French Defense: McCutcheon Variation, Duras Variation
e4 e6 d4 d5 Nc3 Bb4 e5 c5 a3 Bxc3 bxc3 Ne7 a4 Nbc6 Nf3 Qa5 Bd2	C19	Défense française : Variante Winawer, Variante Positional	French Defense: Winawer Variation, Positional Variation
e4 e6 d4 d5 Nc3 Bb4 e5 c5 a3 Bxc3 bxc3 Ne7 a4 Nbc6 Nf3 Qa5 Qd2	C19	Défense française : Variante Winawer, Variante Positional	French Defense: Winawer Variation, Positional Variation
e4 e6 d4 d5 Nc3 Nf6 Bg5 Bb4 e5 h6 exf6 hxg5 fxg7 Rg8 h4 gxh4 Qg4	C12	Défense française : Variante McCutcheon, Variante Grigoriev	French Defense: McCutcheon Variation, Grigoriev Variation
e4 e6 d4 d5 Nd2 c5 exd5 exd5 Ngf3 Nc6 Bb5 Bd6 dxc5 Bxc5 O-O Ne7 c3	C09	Défense française : Variante Tarrasch, Système Open, ligne principale	French Defense: Tarrasch Variation, Open System, Main Line
e4 e6 d4 d5 e5 c5 c3 Nc6 Nf3 Qb6 Bd3 cxd4 cxd4 Bd7 O-O Nxd4 Ng5	C02	Défense française : Variante avancée, Gambit Milner-Barry, Variante Sørensen	French Defense: Advance Variation, Milner-Barry Gambit, Sørensen Variation
d4 Nf6 c4 c5 d5 e6 Nc3 exd5 cxd5 d6 e4 g6 Nf3 Bg7 Be2 O-O O-O Re8	A76	Défense Benoni : Variante classique, Défense Czerniak	Benoni Defense: Classical Variation, Czerniak Defense
d4 Nf6 c4 c5 d5 e6 Nc3 exd5 cxd5 d6 e4 g6 f4 Bg7 Nf3 O-O Be2 Re8	A69	Défense Benoni : Attaque Four Pawns, ligne principale	Benoni Defense: Four Pawns Attack, Main Line
d4 Nf6 c4 e6 Nc3 Bb4 e3 O-O Bd3 d5 Nf3 c5 O-O Nc6 a3 dxc4 Bxc4 cxd4	E57	Défense nimzo-indienne : Variante Normal, Système Gligoric, Défense Bernstein	Nimzo-Indian Defense: Normal Variation, Gligoric System, Bernstein Defense
d4 Nf6 c4 e6 Nc3 Bb4 e3 b6 Bd3 Bb7 Nf3 O-O O-O c5 Na4 cxd4 a3 Be7	E43	Défense nimzo-indienne : Variante St. Petersburg	Nimzo-Indian Defense: St. Petersburg Variation
d4 Nf6 c4 e6 Nc3 Bb4 e3 c5 Bd3 Nc6 a3 Bxc3 bxc3 O-O Ne2 b6 e4 Ne8	E29	Défense nimzo-indienne : Variante Sämisch, Variante Capablanca	Nimzo-Indian Defense: Sämisch Variation, Capablanca Variation
d4 Nf6 c4 e6 Nf3 b6 e3 Bb7 Bd3 c5 Nc3 cxd4 exd4 Be7 O-O d5 cxd5 Nxd5	E14	Défense indienne de la dame : Spassky System3	Queen's Indian Defense: Spassky System3
d4 Nf6 c4 e6 Nf3 d5 Nc3 c6 Bg5 dxc4 e4 b5 e5 h6 Bh4 g5 Nxg5 Nd5	D44	Défense semi-slave : Variante Botvinnik, Système Alatortsev	Semi-Slav Defense: Botvinnik Variation, Alatortsev System
d4 Nf6 c4 e6 Nf3 d5 g3 Be7 Bg2 O-O O-O c6 Qc2 b6 Nbd2 Bb7 e4 Nbd7	E09	Ouverture catalane : Closed, ligne principale	Catalan Opening: Closed, Main Line
d4 Nf6 c4 e6 g3 Bb4 Bd2 Be7 Bg2 d5 Nf3 Nbd7 O-O O-O Qc2 c6 Rd1 h6	E11	Défense bogo-indienne : Variante Retreat	Bogo-Indian Defense: Retreat Variation
d4 Nf6 c4 e6 g3 c5 d5 exd5 cxd5 d6 Nc3 g6 Bg2 Bg7 Nf3 O-O O-O Nbd7	A63	Défense Benoni : Variante fianchetto, Défense Hastings	Benoni Defense: Fianchetto Variation, Hastings Defense
d4 Nf6 c4 e6 g3 d5 Bg2 Be7 Nf3 O-O O-O c6 Qc2 b6 Nbd2 Bb7 e4 Na6	E06	Ouverture catalane : Closed	Catalan Opening: Closed
d4 Nf6 c4 g6 Nc3 Bg7 e4 d6 Nf3 O-O Be2 e5 O-O Nbd7 Re1 c6 Bf1 a5	E96	Défense indienne du roi : Variante Orthodox, Défense Positional, ligne principale	King's Indian Defense: Orthodox Variation, Positional Defense, Main Line
d4 Nf6 c4 g6 Nc3 d5 Nf3 Bg7 Qb3 dxc4 Qxc4 O-O e4 Bg4 Be3 Nfd7 Qb3 c5	D99	Défense Grünfeld : Variante russe, Variante Yugoslav	Grünfeld Defense: Russian Variation, Yugoslav Variation
d4 Nf6 c4 g6 Nc3 d5 cxd5 Nxd5 e4 Nxc3 bxc3 Bg7 Bc4 O-O Ne2 Qd7 O-O b6	D86	Défense Grünfeld : Variante échange, Variante Larsen	Grünfeld Defense: Exchange Variation, Larsen Variation
d4 d5 c4 c6 Nc3 Nf6 e3 e6 Nf3 Nbd7 Bd3 dxc4 Bxc4 b5 Bd3 a6 e4 c5	D48	Défense semi-slave : Variante Meran	Semi-Slav Defense: Meran Variation
d4 d5 c4 e6 Nc3 Nf6 Bg5 Be7 e3 O-O Nf3 Nbd7 Qc2 a6 cxd5 exd5 Bd3 Re8	D61	Gambit dame refusé : Défense Orthodox, Variante Rubinstein	Queen's Gambit Declined: Orthodox Defense, Rubinstein Variation
d4 d5 c4 e6 Nc3 Nf6 Bg5 Be7 e3 O-O Nf3 Nbd7 Rc1 c6 Bd3 dxc4 Bxc4 Nd5	D67	Gambit dame refusé : Défense Orthodox, Système Capablanca	Queen's Gambit Declined: Orthodox Defense, Capablanca System
d4 d5 c4 e6 Nc3 Nf6 Bg5 c6 Nf3 Be7 e3 Nbd7 Rc1 O-O Bd3 dxc4 Bxc4 b5	D66	Gambit dame refusé : Défense Orthodox, Variante fianchetto	Queen's Gambit Declined: Orthodox Defense, Fianchetto Variation
d4 d5 c4 e6 Nc3 Nf6 cxd5 Nxd5 e4 Nxc3 bxc3 c5 Nf3 cxd4 cxd4 Bb4 Bd2 Qa5	D41	Gambit dame refusé : Défense Semi-Tarrasch, Variante San Sebastian	Queen's Gambit Declined: Semi-Tarrasch Defense, San Sebastian Variation
d4 d5 c4 e6 Nc3 c5 cxd5 exd5 Nf3 Nc6 g3 Nf6 Bg2 Be7 O-O O-O Bg5 Be6	D34	Défense Tarrasch : Variante classique, Variante Endgame	Tarrasch Defense: Classical Variation, Endgame Variation
d4 d5 c4 e6 Nc3 c5 cxd5 exd5 Nf3 Nc6 g3 Nf6 Bg2 Be7 O-O O-O Bg5 c4	D34	Défense Tarrasch : Variante classique, Variante avancée	Tarrasch Defense: Classical Variation, Advance Variation
d4 d5 c4 e6 Nc3 c5 cxd5 exd5 Nf3 Nc6 g3 Nf6 Bg2 Be7 O-O O-O dxc5 d4	D34	Défense Tarrasch : Variante classique, Gambit classique Tarrasch	Tarrasch Defense: Classical Variation, Classical Tarrasch Gambit
d4 d5 c4 e6 Nc3 c6 e3 Nf6 Nf3 Nbd7 Bd3 dxc4 Bxc4 b5 Bd3 a6 e4 b4	D48	Défense semi-slave : Variante Meran, Variante Pirc	Semi-Slav Defense: Meran Variation, Pirc Variation
d4 d5 c4 e6 Nc3 c6 e4 dxe4 Nxe4 Bb4 Bd2 Qxd4 Bxb4 Qxe4 Be2 c5 Bxc5 Qxg2	D31	Défense semi-slave : Gambit Marshall, Variante Tolush	Semi-Slav Defense: Marshall Gambit, Tolush Variation
e4 c5 Nf3 Nc6 d4 cxd4 Nxd4 Nf6 Nc3 d6 Bg5 e6 Qd2 Be7 O-O-O O-O f4 e5	B64	Défense sicilienne : Variante Richter-Rauzer, Variante classique	Sicilian Defense: Richter-Rauzer Variation, Classical Variation
e4 c5 Nf3 Nc6 d4 cxd4 Nxd4 Nf6 Nc3 d6 Bg5 e6 Qd2 a6 O-O-O Bd7 f4 Be7	B68	Défense sicilienne : Variante Richter-Rauzer, Variante Neo-moderne	Sicilian Defense: Richter-Rauzer Variation, Neo-Modern Variation
e4 c5 Nf3 Nc6 d4 cxd4 Nxd4 g6 Nc3 Bg7 Be3 Nf6 Be2 O-O O-O d6 Nb3 a5	B74	Défense sicilienne : Variante Dragon, Variante classique, Alekhine ligne	Sicilian Defense: Dragon Variation, Classical Variation, Alekhine Line
e4 c5 Nf3 d6 d4 cxd4 Nxd4 Nf6 Nc3 Nc6 Bg5 e6 Qd2 Be7 O-O-O O-O f4 Nxd4	B65	Défense sicilienne : Variante Richter-Rauzer, Attaque Rauzer	Sicilian Defense: Richter-Rauzer Variation, Rauzer Attack
e4 c5 Nf3 d6 d4 cxd4 Nxd4 Nf6 Nc3 a6 Bg5 e6 f4 Be7 Qf3 Qc7 O-O-O Nbd7	B99	Défense sicilienne : Variante Najdorf, ligne principale	Sicilian Defense: Najdorf Variation, Main Line
e4 c5 Nf3 d6 d4 cxd4 Nxd4 Nf6 Nc3 a6 Bg5 e6 f4 Be7 Qf3 h6 Bh4 Qc7	B98	Défense sicilienne : Variante Najdorf, Variante Browne	Sicilian Defense: Najdorf Variation, Browne Variation
e4 c5 Nf3 d6 d4 cxd4 Nxd4 Nf6 Nc3 a6 Bg5 e6 f4 Be7 Qf3 h6 Bh4 g5	B98	Défense sicilienne : Variante Najdorf, Variante Goteborg	Sicilian Defense: Najdorf Variation, Goteborg Variation
e4 c5 Nf3 d6 d4 cxd4 Nxd4 Nf6 Nc3 a6 Bg5 e6 f4 Qb6 Qd2 Qxb2 Rb1 Qa3	B97	Défense sicilienne : Variante Najdorf, Poisoned Pawn accepté	Sicilian Defense: Najdorf Variation, Poisoned Pawn Accepted
e4 c5 Nf3 d6 d4 cxd4 Nxd4 Nf6 Nc3 g6 Be3 Bg7 f3 Nc6 Qd2 O-O Bc4 Nd7	B77	Défense sicilienne : Variante Dragon, Attaque Yugoslav, Variante Sosonko	Sicilian Defense: Dragon Variation, Yugoslav Attack, Sosonko Variation
e4 c5 Nf3 d6 d4 cxd4 Nxd4 Nf6 Nc3 g6 Be3 Bg7 f3 O-O Qd2 Nc6 Bc4 Bd7	B77	Défense sicilienne : Variante Dragon, Attaque Yugoslav, ligne principale	Sicilian Defense: Dragon Variation, Yugoslav Attack, Main Line
e4 c5 Nf3 d6 d4 cxd4 Nxd4 Nf6 Nc3 g6 Be3 Bg7 f3 O-O Qd2 Nc6 Bc4 a5	B77	Défense sicilienne : Variante Dragon, Attaque Yugoslav, Variante Byrne	Sicilian Defense: Dragon Variation, Yugoslav Attack, Byrne Variation
e4 c5 c3 d5 exd5 Qxd5 d4 cxd4 cxd4 Nc6 Nf3 Bg4 Nc3 Bxf3 gxf3 Qxd4 Qxd4 Nxd4	B22	Défense sicilienne : Variante Alapin, Défense Barmen, Variante Endgame	Sicilian Defense: Alapin Variation, Barmen Defense, Endgame Variation
e4 c5 d4 cxd4 c3 dxc3 Nxc3 Nc6 Bc4 e6 Nf3 d6 O-O a6 Qe2 b5 Bb3 Ra7	B21	Défense sicilienne : Smith-Morra gambit accepté, Défense Chicago	Sicilian Defense: Smith-Morra Gambit Accepted, Chicago Defense
e4 e5 Nf3 Nc6 Bb5 Nf6 O-O Nxe4 d4 Nd6 Bxc6 dxc6 dxe5 Nf5 Qxd8 Kxd8 Nc3 Bd7	C67	Partie espagnole (Ruy López) : Défense Berlin, Berlin Wall	Ruy Lopez: Berlin Defense, Berlin Wall
e4 e5 Nf3 Nc6 Bb5 a6 Ba4 Nf6 O-O Be7 Re1 b5 Bb3 O-O c3 d5 exd5 e4	C89	Partie espagnole (Ruy López) : Attaque Marshall, Variante Steiner	Ruy Lopez: Marshall Attack, Steiner Variation
e4 e5 Nf3 Nc6 Bb5 a6 Ba4 Nf6 O-O Be7 Re1 b5 Bb3 d6 c3 O-O d4 Bg4	C91	Partie espagnole (Ruy López) : Closed, Variante Bogoljubow	Ruy Lopez: Closed, Bogoljubow Variation
e4 e5 Nf3 Nc6 Bb5 a6 Ba4 Nf6 O-O Be7 Re1 b5 Bb3 d6 c3 O-O h3 Bb7	C92	Partie espagnole (Ruy López) : Closed, Système Flohr	Ruy Lopez: Closed, Flohr System
e4 e5 Nf3 Nc6 Bb5 a6 Ba4 Nf6 O-O Be7 Re1 b5 Bb3 d6 c3 O-O h3 Be6	C92	Partie espagnole (Ruy López) : Closed, Variante Kholmov	Ruy Lopez: Closed, Kholmov Variation
e4 e5 Nf3 Nc6 Bb5 a6 Ba4 Nf6 O-O Be7 Re1 b5 Bb3 d6 c3 O-O h3 Na5	C97	Partie espagnole (Ruy López) : Closed, Défense Chigorin	Ruy Lopez: Closed, Chigorin Defense
e4 e5 Nf3 Nc6 Bb5 a6 Ba4 Nf6 O-O Be7 Re1 b5 Bb3 d6 c3 O-O h3 Nb8	C94	Partie espagnole (Ruy López) : Closed, Défense Breyer	Ruy Lopez: Closed, Breyer Defense
e4 e5 Nf3 Nc6 Bb5 a6 Ba4 Nf6 O-O Be7 Re1 b5 Bb3 d6 c3 O-O h3 Nd7	C92	Partie espagnole (Ruy López) : Closed, Variante Karpov	Ruy Lopez: Closed, Karpov Variation
e4 e5 Nf3 Nc6 Bb5 a6 Ba4 Nf6 O-O Be7 Re1 b5 Bb3 d6 c3 O-O h3 Re8	C92	Partie espagnole (Ruy López) : Closed, Système Zaitsev	Ruy Lopez: Closed, Zaitsev System
e4 e5 Nf3 Nc6 Bb5 a6 Ba4 Nf6 O-O Be7 Re1 b5 Bb3 d6 c3 O-O h3 h6	C93	Partie espagnole (Ruy López) : Closed, Défense Smyslov	Ruy Lopez: Closed, Smyslov Defense
e4 e5 Nf3 Nc6 Bb5 a6 Ba4 Nf6 O-O Nxe4 d4 b5 Bb3 d5 dxe5 Be6 c3 Bc5	C82	Partie espagnole (Ruy López) : Open, Variante italienne	Ruy Lopez: Open, Italian Variation
e4 e5 Nf3 Nc6 Bb5 a6 Ba4 Nf6 O-O Nxe4 d4 b5 Bb3 d5 dxe5 Be6 c3 Be7	C83	Partie espagnole (Ruy López) : Open, Défense classique	Ruy Lopez: Open, Classical Defense
e4 e5 Nf3 Nc6 Bb5 a6 Ba4 Nf6 O-O Nxe4 d4 b5 Bb3 d5 dxe5 Be6 c3 Nc5	C82	Partie espagnole (Ruy López) : Open, Variante Berlin	Ruy Lopez: Open, Berlin Variation
e4 e5 Nf3 Nc6 Bb5 a6 Ba4 d6 O-O Bd7 c3 Nf6 d4 Be7 Nbd2 O-O Re1 Be8	C72	Partie espagnole (Ruy López) : Closed, Variante Kecskemet	Ruy Lopez: Closed, Kecskemet Variation
e4 e5 Nf3 Nc6 Bc4 Bc5 b4 Bxb4 c3 Bc5 d4 exd4 O-O d6 cxd4 Bb6 Nc3 Bg4	C51	Partie italienne : Gambit Evans	Italian Game: Evans Gambit
e4 e5 Nf3 Nc6 Bc4 Nf6 Ng5 d5 exd5 Na5 d3 h6 Nf3 e4 Qe2 Nxc4 dxc4 Be7	C58	Partie italienne : Défense deux cavaliers, Variante Maróczy	Italian Game: Two Knights Defense, Maróczy Variation
e4 e5 Nf3 Nc6 Bc4 Nf6 d4 exd4 e5 d5 Bb5 Ne4 Nxd4 Bc5 Nxc6 Bxf2 Kf1 Qh4	C56	Partie italienne : Défense deux cavaliers, Variante Keidansky	Italian Game: Two Knights Defense, Keidansky Variation
e4 e5 Nf3 Nc6 Nc3 Nf6 Bb5 Bc5 O-O O-O Nxe5 Nxe5 d4 Bd6 f4 Nc6 e5 Bb4	C48	Partie des quatre cavaliers : Variante espagnole, Variante Bardeleben	Four Knights Game: Spanish Variation, Bardeleben Variation
e4 e5 Nf3 Nc6 Nc3 Nf6 Bb5 Nd4 Be2 Nxf3 Bxf3 Bc5 O-O O-O d3 d6 Na4 Bb6	C48	Partie des quatre cavaliers : Variante espagnole, Variante Rubinstein, Variante Maróczy	Four Knights Game: Spanish Variation, Rubinstein Variation, Maróczy Variation
e4 e5 Nf3 Nc6 d4 exd4 Bc4 Bb4 c3 dxc3 O-O cxb2 Bxb2 Nf6 Ng5 O-O e5 Nxe5	C44	Partie écossaise : Variante Hanneken	Scotch Game: Hanneken Variation
e4 e5 Nf3 Nc6 d4 exd4 Bc4 Bc5 Ng5 Nh6 Nxf7 Nxf7 Bxf7 Kxf7 Qh5 g6 Qxc5 d5	C44	Partie écossaise : Défense Cochrane-Shumov	Scotch Game: Cochrane-Shumov Defense
e4 e5 Nf3 Nc6 d4 exd4 Bc4 Bc5 O-O Nf6 e5 d5 exf6 dxc4 Re1 Be6 Ng5 g6	C56	Partie italienne : Défense deux cavaliers, Attaque Max Lange, Défense Loman	Italian Game: Two Knights Defense, Max Lange Attack, Loman Defense
e4 e5 Nf3 Nc6 d4 exd4 Nxd4 Qh4 Nb5 Bb4 Bd2 Qxe4 Be2 Kd8 O-O Bxd2 Nxd2 Qg6	C45	Partie écossaise : Variante Rosenthal	Scotch Game: Rosenthal Variation
e4 e5 Nf3 Nf6 Nxe5 d6 Nf3 Nxe4 d4 d5 Bd3 Bd6 O-O O-O c4 c6 Re1 Bg4	C42	Défense Petroff (russe) : Attaque classique, Variante Marshall, Gambit Chinese	Petrov's Defense: Classical Attack, Marshall Variation, Chinese Gambit
e4 e5 f4 exf4 Nf3 g5 h4 g4 Ne5 Nf6 Bc4 d5 exd5 Bd6 d4 Nh5 Bxf4 Nxf4	C39	Gambit du roi accepté : Gambit Kieseritzky, Gambit Anderssen-Cordel	King's Gambit Accepted: Kieseritzky Gambit, Anderssen-Cordel Gambit
e4 e6 d4 d5 Nc3 Bb4 e5 c5 a3 Bxc3 bxc3 Ne7 Qg4 cxd4 Qxg7 Rg8 Qxh7 Nbc6	C18	Défense française : Variante Winawer, Variante Poisoned Pawn	French Defense: Winawer Variation, Poisoned Pawn Variation
e4 e6 d4 d5 Nc3 Bb4 e5 c5 a3 Bxc3 bxc3 Ne7 a4 Nbc6 Nf3 Qa5 Bd2 Bd7	C19	Défense française : Variante Winawer, Variante Positional	French Defense: Winawer Variation, Positional Variation
e4 e6 d4 d5 Nc3 Bb4 e5 c5 a3 Bxc3 bxc3 Ne7 a4 Nbc6 Nf3 Qa5 Bd2 c4	C19	Défense française : Variante Winawer, Variante Positional	French Defense: Winawer Variation, Positional Variation
e4 e6 d4 d5 Nc3 Bb4 e5 c5 a3 Bxc3 bxc3 Ne7 a4 Nbc6 Nf3 Qa5 Qd2 Bd7	C19	Défense française : Variante Winawer, Variante Positional	French Defense: Winawer Variation, Positional Variation
e4 e6 d4 d5 Nc3 Nf6 e5 Nfd7 f4 c5 dxc5 Nc6 a3 Bxc5 Qg4 O-O Nf3 f6	C11	Défense française : Variante Steinitz, Variante Brodsky-Jones	French Defense: Steinitz Variation, Brodsky-Jones Variation
d4 Nf6 c4 c5 d5 e6 Nc3 exd5 cxd5 d6 e4 g6 Nf3 Bg7 Be2 O-O O-O Re8 Nd2	A77	Défense Benoni : Variante classique, Défense Czerniak, Tal ligne	Benoni Defense: Classical Variation, Czerniak Defense, Tal Line
d4 Nf6 c4 c5 d5 e6 Nc3 exd5 cxd5 d6 e4 g6 Nf3 Bg7 Be2 O-O O-O a6 a4	A74	Défense Benoni : Variante classique, Full ligne	Benoni Defense: Classical Variation, Full Line
d4 Nf6 c4 e6 Nc3 Bb4 e3 O-O Bd3 d5 Nf3 c5 O-O Nc6 a3 Bxc3 bxc3 dxc4 Bxc4	E59	Défense nimzo-indienne : Variante Normal, Défense Bernstein	Nimzo-Indian Defense: Normal Variation, Bernstein Defense
d4 Nf6 c4 e6 Nc3 d5 cxd5 exd5 Bg5 Be7 e3 O-O Bd3 Nbd7 Qc2 Re8 Nge2 Nf8 O-O-O	D35	Gambit dame refusé : Variante échange, Variante Chameleon	Queen's Gambit Declined: Exchange Variation, Chameleon Variation
d4 Nf6 c4 e6 Nf3 b6 g3 Bb7 Bg2 Bb4 Bd2 Bxd2 Qxd2 O-O Nc3 Ne4 Qc2 Nxc3 Ng5	E11	Défense bogo-indienne : Monticelli Trap	Bogo-Indian Defense: Monticelli Trap
d4 Nf6 c4 e6 Nf3 d5 Nc3 Be7 Bf4 O-O e3 c5 dxc5 Bxc5 Qc2 Nc6 Rd1 Qa5 a3	D37	Gambit dame refusé : Attaque Harrwitz	Queen's Gambit Declined: Harrwitz Attack
d4 Nf6 c4 e6 Nf3 d5 Nc3 Be7 Bf4 O-O e3 c5 dxc5 Bxc5 Qc2 Nc6 a3 Qa5 O-O-O	D37	Gambit dame refusé : Attaque Harrwitz	Queen's Gambit Declined: Harrwitz Attack
d4 Nf6 c4 e6 Nf3 d5 g3 Bb4 Bd2 Be7 Bg2 O-O O-O c6 Qc2 Nbd7 Bf4 b6 Nbd2	E11	Défense bogo-indienne : Variante Retreat	Bogo-Indian Defense: Retreat Variation
d4 Nf6 c4 e6 g3 d5 Bg2 Be7 Nf3 O-O O-O Nbd7 Qc2 c6 Bf4 b6 Nbd2 Bb7 e4	E08	Ouverture catalane : Closed	Catalan Opening: Closed
d4 Nf6 c4 g6 Nc3 Bg7 e4 d6 Nf3 O-O Be2 e5 O-O Nc6 d5 Ne7 Ne1 Nd7 Be3	E98	Défense indienne du roi : Variante Orthodox, Système classique, Neo-classique ligne	King's Indian Defense: Orthodox Variation, Classical System, Neo-Classical Line
d4 Nf6 c4 g6 Nc3 Bg7 e4 d6 Nf3 O-O Be2 e5 O-O Nc6 d5 Ne7 b4 Nh5 Qc2	E97	Défense indienne du roi : Variante Orthodox, Attaque Bayonet, Yepishin's ligne	King's Indian Defense: Orthodox Variation, Bayonet Attack, Yepishin's Line
d4 Nf6 c4 g6 Nc3 Bg7 e4 d6 Nf3 O-O Be2 e5 O-O Nc6 d5 Ne7 b4 Nh5 Re1	E97	Défense indienne du roi : Variante Orthodox, Attaque Bayonet, Sokolov's ligne	King's Indian Defense: Orthodox Variation, Bayonet Attack, Sokolov's Line
d4 Nf6 c4 g6 Nc3 Bg7 e4 d6 f4 O-O Be2 c5 d5 e6 dxe6 fxe6 g4 Nc6 h4	E77	Défense indienne du roi : Attaque Six Pawns	King's Indian Defense: Six Pawns Attack
d4 Nf6 c4 g6 Nf3 Bg7 g3 O-O Bg2 d6 O-O Nc6 Nc3 a6 h3 Rb8 Be3 b5 Nd2	E63	Défense indienne du roi : Variante fianchetto, Variante Panno, Korchnoi ligne	King's Indian Defense: Fianchetto Variation, Panno Variation, Korchnoi Line
d4 d5 Nf3 Nf6 c4 e6 Nc3 Be7 Bg5 O-O e3 Nbd7 Rc1 c6 Bd3 dxc4 Bxc4 Nd5 h4	D67	Gambit dame refusé : Défense Orthodox, Variante Janowski	Queen's Gambit Declined: Orthodox Defense, Janowski Variation
d4 d5 Nf3 Nf6 c4 e6 Nc3 Be7 Bg5 O-O e3 Nbd7 Rc1 c6 Qc2 a6 cxd5 exd5 Bd3	D65	Gambit dame refusé : Défense Orthodox, Attaque Rubinstein	Queen's Gambit Declined: Orthodox Defense, Rubinstein Attack
d4 d5 c4 c6 Nc3 Nf6 e3 e6 Nf3 Nbd7 Bd3 dxc4 Bxc4 b5 Bd3 a6 e4 c5 e5	D48	Défense semi-slave : Variante Meran, Variante ancienne	Semi-Slav Defense: Meran Variation, Old Variation
d4 d5 c4 c6 Nc3 Nf6 e3 e6 Nf3 Nbd7 Qc2 b6 b3 Bb7 Bd3 Be7 O-O O-O Bb2	D46	Défense semi-slave : ligne principale	Semi-Slav Defense: Main Line
d4 d5 c4 c6 Nf3 Nf6 Nc3 dxc4 a4 Bf5 e3 e6 Bxc4 Bb4 O-O O-O Qe2 Ne4 g4	D19	Défense slave : Variante tchèque, Variante hollandaise, Variante Sämisch	Slav Defense: Czech Variation, Dutch Variation, Sämisch Variation
d4 d5 c4 c6 Nf3 Nf6 Nc3 e6 Bg5 dxc4 e4 b5 e5 h6 Bh4 g5 exf6 gxh4 Ne5	D44	Défense semi-slave : Variante Botvinnik, Variante Ekstrom	Semi-Slav Defense: Botvinnik Variation, Ekstrom Variation
d4 d5 c4 c6 Nf3 Nf6 Nc3 e6 e3 Nbd7 Bd3 dxc4 Bxc4 b5 Bd3 a6 e4 c5 d5	D48	Défense semi-slave : Variante Meran, Variante Reynolds'	Semi-Slav Defense: Meran Variation, Reynolds' Variation
d4 d5 c4 c6 Nf3 Nf6 Nc3 e6 e3 Nbd7 Qc2 Bd6 e4 dxe4 Nxe4 Nxe4 Qxe4 e5 dxe5	D45	Défense semi-slave : Variante Stoltz, Variante centre, Mikhalchishin ligne	Semi-Slav Defense: Stoltz Variation, Center Variation, Mikhalchishin Line
d4 d5 c4 c6 Nf3 e6 e3 Nf6 Nc3 Bd6 Bd3 dxc4 Bxc4 b5 Bd3 Nbd7 O-O O-O Qc2	D46	Défense semi-slave : Défense Chigorin	Semi-Slav Defense: Chigorin Defense
d4 d5 c4 dxc4 Nf3 Nf6 e3 e6 Bxc4 c5 Qe2 a6 dxc5 Bxc5 O-O Nc6 e4 b5 e5	D26	Gambit dame accepté : classique, Variante Furman	Queen's Gambit Accepted: Classical, Furman Variation
d4 d5 c4 e6 Nc3 Be7 Nf3 Nf6 Bg5 h6 Bh4 O-O e3 Ne4 Bxe7 Qxe7 cxd5 Nxc3 bxc3	D57	Gambit dame refusé : Défense Lasker, ligne principale	Queen's Gambit Declined: Lasker Defense, Main Line
d4 d5 c4 e6 Nc3 Nf6 Nf3 c5 e3 Nc6 Bd3 Bd6 O-O O-O Qe2 Qe7 dxc5 Bxc5 e4	D40	Gambit dame refusé : Défense Semi-Tarrasch, Variante Levenfish	Queen's Gambit Declined: Semi-Tarrasch Defense, Levenfish Variation
d4 d5 c4 e6 Nc3 c5 cxd5 exd5 Nf3 Nc6 g3 Nf6 Bg2 Be7 O-O O-O dxc5 Bxc5 Na4	D34	Défense Tarrasch : Variante classique, Variante Réti	Tarrasch Defense: Classical Variation, Réti Variation
e4 c5 Nf3 Nc6 d4 cxd4 Nxd4 g6 Be3 Bg7 Be2 Nf6 Nc3 O-O O-O d6 f4 Qb6 e5	B73	Défense sicilienne : Variante Dragon, Variante classique, Gambit Zollner	Sicilian Defense: Dragon Variation, Classical Variation, Zollner Gambit
e4 c5 Nf3 d6 d4 cxd4 Nxd4 Nf6 Nc3 Nc6 Bg5 e6 Qd2 Be7 O-O-O O-O f4 Nxd4 Qxd4	B65	Défense sicilienne : Variante Richter-Rauzer, Variante classique	Sicilian Defense: Richter-Rauzer Variation, Classical Variation
e4 c5 Nf3 d6 d4 cxd4 Nxd4 Nf6 Nc3 a6 Bg5 e6 f4 b5 e5 dxe5 fxe5 Qc7 Qe2	B96	Défense sicilienne : Variante Najdorf, Variante Polugaevsky, Simagin ligne	Sicilian Defense: Najdorf Variation, Polugaevsky Variation, Simagin Line
e4 c5 Nf3 d6 d4 cxd4 Nxd4 Nf6 Nc3 g6 Be3 Bg7 f3 O-O Qd2 Nc6 Bc4 Bd7 Bb3	B77	Défense sicilienne : Variante Dragon, Attaque Yugoslav, ligne principale	Sicilian Defense: Dragon Variation, Yugoslav Attack, Main Line
e4 c5 Nf3 d6 d4 cxd4 Nxd4 Nf6 Nc3 g6 Be3 Bg7 f3 O-O Qd2 Nc6 Bc4 Bd7 O-O-O	B78	Défense sicilienne : Variante Dragon, Attaque Yugoslav	Sicilian Defense: Dragon Variation, Yugoslav Attack
e4 c5 Nf3 e6 d4 cxd4 Nxd4 Nc6 Nc3 Qc7 Be2 a6 O-O Nf6 Kh1 Be7 f4 d6 a4	B85	Défense sicilienne : Variante Scheveningen, Variante classique, Variante Paulsen	Sicilian Defense: Scheveningen Variation, Classical Variation, Paulsen Variation
e4 c5 Nf3 e6 d4 cxd4 Nxd4 Nf6 Nc3 d6 Be2 Be7 O-O O-O f4 Nc6 Be3 Bd7 Nb3	B83	Défense sicilienne : Variante Scheveningen, Variante moderne	Sicilian Defense: Scheveningen Variation, Modern Variation
e4 c6 d4 d5 Nd2 dxe4 Nxe4 Nd7 Ng5 Ngf6 Bd3 e6 N1f3 Bd6 Qe2 h6 Ne4 Nxe4 Qxe4	B17	Défense Caro-Kann : Variante Karpov, moderne ligne principale	Caro-Kann Defense: Karpov Variation, Modern Main Line
e4 c6 d4 d5 exd5 cxd5 c4 Nc6 Nc3 Nf6 Nf3 e6 cxd5 exd5 Bb5 Bd6 Bg5 O-O O-O	B14	Défense Caro-Kann : Attaque Panov	Caro-Kann Defense: Panov Attack
e4 e5 Nf3 Nc6 Bb5 a6 Ba4 Nf6 O-O Be7 Re1 b5 Bb3 d6 c3 O-O d4 Bg4 a4	C91	Partie espagnole (Ruy López) : Closed, Variante Yates, Attaque Short	Ruy Lopez: Closed, Yates Variation, Short Attack
e4 e5 Nf3 Nc6 Bb5 a6 Ba4 Nf6 O-O Be7 Re1 b5 Bb3 d6 c3 O-O h3 Na5 Bc2	C96	Partie espagnole (Ruy López) : Closed, Défense Chigorin	Ruy Lopez: Closed, Chigorin Defense
e4 e5 Nf3 Nc6 Bb5 a6 Ba4 Nf6 O-O Be7 Re1 b5 Bb3 d6 c3 O-O h3 Nb8 d3	C94	Partie espagnole (Ruy López) : Closed, Défense Breyer, Variante calme	Ruy Lopez: Closed, Breyer Defense, Quiet Variation
e4 e5 Nf3 Nc6 Bb5 a6 Ba4 Nf6 O-O Be7 Re1 b5 Bb3 d6 c3 O-O h3 Nb8 d4	C95	Partie espagnole (Ruy López) : Closed, Breyer	Ruy Lopez: Closed, Breyer
e4 e5 Nf3 Nc6 Bb5 a6 Ba4 Nf6 O-O Nxe4 d4 Be7 Re1 b5 Bb3 d5 dxe5 Be6 c3	C83	Partie espagnole (Ruy López) : Open, Défense classique, ligne principale	Ruy Lopez: Open, Classical Defense, Main Line
e4 e5 Nf3 Nc6 Bb5 a6 Ba4 Nf6 O-O Nxe4 d4 b5 Bb3 d5 a4 Nxd4 Nxd4 exd4 Nc3	C80	Partie espagnole (Ruy López) : Open, Variante Berger	Ruy Lopez: Open, Berger Variation
e4 e5 Nf3 Nc6 Bb5 a6 Ba4 Nf6 O-O Nxe4 d4 b5 Bb3 d5 dxe5 Be6 Nbd2 Bc5 Qe1	C80	Partie espagnole (Ruy López) : Open, Variante Bernstein, Luther ligne	Ruy Lopez: Open, Bernstein Variation, Luther Line
e4 e5 Nf3 Nc6 Bb5 a6 Ba4 Nf6 O-O Nxe4 d4 b5 Bb3 d5 dxe5 Be6 Qe2 Be7 c4	C81	Partie espagnole (Ruy López) : Open, Attaque Howell	Ruy Lopez: Open, Howell Attack
e4 e5 Nf3 Nc6 Bb5 a6 Ba4 Nf6 O-O Nxe4 d4 b5 Bb3 d5 dxe5 Be6 c3 Bc5 Nbd2	C82	Partie espagnole (Ruy López) : Open, Variante St. Petersburg	Ruy Lopez: Open, St. Petersburg Variation
e4 e5 Nf3 Nc6 Bb5 a6 Ba4 Nf6 O-O Nxe4 d4 b5 Bb3 d5 dxe5 Be6 c3 Bc5 Qd3	C82	Partie espagnole (Ruy López) : Open, Attaque Motzko	Ruy Lopez: Open, Motzko Attack
e4 e5 Nf3 Nc6 Bb5 a6 Ba4 Nf6 O-O d6 Bxc6 bxc6 d4 Nxe4 Re1 f5 dxe5 d5 Nc3	C79	Partie espagnole (Ruy López) : Steinitz défense différé, Variante Boleslavsky	Ruy Lopez: Steinitz Defense Deferred, Boleslavsky Variation
e4 e5 Nf3 Nc6 Bc4 Bc5 b4 Bxb4 c3 Bc5 d4 exd4 O-O d6 cxd4 Bb6 Nc3 Bg4 Qa4	C51	Partie italienne : Gambit Evans, Attaque Fraser	Italian Game: Evans Gambit, Fraser Attack
e4 e5 Nf3 Nc6 Bc4 Bc5 b4 Bxb4 c3 Bc5 d4 exd4 O-O d6 cxd4 Bb6 Nc3 Na5 Bg5	C51	Partie italienne : Gambit Evans, Attaque Göring	Italian Game: Evans Gambit, Göring Attack
e4 e5 Nf3 Nc6 Bc4 Bc5 b4 Bxb4 c3 Bc5 d4 exd4 O-O d6 cxd4 Bb6 d5 Na5 Bb2	C51	Partie italienne : Gambit Evans, Variante Ulvestad	Italian Game: Evans Gambit, Ulvestad Variation
e4 e5 Nf3 Nc6 Bc4 Bc5 c3 Nf6 d4 exd4 cxd4 Bb4 Nc3 Nxe4 O-O Bxc3 bxc3 d5 Ba3	C54	Partie italienne : Giuoco Piano, Variante Steinitz	Italian Game: Giuoco Piano, Steinitz Variation
e4 e5 Nf3 Nc6 Bc4 Bc5 c3 Nf6 d4 exd4 cxd4 Bb4 Nc3 Nxe4 O-O Nxc3 bxc3 Bxc3 Ba3	C54	Partie italienne : Giuoco Piano, Variante Aitken	Italian Game: Giuoco Piano, Aitken Variation
e4 e5 Nf3 Nc6 Bc4 Nf6 Ng5 d5 exd5 Na5 d3 h6 Nf3 e4 Qe2 Nxc4 dxc4 Bc5 Nfd2	C58	Partie italienne : Défense deux cavaliers, Défense Polerio, Variante Yankovich	Italian Game: Two Knights Defense, Polerio Defense, Yankovich Variation
e4 e5 Nf3 Nc6 Bc4 Nf6 O-O Bc5 d4 Bxd4 Nxd4 Nxd4 Bg5 d6 f4 Qe7 fxe5 dxe5 Nc3	C54	Partie italienne : Giuoco Piano, Attaque Holzhausen	Italian Game: Giuoco Piano, Holzhausen Attack
e4 e5 Nf3 Nc6 d4 exd4 c3 dxc3 Nxc3 d6 Bc4 Bg4 O-O Ne5 Nxe5 Bxd1 Bxf7 Ke7 Nd5	C44	Partie écossaise : Sea-Cadet Mate	Scotch Game: Sea-Cadet Mate
e4 e5 Nf3 Nf6 Nxe5 d6 Nf3 Nxe4 d4 d5 Bd3 Be7 O-O Nc6 Re1 Bg4 c3 f5 Nbd2	C42	Défense Petroff (russe) : Attaque classique, Variante Berger	Petrov's Defense: Classical Attack, Berger Variation
e4 e5 Nf3 Nf6 Nxe5 d6 Nf3 Nxe4 d4 d5 Bd3 Nc6 O-O Be7 Re1 Bg4 c3 f5 c4	C42	Défense Petroff (russe) : Attaque classique, Variante Krause	Petrov's Defense: Classical Attack, Krause Variation
e4 e5 Nf3 d6 d4 exd4 Nxd4 Nf6 Nc3 Be7 Be2 O-O O-O c5 Nf3 Nc6 Bg5 Be6 Re1	C41	Défense Philidor : Variante Berger	Philidor Defense: Berger Variation
e4 e5 f4 exf4 Nf3 g5 Bc4 Bg7 h4 h6 d4 d6 Nc3 c6 hxg5 hxg5 Rxh8 Bxh8 Ne5	C38	Gambit du roi accepté : Gambit Greco	King's Gambit Accepted: Greco Gambit
e4 e5 f4 exf4 Nf3 g5 Bc4 g4 Bxf7 Kxf7 O-O gxf3 Qxf3 Qf6 d4 Qxd4 Be3 Qf6 Nc3	C37	Gambit du roi accepté : Gambit Lolli, Variante Young	King's Gambit Accepted: Lolli Gambit, Young Variation
e4 e5 f4 exf4 Nf3 g5 h4 g4 Ng5 h6 Nxf7 Kxf7 d4 d5 Bxf4 dxe4 Bc4 Kg7 Be5	C39	Gambit du roi accepté : Allgaier, Variante Cook	King's Gambit Accepted: Allgaier, Cook Variation
e4 e6 d4 d5 Nc3 Bb4 e5 c5 a3 Bxc3 bxc3 Ne7 Qg4 Qc7 Qxg7 Rg8 Qxh7 cxd4 Kd1	C18	Défense française : Variante Winawer, Variante Poisoned Pawn, Variante Paoli	French Defense: Winawer Variation, Poisoned Pawn Variation, Paoli Variation
e4 e6 d4 d5 Nc3 Bb4 e5 c5 a3 Bxc3 bxc3 Ne7 Qg4 Qc7 Qxg7 Rg8 Qxh7 cxd4 Ne2	C18	Défense française : Variante Winawer, Variante Poisoned Pawn, ligne principale	French Defense: Winawer Variation, Poisoned Pawn Variation, Main Line
c4 e6 Nf3 c5 Nc3 Nf6 g3 b6 Bg2 Bb7 O-O Be7 d4 cxd4 Qxd4 d6 Rd1 a6 b3 Nbd7	A30	Ouverture anglaise : symétrique, Hedgehog, Formation Flexible	English Opening: Symmetrical, Hedgehog, Flexible Formation
d4 Nf6 c4 e6 Nc3 c5 Nf3 d5 cxd5 exd5 g3 Nc6 Bg2 Be7 O-O O-O Bg5 Be6 Rc1 c4	D34	Défense Tarrasch : Variante classique, Variante Bogoljubow	Tarrasch Defense: Classical Variation, Bogoljubow Variation
d4 Nf6 c4 e6 Nf3 c5 d5 exd5 cxd5 d6 Nc3 g6 e4 Bg7 Be2 O-O O-O Re8 Nd2 Na6	A78	Défense Benoni : Variante classique, Défense Czerniak	Benoni Defense: Classical Variation, Czerniak Defense
d4 Nf6 c4 e6 Nf3 c5 d5 exd5 cxd5 d6 Nc3 g6 e4 Bg7 Be2 O-O O-O a6 a4 Bg4	A75	Défense Benoni : Variante classique, Contre-attaque Argentine	Benoni Defense: Classical Variation, Argentine Counterattack
d4 Nf6 c4 e6 Nf3 d5 g3 Bb4 Bd2 Be7 Bg2 O-O O-O c6 Qc2 Nbd7 Bf4 b6 Nbd2 Ba6	E11	Défense bogo-indienne : Variante Retreat	Bogo-Indian Defense: Retreat Variation
d4 Nf6 c4 e6 g3 Be7 Bg2 d5 Nf3 O-O O-O Nbd7 Qc2 c6 b3 b6 Rd1 Bb7 Nc3 b5	E08	Ouverture catalane : Closed, Gambit Spassky	Catalan Opening: Closed, Spassky Gambit
d4 Nf6 c4 e6 g3 d5 Bg2 Be7 Nf3 O-O O-O Nbd7 Qc2 c6 Nbd2 b6 b3 a5 Bb2 Ba6	E09	Ouverture catalane : Closed, Variante Sokolsky	Catalan Opening: Closed, Sokolsky Variation
d4 Nf6 c4 g6 Nc3 Bg7 e4 d6 Nf3 O-O Be2 e5 O-O Nc6 d5 Ne7 Ne1 Nd7 f3 f5	E99	Défense indienne du roi : Variante Orthodox, Système classique, Traditional ligne	King's Indian Defense: Orthodox Variation, Classical System, Traditional Line
d4 Nf6 c4 g6 Nc3 d5 cxd5 Nxd5 e4 Nxc3 bxc3 Bg7 Nf3 c5 Rb1 O-O Be2 Nc6 d5 Bxc3	D85	Défense Grünfeld : Variante échange, Variante moderne échange, Pawn Grab ligne	Grünfeld Defense: Exchange Variation, Modern Exchange Variation, Pawn Grab Line
d4 Nf6 c4 g6 Nf3 Bg7 g3 O-O Bg2 d6 O-O Nc6 Nc3 a6 d5 Na5 Nd2 c5 Qc2 e5	E63	Défense indienne du roi : Variante fianchetto, Variante Panno, Blockade ligne	King's Indian Defense: Fianchetto Variation, Panno Variation, Blockade Line
d4 d5 c4 dxc4 Nf3 Nf6 e3 e6 Bxc4 c5 O-O a6 Qe2 b5 Bb3 Bb7 Rd1 Nbd7 Nc3 Bd6	D29	Gambit dame accepté : Défense classique, Système Alekhine, Variante Smyslov	Queen's Gambit Accepted: Classical Defense, Alekhine System, Smyslov Variation
d4 d5 c4 e6 Nc3 Nf6 Bg5 Be7 e3 O-O Nf3 Nbd7 Rc1 c6 Bd3 dxc4 Bxc4 Nd5 Bxe7 Qxe7	D67	Gambit dame refusé : Défense Orthodox, Bd3 ligne	Queen's Gambit Declined: Orthodox Defense, Bd3 Line
d4 d5 c4 e6 Nc3 c5 cxd5 exd5 Nf3 Nc6 g3 Nf6 Bg2 Be7 O-O O-O Bg5 cxd4 Nxd4 Re8	D34	Défense Tarrasch : Variante classique, Variante Petursson	Tarrasch Defense: Classical Variation, Petursson Variation
d4 d5 c4 e6 Nf3 c5 cxd5 exd5 g3 Nc6 Bg2 Nf6 O-O Be7 Nc3 O-O Bg5 Be6 Rc1 b6	D34	Gambit dame refusé : Défense Tarrasch, Variante Stoltz	Queen's Gambit Declined: Tarrasch Defense, Stoltz Variation
e4 Nf6 e5 Nd5 d4 d6 c4 Nb6 f4 dxe5 fxe5 Bf5 Nc3 e6 Nf3 Be7 Be2 O-O O-O f6	B03	Défense Alekhine : Attaque Four Pawns, Variante Korchnoi	Alekhine Defense: Four Pawns Attack, Korchnoi Variation
e4 c5 Nf3 Nc6 d4 cxd4 Nxd4 Nf6 Nc3 e5 Ndb5 d6 Bg5 a6 Na3 b5 Bxf6 gxf6 Nd5 Bg7	B33	Défense sicilienne : Variante Lasker-Pelikan, Variante Sveshnikov, Variante Novosibirsk	Sicilian Defense: Lasker-Pelikan Variation, Sveshnikov Variation, Novosibirsk Variation
e4 c5 Nf3 Nc6 d4 cxd4 Nxd4 Nf6 Nc3 e5 Ndb5 d6 Bg5 a6 Na3 b5 Bxf6 gxf6 Nd5 f5	B33	Défense sicilienne : Variante Lasker-Pelikan, Variante Sveshnikov	Sicilian Defense: Lasker-Pelikan Variation, Sveshnikov Variation
e4 c5 Nf3 d6 d4 cxd4 Nxd4 Nf6 Nc3 Nc6 Bc4 e6 Be3 Be7 Bb3 O-O O-O Na5 f4 b6	B89	Défense sicilienne : Attaque Sozin, ligne principale, Variante Sherbakov	Sicilian Defense: Sozin Attack, Main Line, Sherbakov Variation
e4 c5 Nf3 d6 d4 cxd4 Nxd4 Nf6 Nc3 Nc6 Bg5 e6 Qd2 Be7 O-O-O Nxd4 Qxd4 a6 f4 b5	B63	Défense sicilienne : Variante Richter-Rauzer, Variante classique, Kantscher ligne	Sicilian Defense: Richter-Rauzer Variation, Classical Variation, Kantscher Line
e4 c5 Nf3 d6 d4 cxd4 Nxd4 Nf6 Nc3 g6 Be2 Bg7 O-O O-O Be3 Nc6 Nb3 Be6 f4 Na5	B74	Défense sicilienne : Variante Dragon, Variante classique, Maróczy ligne	Sicilian Defense: Dragon Variation, Classical Variation, Maróczy Line
e4 c5 Nf3 d6 d4 cxd4 Nxd4 Nf6 Nc3 g6 Be2 Bg7 O-O O-O Be3 Nc6 Nb3 Be6 f4 Qc8	B74	Défense sicilienne : Variante Dragon, Variante classique, Tartakower ligne	Sicilian Defense: Dragon Variation, Classical Variation, Tartakower Line
e4 c5 Nf3 d6 d4 cxd4 Nxd4 Nf6 Nc3 g6 Be3 Bg7 f3 Nc6 Qd2 O-O Bc4 Nxd4 Bxd4 Be6	B77	Défense sicilienne : Variante Dragon, Attaque Yugoslav, Variante Czerniak	Sicilian Defense: Dragon Variation, Yugoslav Attack, Czerniak Variation
e4 c5 Nf3 d6 d4 cxd4 Nxd4 Nf6 Nc3 g6 Be3 Bg7 f3 O-O Qd2 Nc6 Bc4 Bd7 O-O-O Rb8	B78	Défense sicilienne : Variante Dragon, Attaque Yugoslav, Chinese Dragon	Sicilian Defense: Dragon Variation, Yugoslav Attack, Chinese Dragon
e4 c5 Nf3 d6 d4 cxd4 Nxd4 Nf6 Nc3 g6 Be3 Bg7 f3 O-O Qd2 Nc6 Bc4 Bd7 O-O-O Rc8	B78	Défense sicilienne : Variante Dragon, Attaque Yugoslav, ancienne ligne	Sicilian Defense: Dragon Variation, Yugoslav Attack, Old Line
e4 c5 Nf3 e6 d4 cxd4 Nxd4 Nc6 Nb5 d6 c4 Nf6 N1c3 a6 Na3 Be7 Be2 O-O O-O b6	B44	Défense sicilienne : Variante Taimanov, moderne ligne	Sicilian Defense: Taimanov Variation, Modern Line
e4 c5 Nf3 e6 d4 cxd4 Nxd4 Nc6 Nc3 Qc7 Be2 a6 O-O Nf6 Be3 Be7 f4 d6 Qe1 O-O	B85	Défense sicilienne : Variante Scheveningen, classique ligne principale	Sicilian Defense: Scheveningen Variation, Classical Main Line
e4 e5 Nc3 Nf6 Bc4 Nxe4 Qh5 Nd6 Bb3 Nc6 Nb5 g6 Qf3 f5 Qd5 Qe7 Nxc7 Kd8 Nxa8 b6	C27	Partie viennoise : Variante Stanley, Variante Frankenstein-Dracula	Vienna Game: Stanley Variation, Frankenstein-Dracula Variation
e4 e5 Nf3 Nc6 Bb5 a6 Ba4 Nf6 O-O Be7 Re1 b5 Bb3 d6 c3 O-O h3 Na5 Bc2 c5	C96	Partie espagnole (Ruy López) : Closed, Défense Chigorin	Ruy Lopez: Closed, Chigorin Defense
e4 e5 Nf3 Nc6 Bb5 a6 Ba4 Nf6 O-O Be7 Re1 b5 Bb3 d6 c3 O-O h3 Na5 Bc2 d5	C96	Partie espagnole (Ruy López) : Closed, Défense Chigorin, Gambit Gajewski	Ruy Lopez: Closed, Chigorin Defense, Gajewski Gambit
e4 e5 Nf3 Nc6 Bb5 a6 Ba4 Nf6 O-O Be7 Re1 b5 Bb3 d6 c3 O-O h3 Nb8 d4 Nbd7	C95	Partie espagnole (Ruy López) : Closed, Défense Breyer, Zaitsev hybride	Ruy Lopez: Closed, Breyer Defense, Zaitsev Hybrid
e4 e5 Nf3 Nc6 Bb5 a6 Ba4 Nf6 O-O Be7 Re1 b5 Bb3 d6 d4 Nxd4 Nxd4 exd4 Qxd4 c5	C88	Partie espagnole (Ruy López) : Noah's Ark Trap	Ruy Lopez: Noah's Ark Trap
e4 e5 Nf3 Nc6 Bb5 a6 Ba4 Nf6 O-O Nxe4 d4 b5 Bb3 d5 dxe5 Be6 Nbd2 Nc5 c3 Be7	C83	Partie espagnole (Ruy López) : Open, Défense classique	Ruy Lopez: Open, Classical Defense
e4 e5 Nf3 Nc6 Bb5 a6 Ba4 Nf6 O-O Nxe4 d4 b5 Bb3 d5 dxe5 Be6 c3 Bc5 Qd3 Ne7	C82	Partie espagnole (Ruy López) : Open, Attaque Motzko, Variante Nenarokov	Ruy Lopez: Open, Motzko Attack, Nenarokov Variation
e4 e5 Nf3 Nc6 Bb5 a6 Ba4 Nf6 O-O b5 Bb3 d6 Ng5 d5 exd5 Nd4 Re1 Bc5 Rxe5 Kf8	C78	Partie espagnole (Ruy López) : Variante Rabinovich	Ruy Lopez: Rabinovich Variation
e4 e5 Nf3 Nc6 Bc4 Bc5 b4 Bxb4 c3 Bc5 d4 exd4 O-O d6 cxd4 Bb6 d5 Na5 Bb2 Ne7	C51	Partie italienne : Gambit Evans, Variante Paulsen	Italian Game: Evans Gambit, Paulsen Variation
e4 e5 Nf3 Nc6 Bc4 Bc5 c3 Nf6 d4 exd4 cxd4 Bb4 Nc3 Nxe4 O-O Nxc3 bxc3 Bxc3 Qb3 d5	C54	Partie italienne : Giuoco Piano, Variante Bernstein	Italian Game: Giuoco Piano, Bernstein Variation
e4 e5 Nf3 Nc6 Bc4 Nf6 Ng5 d5 exd5 Na5 Bb5 c6 dxc6 bxc6 Be2 h6 Nf3 e4 Ne5 Qc7	C59	Partie italienne : Défense deux cavaliers, Défense Polerio, Variante Göring	Italian Game: Two Knights Defense, Polerio Defense, Göring Variation
e4 e5 Nf3 Nc6 Nc3 Nf6 Bb5 Bb4 O-O O-O d3 d6 Bg5 Bxc3 bxc3 Qe7 Re1 Nd8 d4 Bg4	C49	Partie des quatre cavaliers : Variante espagnole, Variante symétrique	Four Knights Game: Spanish Variation, Symmetrical Variation
e4 e5 Nf3 Nc6 Nc3 Nf6 Bb5 Bb4 O-O O-O d3 d6 Bg5 Ne7 Nh4 c6 Bc4 d5 Bb3 Qd6	C49	Partie des quatre cavaliers : Variante espagnole, Variante symétrique, Variante Blake	Four Knights Game: Spanish Variation, Symmetrical Variation, Blake Variation
e4 e5 Nf3 Nc6 Nc3 Nf6 Bb5 a6 Bxc6 dxc6 Nxe5 Nxe4 Nxe4 Qd4 O-O Qxe5 Re1 Be6 d4 Qd5	C48	Partie des quatre cavaliers : Variante espagnole, Variante Spielmann	Four Knights Game: Spanish Variation, Spielmann Variation
e4 e5 Nf3 Nf6 Nxe5 d6 Nf3 Nxe4 d4 d5 Bd3 Bd6 O-O O-O c4 Bg4 cxd5 f5 Re1 Bxh2	C42	Défense Petroff (russe) : Attaque classique, Marshall Trap	Petrov's Defense: Classical Attack, Marshall Trap
e4 e5 Nf3 Nf6 Nxe5 d6 Nf3 Nxe4 d4 d5 Bd3 Be7 O-O Nc6 Re1 Bg4 c3 f5 c4 Bh4	C42	Défense Petroff (russe) : Attaque classique, Variante Maróczy	Petrov's Defense: Classical Attack, Maróczy Variation
e4 e5 f4 exf4 Nf3 g5 Bc4 g4 O-O gxf3 Qxf3 Qf6 Bxf7 Kxf7 d4 Qxd4 Be3 Qf6 Nc3 fxe3	C37	Gambit du roi accepté : Gambit Double Muzio, Gambit Young	King's Gambit Accepted: Double Muzio Gambit, Young Gambit
e4 e6 d4 d5 Nc3 Nf6 Bg5 Be7 e5 Nfd7 Bxe7 Qxe7 f4 O-O Nf3 c5 Qd2 Nc6 O-O-O c4	C14	Défense française : Variante classique, Variante Stahlberg	French Defense: Classical Variation, Stahlberg Variation
e4 e6 d4 d5 Nd2 c5 exd5 Qxd5 Ngf3 cxd4 Bc4 Qd6 O-O Nf6 Nb3 Nc6 Nbxd4 Nxd4 Nxd4 a6	C07	Défense française : Variante Tarrasch, Défense Chistyakov, moderne ligne	French Defense: Tarrasch Variation, Chistyakov Defense, Modern Line
d4 Nf6 c4 c5 d5 b5 cxb5 a6 bxa6 g6 Nc3 Bxa6 Nf3 d6 e4 Bxf1 Kxf1 Bg7 g3 O-O Kg2	A59	Gambit Benko accepté : Variante King Walk	Benko Gambit Accepted: King Walk Variation
d4 Nf6 c4 c5 d5 e6 Nc3 exd5 cxd5 d6 e4 g6 Nf3 Bg7 Be2 O-O O-O Re8 Nd2 Na6 f3	A79	Défense Benoni : Variante classique, Défense Czerniak	Benoni Defense: Classical Variation, Czerniak Defense
d4 Nf6 c4 e6 Nc3 Bb4 e3 O-O Bd3 d5 a3 Bxc3 bxc3 dxc4 Bxc4 c5 Nf3 Nc6 O-O Qc7 Qc2	E59	Défense nimzo-indienne : Variante Normal, Défense Bernstein	Nimzo-Indian Defense: Normal Variation, Bernstein Defense
d4 Nf6 c4 e6 Nf3 d5 Nc3 Be7 Bg5 h6 Bxf6 Bxf6 e3 O-O Rc1 c6 Bd3 Nd7 O-O dxc4 Bxc4	D55	Gambit dame refusé : Variante Anti-Tartakower, Variante Petrosian	Queen's Gambit Declined: Anti-Tartakower Variation, Petrosian Variation
d4 Nf6 c4 e6 Nf3 d5 Nc3 c6 Bg5 dxc4 e4 b5 e5 h6 Bh4 g5 Nxg5 hxg5 Bxg5 Nbd7 Qf3	D44	Défense semi-slave : Variante Botvinnik, Variante Szabo	Semi-Slav Defense: Botvinnik Variation, Szabo Variation
d4 Nf6 c4 g6 Nc3 Bg7 e4 d6 Nf3 O-O Be2 e5 O-O Nc6 d5 Ne7 Ne1 Nd7 f3 f5 g4	E99	Défense indienne du roi : Variante Orthodox, Système classique, Attaque Benko	King's Indian Defense: Orthodox Variation, Classical System, Benko Attack
d4 Nf6 c4 g6 Nc3 Bg7 e4 d6 Nf3 O-O Be2 e5 d5 Nbd7 Bg5 h6 Bh4 g5 Bg3 Nh5 h4	E93	Défense indienne du roi : Variante Petrosian, Défense Keres	King's Indian Defense: Petrosian Variation, Keres Defense
d4 Nf6 c4 g6 Nc3 d5 Nf3 Bg7 Qb3 dxc4 Qxc4 O-O e4 Bg4 Be3 Nfd7 Be2 Nb6 Qd3 Nc6 O-O-O	D98	Défense Grünfeld : Variante russe, Variante Keres	Grünfeld Defense: Russian Variation, Keres Variation
d4 Nf6 c4 g6 Nc3 d5 cxd5 Nxd5 e4 Nxc3 bxc3 Bg7 Bc4 c5 Ne2 Nc6 Be3 O-O O-O cxd4 cxd4	D88	Défense Grünfeld : Variante échange, Variante Spassky	Grünfeld Defense: Exchange Variation, Spassky Variation
d4 d5 c4 c6 Nc3 Nf6 e3 e6 Nf3 Nbd7 Bd3 dxc4 Bxc4 b5 Bd3 Bd6 O-O Bb7 a3 O-O Qc2	D46	Défense semi-slave : Défense Chigorin	Semi-Slav Defense: Chigorin Defense
d4 d5 c4 c6 Nc3 Nf6 e3 e6 Nf3 Nbd7 Bd3 dxc4 Bxc4 b5 Bd3 a6 e4 c5 e5 cxd4 Nxb5	D49	Défense semi-slave : Variante Meran, Variante Blumenfeld	Semi-Slav Defense: Meran Variation, Blumenfeld Variation
d4 d5 c4 c6 Nf3 Nf6 Nc3 e6 Bg5 dxc4 e4 b5 e5 h6 Bh4 g5 Nxg5 hxg5 Bxg5 Nbd7 g3	D44	Défense semi-slave : Variante Botvinnik, Variante Lilienthal	Semi-Slav Defense: Botvinnik Variation, Lilienthal Variation
d4 d5 c4 e6 Nc3 Nf6 Bg5 Be7 e3 O-O Nf3 Nbd7 Rc1 c6 Bd3 dxc4 Bxc4 Nd5 Bxe7 Qxe7 Ne4	D67	Gambit dame refusé : Défense Orthodox, Variante Alekhine	Queen's Gambit Declined: Orthodox Defense, Alekhine Variation
d4 d5 c4 e6 Nc3 Nf6 Bg5 Be7 e3 O-O Nf3 Nbd7 Rc1 c6 Bd3 dxc4 Bxc4 Nd5 Bxe7 Qxe7 O-O	D67	Gambit dame refusé : Défense Orthodox, ligne principale	Queen's Gambit Declined: Orthodox Defense, Main Line
d4 d5 c4 e6 Nc3 Nf6 Nf3 c5 cxd5 Nxd5 e4 Nxc3 bxc3 cxd4 cxd4 Bb4 Bd2 Bxd2 Qxd2 O-O Bb5	D41	Gambit dame refusé : Défense Semi-Tarrasch, Variante Kmoch	Queen's Gambit Declined: Semi-Tarrasch Defense, Kmoch Variation
e4 Nf6 e5 Nd5 d4 d6 c4 Nb6 exd6 cxd6 Nc3 g6 h3 Bg7 Nf3 O-O Be2 Nc6 O-O Bf5 Bf4	B03	Défense Alekhine : Variante échange, Variante Karpov	Alekhine Defense: Exchange Variation, Karpov Variation
e4 c5 Nf3 Nc6 d4 cxd4 Nxd4 Nf6 Nc3 d6 Bg5 e6 Qd2 a6 O-O-O Bd7 f4 Be7 Nf3 b5 Bxf6	B69	Défense sicilienne : Variante Richter-Rauzer, Variante Neo-moderne, Attaque Nyezhmetdinov	Sicilian Defense: Richter-Rauzer Variation, Neo-Modern Variation, Nyezhmetdinov Attack
e4 c5 Nf3 Nc6 d4 cxd4 Nxd4 Nf6 Nc3 e5 Ndb5 d6 Bg5 a6 Na3 b5 Bxf6 gxf6 Nd5 f5 Bxb5	B33	Défense sicilienne : Variante Lasker-Pelikan, Variante Sveshnikov, Peresypkin's Sacrifice	Sicilian Defense: Lasker-Pelikan Variation, Sveshnikov Variation, Peresypkin's Sacrifice
e4 e5 Nf3 Nc6 Bb5 a6 Ba4 Nf6 O-O Be7 Re1 b5 Bb3 d6 c3 Na5 Bc2 c5 d4 Qc7 a4	C88	Partie espagnole (Ruy López) : Closed, Variante Balla	Ruy Lopez: Closed, Balla Variation
e4 e5 Nf3 Nc6 Bb5 a6 Ba4 Nf6 O-O Be7 Re1 b5 Bb3 d6 c3 O-O h3 Nb8 d4 Nbd7 Nh4	C95	Partie espagnole (Ruy López) : Closed, Défense Breyer	Ruy Lopez: Closed, Breyer Defense
e4 e5 Nf3 Nc6 Bb5 a6 Ba4 Nf6 O-O Nxe4 d4 b5 Bb3 d5 dxe5 Be6 Nbd2 Nc5 c3 d4 Ng5	C80	Partie espagnole (Ruy López) : Open, Gambit Karpov	Ruy Lopez: Open, Karpov Gambit
e4 e5 Nf3 Nc6 Bb5 a6 Ba4 Nf6 O-O Nxe4 d4 b5 Bb3 d5 dxe5 Be6 c3 Be7 Nbd2 O-O Qe2	C83	Partie espagnole (Ruy López) : Open, Variante Malkin	Ruy Lopez: Open, Malkin Variation
e4 e5 Nf3 Nc6 Bc4 Bc5 b4 Bxb4 c3 Ba5 d4 d6 Qb3 Qd7 dxe5 dxe5 O-O Bb6 Ba3 Na5 Nxe5	C52	Partie italienne : Gambit Evans, Variante Levenfish	Italian Game: Evans Gambit, Levenfish Variation
e4 e5 Nf3 Nc6 Bc4 Bc5 b4 Bxb4 c3 Ba5 d4 exd4 O-O dxc3 Qb3 Qf6 e5 Qg6 Nxc3 Nge7 Ba3	C52	Partie italienne : Gambit Evans, Défense Compromised, ligne principale	Italian Game: Evans Gambit, Compromised Defense, Main Line
e4 e5 Nf3 Nc6 Bc4 Bc5 b4 Bxb4 c3 Ba5 d4 exd4 O-O dxc3 Qb3 Qf6 e5 Qg6 Nxc3 Nge7 Rd1	C52	Partie italienne : Gambit Evans, Défense Compromised, Variante Potter	Italian Game: Evans Gambit, Compromised Defense, Potter Variation
e4 e5 Nf3 Nc6 Bc4 Bc5 b4 Bxb4 c3 Bc5 d4 exd4 O-O d6 cxd4 Bb6 Nc3 Na5 Bg5 f6 Be3	C51	Partie italienne : Gambit Evans, Variante Steinitz	Italian Game: Evans Gambit, Steinitz Variation
e4 e5 Nf3 Nc6 Bc4 Nf6 d4 exd4 O-O Nxe4 Re1 d5 Bxd5 Qxd5 Nc3 Qa5 Nxe4 Be6 Bd2 Qd5 Bg5	C56	Partie italienne : Gambit Scotch, Attaque Anderssen, ligne principale	Italian Game: Scotch Gambit, Anderssen Attack, Main Line
e4 e5 Nf3 Nc6 d4 exd4 Bc4 Nf6 O-O Bc5 e5 d5 exf6 dxc4 Re1 Be6 Ng5 Qd5 Nc3 Qf5 Nce4	C56	Partie italienne : Gambit Scotch, Attaque Max Lange, Variante Long	Italian Game: Scotch Gambit, Max Lange Attack, Long Variation
e4 e5 f4 exf4 Nf3 g5 Bc4 g4 O-O gxf3 Qxf3 Qf6 e5 Qxe5 d3 Bh6 Nc3 Ne7 Bd2 Nbc6 Rae1	C37	Gambit du roi accepté : Gambit Double Muzio, Défense Paulsen	King's Gambit Accepted: Double Muzio Gambit, Paulsen Defense
d4 Nf6 c4 e6 Nc3 d5 Bg5 Be7 e3 h6 Bh4 O-O Nf3 Ne4 Bxe7 Qxe7 cxd5 Nxc3 bxc3 exd5 Qb3 Qd6	D57	Gambit dame refusé : Défense Lasker, Variante Bernstein	Queen's Gambit Declined: Lasker Defense, Bernstein Variation
d4 Nf6 c4 e6 g3 c5 d5 exd5 cxd5 d6 Nc3 g6 Bg2 Bg7 Nf3 O-O O-O a6 a4 Nbd7 Nd2 Re8	A64	Défense Benoni : Variante fianchetto, Défense Hastings, ligne principale	Benoni Defense: Fianchetto Variation, Hastings Defense, Main Line
d4 Nf6 c4 g6 Nc3 Bg7 Nf3 d6 g3 O-O Bg2 Nbd7 O-O e5 e4 Re8 h3 exd4 Nxd4 Nc5 Re1 a5	E68	Défense indienne du roi : Variante fianchetto, Variante Long	King's Indian Defense: Fianchetto Variation, Long Variation
d4 d5 c4 c6 Nc3 Nf6 e3 e6 Nf3 Nbd7 Bd3 dxc4 Bxc4 b5 Bd3 Bb7 e4 b4 Na4 c5 e5 Nd5	D47	Défense semi-slave : Variante Meran, Variante Wade, Variante Larsen	Semi-Slav Defense: Meran Variation, Wade Variation, Larsen Variation
d4 d5 c4 c6 Nc3 Nf6 e3 e6 Nf3 Nbd7 Bd3 dxc4 Bxc4 b5 Bd3 a6 e4 c5 e5 cxd4 Nxb5 Ng4	D49	Défense semi-slave : Variante Meran, Variante Rabinovich	Semi-Slav Defense: Meran Variation, Rabinovich Variation
d4 d5 c4 c6 Nf3 Nf6 Nc3 dxc4 a4 Bf5 Ne5 Nbd7 Nxc4 Qc7 g3 e5 dxe5 Nxe5 Bf4 Nfd7 Bg2 g5	D17	Défense slave : Variante tchèque, Variante Carlsbad, Variante Morozevich	Slav Defense: Czech Variation, Carlsbad Variation, Morozevich Variation
d4 d5 c4 c6 Nf3 Nf6 Nc3 e6 e3 Nbd7 Bd3 dxc4 Bxc4 b5 Bd3 a6 e4 c5 e5 cxd4 Nxb5 Nxe5	D49	Défense semi-slave : Variante Meran, Variante Sozin	Semi-Slav Defense: Meran Variation, Sozin Variation
d4 d5 c4 e6 Nc3 Be7 Nf3 Nf6 Bg5 h6 Bh4 O-O e3 b6 cxd5 Nxd5 Bxe7 Qxe7 Nxd5 exd5 Rc1 Be6	D59	Gambit dame refusé : Défense Tartakower	Queen's Gambit Declined: Tartakower Defense
d4 d5 c4 e6 Nc3 c5 cxd5 exd5 Nf3 Nc6 g3 Nf6 Bg2 Be7 O-O O-O Bg5 cxd4 Nxd4 h6 Be3 Bg4	D34	Défense Tarrasch : Variante classique, Variante Spassky	Tarrasch Defense: Classical Variation, Spassky Variation
d4 d5 c4 e6 Nc3 c5 cxd5 exd5 Nf3 Nc6 g3 Nf6 Bg2 Be7 O-O O-O Bg5 cxd4 Nxd4 h6 Be3 Re8	D34	Défense Tarrasch : Variante classique, ligne principale	Tarrasch Defense: Classical Variation, Main Line
e4 Nf6 e5 Nd5 d4 d6 c4 Nb6 f4 dxe5 fxe5 Nc6 Be3 Bf5 Nc3 e6 Nf3 Qd7 Be2 O-O-O O-O Be7	B03	Défense Alekhine : Attaque Four Pawns, Variante Tartakower	Alekhine Defense: Four Pawns Attack, Tartakower Variation
e4 c5 Nf3 d6 d4 cxd4 Nxd4 Nf6 Nc3 g6 Be3 Bg7 f3 Nc6 Qd2 O-O Bc4 Nxd4 Bxd4 Be6 Bb3 Qa5	B77	Défense sicilienne : Variante Dragon, Attaque Yugoslav, Variante Czerniak	Sicilian Defense: Dragon Variation, Yugoslav Attack, Czerniak Variation
e4 e5 Nf3 Nc6 Bb5 a6 Ba4 Nf6 O-O Be7 Re1 b5 Bb3 O-O c3 d5 exd5 Nxd5 Nxe5 Nxe5 Rxe5 Nf6	C89	Partie espagnole (Ruy López) : Attaque Marshall, Attaque Original Marshall	Ruy Lopez: Marshall Attack, Original Marshall Attack
e4 e5 Nf3 Nc6 Bb5 a6 Ba4 Nf6 O-O Be7 Re1 b5 Bb3 O-O c3 d5 exd5 Nxd5 Nxe5 Nxe5 Rxe5 c6	C89	Partie espagnole (Ruy López) : Attaque Marshall, Variante moderne	Ruy Lopez: Marshall Attack, Modern Variation
e4 e5 Nf3 Nc6 Bb5 a6 Ba4 Nf6 O-O Be7 Re1 b5 Bb3 d6 c3 O-O h3 Na5 Bc2 c5 d4 Nc6	C96	Partie espagnole (Ruy López) : Closed, Variante Borisenko	Ruy Lopez: Closed, Borisenko Variation
e4 e5 Nf3 Nc6 Bb5 a6 Ba4 Nf6 O-O Be7 Re1 b5 Bb3 d6 c3 O-O h3 Na5 Bc2 c5 d4 Nd7	C96	Partie espagnole (Ruy López) : Closed, Défense Keres	Ruy Lopez: Closed, Keres Defense
e4 e5 Nf3 Nc6 Bb5 a6 Ba4 Nf6 O-O Be7 Re1 b5 Bb3 d6 c3 O-O h3 Na5 Bc2 c5 d4 Qc7	C97	Partie espagnole (Ruy López) : Closed, Défense Chigorin	Ruy Lopez: Closed, Chigorin Defense
e4 e5 Nf3 Nc6 Bb5 a6 Ba4 Nf6 O-O Be7 Re1 b5 Bb3 d6 c3 O-O h3 Na5 Bc2 c6 d4 Qc7	C96	Partie espagnole (Ruy López) : Closed, Défense Rossolimo	Ruy Lopez: Closed, Rossolimo Defense
e4 e5 Nf3 Nc6 Bb5 a6 Ba4 Nf6 O-O Nxe4 d4 b5 Bb3 d5 dxe5 Be6 c3 Bc5 Nbd2 O-O Bc2 Nxf2	C82	Partie espagnole (Ruy López) : Open, Variante Dilworth	Ruy Lopez: Open, Dilworth Variation
e4 e5 Nf3 Nc6 Bb5 a6 Ba4 Nf6 O-O Nxe4 d4 b5 Bb3 d5 dxe5 Be6 c3 Be7 Re1 O-O Nd4 Nxe5	C83	Partie espagnole (Ruy López) : Open, Variante Breslau	Ruy Lopez: Open, Breslau Variation
e4 e5 Nf3 Nc6 Bc4 Nf6 Ng5 d5 exd5 Nxd5 Nxf7 Kxf7 Qf3 Ke6 Nc3 Nb4 Qe4 c6 a3 Na6 d4 Nc7	C57	Partie italienne : Défense deux cavaliers, Attaque Fegatello, Variante Leonhardt	Italian Game: Two Knights Defense, Fegatello Attack, Leonhardt Variation
e4 e5 Nf3 Nc6 Bc4 Nf6 d4 exd4 O-O Bc5 e5 d5 exf6 dxc4 Re1 Be6 Ng5 Qd5 Nc3 Qf5 Nce4 Bf8	C56	Partie italienne : Défense deux cavaliers, Attaque Max Lange, Variante Rubinstein	Italian Game: Two Knights Defense, Max Lange Attack, Rubinstein Variation
e4 e5 Nf3 Nc6 Nc3 Nf6 Nxe5 Nxe5 d4 Nc6 d5 Ne5 f4 Ng6 e5 Ng8 d6 cxd6 exd6 Qf6 Nb5 Rb8	C47	Partie des quatre cavaliers : Gambit Halloween, Variante Plasma	Four Knights Game: Halloween Gambit, Plasma Variation
d4 Nf6 c4 e6 Nf3 d5 g3 Be7 Bg2 O-O O-O Nbd7 Qc2 c6 Bf4 b6 Nbd2 Bb7 e4 dxe4 Nxe4 Nxe4 Qxe4	E09	Ouverture catalane : Closed, ligne principale	Catalan Opening: Closed, Main Line
d4 Nf6 c4 g6 Nc3 Bg7 e4 d6 f3 O-O Be3 e5 d5 Nh5 Qd2 Qh4 g3 Nxg3 Qf2 Nxf1 Qxh4 Nxe3 Ke2	E87	Défense indienne du roi : Variante Sämisch, Défense Bronstein	King's Indian Defense: Sämisch Variation, Bronstein Defense
d4 Nf6 c4 g6 Nc3 d5 cxd5 Nxd5 e4 Nxc3 bxc3 Bg7 Bc4 c5 Ne2 Nc6 Be3 O-O O-O Bg4 f3 Na5 Bxf7	D87	Défense Grünfeld : Variante échange, Variante Seville	Grünfeld Defense: Exchange Variation, Seville Variation
e4 c5 Nf3 Nc6 d4 cxd4 Nxd4 g6 Nc3 Bg7 Be3 Nf6 Be2 O-O Nb3 d6 O-O Be6 f4 Na5 f5 Bc4 Bd3	B74	Défense sicilienne : Variante Dragon, Variante classique, Variante Spielmann	Sicilian Defense: Dragon Variation, Classical Variation, Spielmann Variation
e4 c5 Nf3 d6 d4 cxd4 Nxd4 Nf6 Nc3 a6 Bg5 Nbd7 Bc4 Qa5 Qd2 e6 O-O-O b5 Bb3 Bb7 Rhe1 Nc5 e5	B94	Défense sicilienne : Variante Najdorf, Variante Ivkov	Sicilian Defense: Najdorf Variation, Ivkov Variation
e4 c5 Nf3 d6 d4 cxd4 Nxd4 Nf6 Nc3 g6 Be3 Bg7 f3 O-O Qd2 Nc6 Bc4 Bd7 O-O-O Rc8 Bb3 Nxd4 Bxd4	B78	Défense sicilienne : Variante Dragon, Attaque Yugoslav, Variante Topalov	Sicilian Defense: Dragon Variation, Yugoslav Attack, Topalov Variation
e4 c5 Nf3 d6 d4 cxd4 Nxd4 Nf6 Nc3 g6 Be3 Bg7 f3 O-O Qd2 Nc6 Bc4 Bd7 h4 Qa5 O-O-O Rfc8 Bb3	B79	Défense sicilienne : Variante Dragon, Attaque Yugoslav	Sicilian Defense: Dragon Variation, Yugoslav Attack
e4 e5 Nf3 Nc6 Bb5 a6 Ba4 Nf6 O-O Be7 Re1 b5 Bb3 O-O c3 d5 exd5 Nxd5 Nxe5 Nxe5 Rxe5 c6 d4	C89	Partie espagnole (Ruy López) : Attaque Marshall, ligne principale	Ruy Lopez: Marshall Attack, Main Line
e4 e5 Nf3 Nc6 Bc4 Bc5 b4 Bb6 b5 Na5 Nxe5 Nh6 d4 d6 Bxh6 dxe5 Bxg7 Rg8 Bxf7 Kxf7 Bxe5 Qg5 Nd2	C51	Partie italienne : Evans gambit refusé, Variante Pavlov	Italian Game: Evans Gambit Declined, Pavlov Variation
e4 e5 Nf3 Nc6 Bc4 Bc5 c3 Nf6 d4 exd4 cxd4 Bb4 Bd2 Nxe4 Bxb4 Nxb4 Bxf7 Kxf7 Qb3 d5 Ne5 Kf6 f3	C54	Partie italienne : Giuoco Piano, Variante Krause	Italian Game: Giuoco Piano, Krause Variation
e4 e5 Nf3 Nc6 Bc4 Bc5 c3 Nf6 d4 exd4 cxd4 Bb4 Nc3 Nxe4 O-O Bxc3 d5 Bf6 Re1 Ne7 Rxe4 d6 g4	C54	Partie italienne : Variante classique, Gambit Greco, Attaque Moeller-Bayonet	Italian Game: Classical Variation, Greco Gambit, Moeller-Bayonet Attack
e4 e5 Nf3 Nc6 Bc4 Nf6 Ng5 d5 exd5 Na5 Bb5 c6 dxc6 bxc6 Be2 h6 Nf3 e4 Ne5 Bd6 d4 Qc7 Bd2	C59	Partie italienne : Défense deux cavaliers, Variante Knorre	Italian Game: Two Knights Defense, Knorre Variation
d4 Nf6 c4 g6 Nc3 Bg7 e4 d6 f3 O-O Be3 e5 d5 Nh5 Qd2 Qh4 g3 Nxg3 Qf2 Nxf1 Qxh4 Nxe3 Ke2 Nxc4	E87	Défense indienne du roi : Variante Sämisch, Variante Orthodox, Variante Bronstein	King's Indian Defense: Sämisch Variation, Orthodox Variation, Bronstein Variation
d4 d5 c4 e6 Nc3 Nf6 Bg5 Be7 e3 O-O Nf3 Nbd7 Rc1 c6 Bd3 dxc4 Bxc4 Nd5 Bxe7 Qxe7 O-O Nxc3 Rxc3 e5	D68	Gambit dame refusé : Défense Orthodox, Variante classique	Queen's Gambit Declined: Orthodox Defense, Classical Variation
d4 d5 c4 e6 Nc3 Nf6 Bg5 Be7 e3 O-O Nf3 h6 Bh4 Ne4 Bxe7 Qxe7 cxd5 Nxc3 bxc3 exd5 Qb3 Rd8 c4 Be6	D57	Gambit dame refusé : Défense Lasker, Variante Bernstein, Gambit Mar del Plata	Queen's Gambit Declined: Lasker Defense, Bernstein Variation, Mar del Plata Gambit
d4 d5 c4 e6 Nc3 c5 cxd5 exd5 Nf3 Nc6 g3 Nf6 Bg2 Be7 O-O O-O Bg5 cxd4 Nxd4 h6 Be3 Re8 Rc1 Be6	D34	Défense Tarrasch : Variante classique, Variante Chandler	Tarrasch Defense: Classical Variation, Chandler Variation
e4 c5 Nf3 d6 d4 cxd4 Nxd4 Nf6 Nc3 g6 Be3 Bg7 f3 O-O Qd2 Nc6 Bc4 Bd7 O-O-O Qa5 h4 Rfc8 Bb3 h5	B79	Défense sicilienne : Variante Dragon, Attaque Yugoslav, Variante Soltis	Sicilian Defense: Dragon Variation, Yugoslav Attack, Soltis Variation
e4 c6 d4 d5 Nd2 dxe4 Nxe4 Bf5 Ng3 Bg6 h4 h6 Nf3 Nd7 h5 Bh7 Bd3 Bxd3 Qxd3 Ngf6 Bd2 e6 O-O-O Bd6	B19	Défense Caro-Kann : Variante classique, Variante Seirawan	Caro-Kann Defense: Classical Variation, Seirawan Variation
e4 c6 d4 d5 Nd2 dxe4 Nxe4 Bf5 Ng3 Bg6 h4 h6 Nf3 Nd7 h5 Bh7 Bd3 Bxd3 Qxd3 e6 Bd2 Ngf6 O-O-O Be7	B19	Défense Caro-Kann : Variante classique, Système Lobron	Caro-Kann Defense: Classical Variation, Lobron System
e4 e5 Nf3 Nc6 Bb5 a6 Ba4 Nf6 O-O Be7 Re1 b5 Bb3 d6 c3 O-O h3 Bb7 d4 Re8 Nbd2 Bf8 a3 h6	C92	Partie espagnole (Ruy López) : Closed, Smyslov-Breyer-Zaitsev hybride	Ruy Lopez: Closed, Smyslov-Breyer-Zaitsev Hybrid
e4 e5 Nf3 Nc6 Bb5 a6 Ba4 Nf6 O-O Be7 Re1 b5 Bb3 d6 c3 O-O h3 Na5 Bc2 c5 d4 Qc7 Nbd2 Nc6	C98	Partie espagnole (Ruy López) : Closed, Défense Chigorin	Ruy Lopez: Closed, Chigorin Defense
e4 e5 Nf3 Nc6 Bb5 a6 Ba4 Nf6 O-O Be7 Re1 b5 Bb3 d6 c3 O-O h3 Nb8 d4 Nbd7 Nbd2 Bb7 Bc2 c5	C95	Partie espagnole (Ruy López) : Closed, Défense Breyer	Ruy Lopez: Closed, Breyer Defense
e4 e5 Nf3 Nc6 Bb5 a6 Ba4 Nf6 O-O Nxe4 d4 b5 Bb3 d5 dxe5 Be6 Qe2 Be7 Rd1 O-O c4 bxc4 Bxc4 Qd7	C81	Partie espagnole (Ruy López) : Open, Attaque Howell, Variante Ekstrom	Ruy Lopez: Open, Howell Attack, Ekstrom Variation
e4 e5 Nf3 Nc6 d4 exd4 Nxd4 Bc5 Be3 Qf6 c3 Nge7 Qd2 d5 Nb5 Bxe3 Qxe3 O-O Nxc7 Rb8 Nxd5 Nxd5 exd5 Nb4	C45	Partie écossaise : Variante Gottschall	Scotch Game: Gottschall Variation
d4 Nf6 c4 e6 Nf3 d5 Nc3 Be7 Bg5 O-O e3 Nbd7 Rc1 c6 Bd3 dxc4 Bxc4 Nd5 Bxe7 Qxe7 O-O Nxc3 Rxc3 e5 Qc2	D68	Gambit dame refusé : Défense Orthodox, Variante classique	Queen's Gambit Declined: Orthodox Defense, Classical Variation
d4 d5 Nf3 Nf6 c4 c6 Nc3 e6 e3 Nbd7 Bd3 dxc4 Bxc4 b5 Bd3 a6 e4 c5 e5 cxd4 Nxb5 Nxe5 Nxe5 axb5 O-O	D49	Défense semi-slave : Variante Meran, Variante Sozin	Semi-Slav Defense: Meran Variation, Sozin Variation
d4 d5 c4 c6 Nc3 Nf6 e3 e6 Nf3 Nbd7 Bd3 dxc4 Bxc4 b5 Bd3 Bb7 e4 b4 Na4 c5 e5 Nd5 O-O cxd4 Nxd4	D47	Défense semi-slave : Variante Meran, Variante Wade, Gambit Kaidanov	Semi-Slav Defense: Meran Variation, Wade Variation, Kaidanov Gambit
d4 d5 c4 c6 Nc3 Nf6 e3 e6 Nf3 Nbd7 Bd3 dxc4 Bxc4 b5 Bd3 a6 e4 c5 e5 cxd4 Nxb5 Nxe5 Nxe5 axb5 Qf3	D49	Défense semi-slave : Variante Meran, Variante Stahlberg	Semi-Slav Defense: Meran Variation, Stahlberg Variation
d4 d5 c4 e6 Nf3 Nf6 Nc3 Be7 Bg5 O-O e3 Nbd7 Rc1 c6 Bd3 dxc4 Bxc4 Nd5 Bxe7 Qxe7 O-O Nxc3 Rxc3 e5 Qb1	D68	Gambit dame refusé : Défense Orthodox, Variante classique	Queen's Gambit Declined: Orthodox Defense, Classical Variation
e4 e5 Nf3 Nc6 Bb5 a6 Ba4 Nf6 O-O Be7 Re1 b5 Bb3 d6 c3 O-O h3 Na5 Bc2 c5 d4 Qc7 Nbd2 Nc6 dxc5	C98	Partie espagnole (Ruy López) : Closed, Défense Chigorin	Ruy Lopez: Closed, Chigorin Defense
e4 e5 Nf3 Nc6 Bb5 a6 Ba4 Nf6 O-O Be7 Re1 b5 Bb3 d6 c3 O-O h3 Na5 Bc2 c5 d4 Qc7 Nbd2 cxd4 cxd4	C99	Partie espagnole (Ruy López) : Closed, Défense Chigorin, Système Panov	Ruy Lopez: Closed, Chigorin Defense, Panov System
e4 e5 Nf3 Nc6 Bb5 a6 Ba4 Nf6 O-O Nxe4 d4 b5 Bb3 d5 dxe5 Be6 c3 Be7 Re1 O-O Nd4 Qd7 Nxe6 fxe6 Rxe4	C83	Partie espagnole (Ruy López) : Open, Tarrasch Trap	Ruy Lopez: Open, Tarrasch Trap
e4 e5 Nf3 Nc6 Bc4 Bc5 b4 Bxb4 c3 Bc5 d4 exd4 O-O d6 cxd4 Bb6 Nc3 Bg4 Qa4 Bd7 Qb3 Na5 Bxf7 Kf8 Qc2	C51	Partie italienne : Gambit Evans, Attaque Fraser-Mortimer	Italian Game: Evans Gambit, Fraser-Mortimer Attack
e4 e5 Nf3 Nc6 d4 exd4 Bc4 Nf6 O-O Nxe4 Re1 d5 Bxd5 Qxd5 Nc3 Qa5 Nxe4 Be6 Bg5 h6 Bh4 g5 Nf6 Ke7 b4	C56	Partie italienne : Défense deux cavaliers, Attaque Yurdansky	Italian Game: Two Knights Defense, Yurdansky Attack
d4 Nf6 c4 g6 Nc3 d5 cxd5 Nxd5 e4 Nxc3 bxc3 Bg7 Bc4 c5 Ne2 Nc6 Be3 O-O O-O Bg4 f3 Na5 Bd3 cxd4 cxd4 Be6	D89	Défense Grünfeld : Variante échange, Variante Spassky	Grünfeld Defense: Exchange Variation, Spassky Variation
d4 Nf6 c4 g6 Nf3 Bg7 g3 O-O Bg2 d6 O-O Nc6 Nc3 a6 d5 Na5 Nd2 c5 Qc2 Rb8 b3 b5 Bb2 bxc4 bxc4 Bh6	E63	Défense indienne du roi : Variante fianchetto, Variante Panno, Donner ligne	King's Indian Defense: Fianchetto Variation, Panno Variation, Donner Line
d4 d5 c4 dxc4 Nf3 Nf6 e3 e6 Bxc4 c5 O-O a6 Qe2 b5 Bb3 Nc6 Rd1 c4 Bc2 Nb4 Nc3 Nxc2 Qxc2 Bb7 d5 Qc7	D28	Gambit dame accepté : classique, Variante Flohr	Queen's Gambit Accepted: Classical, Flohr Variation
d4 d5 c4 e6 Nc3 Nf6 Bg5 Be7 e3 O-O Nf3 h6 Bh4 Ne4 Bxe7 Qxe7 Qc2 Nf6 Bd3 dxc4 Bxc4 c5 O-O Nc6 Rfd1 Bd7	D56	Gambit dame refusé : Défense Lasker, Variante russe	Queen's Gambit Declined: Lasker Defense, Russian Variation
e4 c5 Nf3 g6 d4 cxd4 Nxd4 Nf6 Nc3 d6 Be2 Bg7 O-O O-O Be3 Nc6 Nb3 Be6 f4 Na5 f5 Bc4 Bd3 Bxd3 cxd3 d5	B74	Défense sicilienne : Variante Dragon, Variante classique, Défense Bernard	Sicilian Defense: Dragon Variation, Classical Variation, Bernard Defense
e4 e5 Nf3 Nc6 Bb5 Nf6 O-O Nxe4 d4 Be7 Qe2 Nd6 Bxc6 bxc6 dxe5 Nb7 Nc3 O-O Re1 Nc5 Nd4 Ne6 Be3 Nxd4 Bxd4 c5	C67	Partie espagnole (Ruy López) : Défense Berlin, Variante Rio de Janeiro	Ruy Lopez: Berlin Defense, Rio de Janeiro Variation
e4 e5 Nf3 Nc6 Bb5 a6 Ba4 Nf6 O-O Be7 Re1 b5 Bb3 d6 c3 Na5 Bc2 c5 d4 Qc7 h3 Nc6 d5 Nb8 Nbd2 g5	C88	Partie espagnole (Ruy López) : Closed, Variante Leonhardt	Ruy Lopez: Closed, Leonhardt Variation
e4 e5 Nf3 Nc6 Bc4 Bc5 b4 Bxb4 c3 Bc5 d4 exd4 O-O d6 cxd4 Bb6 Nc3 Bg4 Qa4 Bd7 Qb3 Na5 Bxf7 Kf8 Qc2 Kxf7	C51	Partie italienne : Gambit Evans, Gambit Mortimer-Evans	Italian Game: Evans Gambit, Mortimer-Evans Gambit
e4 e5 Nf3 Nc6 Bc4 Nf6 d4 exd4 O-O Bc5 e5 d5 exf6 dxc4 Re1 Be6 Ng5 Qd5 Nc3 Qf5 g4 Qg6 Nce4 Bb6 f4 O-O-O	C56	Partie italienne : Défense deux cavaliers, Attaque Max Lange, Variante Berger	Italian Game: Two Knights Defense, Max Lange Attack, Berger Variation
d4 Nf6 c4 g6 Nc3 Bg7 e4 d6 Nf3 O-O Be2 e5 O-O Nc6 d5 Ne7 Ne1 Nd7 Be3 f5 f3 f4 Bf2 g5 Rc1 Ng6 c5	E98	Défense indienne du roi : Variante Orthodox, Système classique, Gambit Kozul	King's Indian Defense: Orthodox Variation, Classical System, Kozul Gambit
d4 Nf6 c4 g6 Nc3 d5 cxd5 Nxd5 e4 Nxc3 bxc3 Bg7 Bc4 c5 Ne2 O-O O-O Nc6 Be3 Bg4 f3 Na5 Bd3 cxd4 cxd4 Be6 d5	D89	Défense Grünfeld : Variante échange, Variante Sokolsky	Grünfeld Defense: Exchange Variation, Sokolsky Variation
e4 c5 Nc3 d6 f4 Nc6 Nf3 g6 d4 cxd4 Nxd4 Bg7 Be3 Nf6 Be2 O-O Nb3 Be6 O-O Na5 f5 Bc4 Nxa5 Bxe2 Qxe2 Qxa5 g4	B74	Défense sicilienne : Variante Dragon, Variante classique, Attaque Stockholm	Sicilian Defense: Dragon Variation, Classical Variation, Stockholm Attack
e4 e5 Nf3 Nc6 Bb5 a6 Ba4 Nf6 O-O Be7 Re1 b5 Bb3 O-O c3 d5 exd5 Nxd5 Nxe5 Nxe5 Rxe5 c6 Bxd5 cxd5 d4 Bd6 Re3	C89	Partie espagnole (Ruy López) : Attaque Marshall, Variante Re3	Ruy Lopez: Marshall Attack, Re3 Variation
e4 e5 Nf3 Nc6 Bb5 a6 Ba4 Nf6 O-O Be7 Re1 b5 Bb3 d6 c3 Na5 Bc2 c5 d4 Qc7 Nbd2 O-O Nf1 Bg4 Ne3 Bxf3 Qxf3	C88	Partie espagnole (Ruy López) : Closed, Gambit Alekhine	Ruy Lopez: Closed, Alekhine Gambit
e4 e5 Nf3 Nc6 Bc4 Bc5 c3 Nf6 d4 exd4 cxd4 Bb4 Nc3 Nxe4 O-O Bxc3 d5 Bf6 Re1 Ne7 Rxe4 d6 Bg5 Bxg5 Nxg5 O-O Nxh7	C54	Partie italienne : Giuoco Piano, Variante Therkatz-Herzog	Italian Game: Giuoco Piano, Therkatz-Herzog Variation
d4 d5 c4 e6 Nc3 Nf6 Bg5 Be7 e3 O-O Nf3 Nbd7 Rc1 c6 Bd3 dxc4 Bxc4 Nd5 Bxe7 Qxe7 O-O Nxc3 Rxc3 e5 dxe5 Nxe5 Nxe5 Qxe5	D69	Gambit dame refusé : Défense Orthodox, Variante classique	Queen's Gambit Declined: Orthodox Defense, Classical Variation
e4 e5 Nf3 Nc6 Bb5 a6 Ba4 Nf6 O-O Be7 Re1 b5 Bb3 O-O c3 d5 exd5 Nxd5 Nxe5 Nxe5 Rxe5 c6 d4 Bd6 Re1 Qh4 g3 Qh3	C89	Partie espagnole (Ruy López) : Attaque Marshall, moderne ligne principale	Ruy Lopez: Marshall Attack, Modern Main Line
e4 e5 Nf3 Nc6 Bb5 a6 Ba4 Nf6 O-O Be7 Re1 b5 Bb3 d6 c3 O-O h3 Na5 Bc2 c5 d4 Qc7 Nbd2 Bd7 Nf1 Rfe8 Ne3 g6	C97	Partie espagnole (Ruy López) : Closed, Chigorin, Système Yugoslav	Ruy Lopez: Closed, Chigorin, Yugoslav System
d4 d5 c4 c6 Nc3 Nf6 Nf3 e6 e3 Nbd7 Bd3 dxc4 Bxc4 b5 Bd3 a6 e4 c5 e5 cxd4 Nxb5 Nxe5 Nxe5 axb5 O-O Qd5 Qe2 Ba6 Bg5	D49	Défense semi-slave : Variante Meran, Attaque Rellstab	Semi-Slav Defense: Meran Variation, Rellstab Attack
e4 e5 Nf3 Nc6 Bb5 a6 Ba4 Nf6 O-O Be7 Re1 b5 Bb3 O-O c3 d5 exd5 Nxd5 Nxe5 Nxe5 Rxe5 c6 d4 Bd6 Re1 Qh4 g3 Qh3 Be3 Bg4 Qd3 Rae8 Nd2 Re6 a4 Qh5	C89	Partie espagnole (Ruy López) : Attaque Marshall, ligne principale, Variante Spassky	Ruy Lopez: Marshall Attack, Main Line, Spassky Variation
